,image_path,bbox,page,doc_id
0,doc0_page0_0.jpeg,"(0.0, 0.0, 467.760009765625, 595.2000122070312)",0,0
1,doc0_page1_6.png,"(84.24800109863281, 447.7869567871094, 132.7449951171875, 496.2839660644531)",1,0
2,doc0_page9_8.png,"(37.176998138427734, 62.65498352050781, 220.77700805664062, 175.45498657226562)",9,0
3,doc0_page9_9.png,"(240.15599060058594, 61.83399200439453, 425.958984375, 176.64498901367188)",9,0
4,doc0_page11_5.png,"(22.917999267578125, 437.96197509765625, 127.31800079345703, 550.761962890625)",11,0
5,doc0_page13_8.png,"(22.909000396728516, 419.3099365234375, 158.50900268554688, 550.8299560546875)",13,0
6,doc0_page16_6.png,"(340.39801025390625, 395.34295654296875, 444.7980041503906, 550.8629760742188)",16,0
7,doc0_page18_5.png,"(131.29400634765625, 412.4859619140625, 393.85400390625, 550.7259521484375)",18,0
8,doc0_page20_4.png,"(308.9909973144531, 409.50897216796875, 430.4309997558594, 550.8689575195312)",20,0
9,doc0_page22_13.png,"(374.20001220703125, 496.0419921875, 430.84002685546875, 552.6820068359375)",22,0
10,doc0_page24_5.png,"(326.2250061035156, 415.343994140625, 430.625, 550.7039794921875)",24,0
11,doc0_page25_5.png,"(37.09199905395508, 62.689971923828125, 141.49200439453125, 197.80996704101562)",25,0
12,doc0_page27_5.png,"(37.125, 62.593963623046875, 212.3249969482422, 198.1939697265625)",27,0
13,doc0_page30_5.png,"(269.56500244140625, 62.528968811035156, 444.7650146484375, 161.40896606445312)",30,0
14,doc0_page32_5.png,"(340.39801025390625, 62.66197967529297, 444.7980041503906, 189.62197875976562)",32,0
15,doc0_page37_5.png,"(22.951000213623047, 435.59698486328125, 198.1510009765625, 550.7969970703125)",37,0
16,doc0_page39_6.png,"(22.951000213623047, 452.00897216796875, 198.1510009765625, 550.8889770507812)",39,0
17,doc0_page41_3.png,"(21.500999450683594, 62.585975646972656, 125.9010009765625, 185.46597290039062)",41,0
18,doc0_page43_6.png,"(21.11499786376953, 469.93695068359375, 103.19499969482422, 551.8329467773438)",43,0
19,doc0_page43_7.png,"(106.86799621582031, 455.7469787597656, 199.93798828125, 552.0789794921875)",43,0
20,doc0_page44_4.png,"(269.56500244140625, 62.892974853515625, 444.7650146484375, 192.73297119140625)",44,0
21,doc0_page48_4.png,"(326.2250061035156, 446.4139709472656, 430.625, 550.81396484375)",48,0
22,doc0_page48_6.png,"(326.2250061035156, 137.198974609375, 430.625, 241.59896850585938)",48,0
23,doc0_page51_5.png,"(22.951000213623047, 62.580963134765625, 198.1510009765625, 169.8609619140625)",51,0
24,doc0_page54_12.png,"(374.20001220703125, 494.38897705078125, 430.84002685546875, 551.0289916992188)",54,0
25,doc0_page55_7.png,"(22.917999267578125, 304.1939697265625, 127.31800079345703, 425.63397216796875)",55,0
26,doc0_page57_3.png,"(37.09199905395508, 62.64598083496094, 141.49200439453125, 198.72598266601562)",57,0
27,doc0_page57_4.png,"(37.09199905395508, 210.66796875, 141.49200439453125, 313.3879699707031)",57,0
28,doc0_page58_3.png,"(269.3500061035156, 62.59497833251953, 444.54998779296875, 162.19497680664062)",58,0
29,doc0_page62_10.png,"(339.3030090332031, 412.45697021484375, 445.801025390625, 551.9329833984375)",62,0
30,doc0_page63_3.png,"(22.951000213623047, 62.62598419189453, 198.1510009765625, 164.385986328125)",63,0
31,doc0_page64_3.png,"(269.56500244140625, 63.37298583984375, 444.7650146484375, 175.9329833984375)",64,0
32,doc0_page66_4.png,"(289.32000732421875, 383.40997314453125, 430.67999267578125, 548.2899780273438)",66,0
33,doc0_page68_4.png,"(326.2250061035156, 62.66197967529297, 430.625, 189.62197875976562)",68,0
34,doc0_page72_8.png,"(340.39801025390625, 427.95196533203125, 444.7980041503906, 550.8319702148438)",72,0
35,doc0_page75_6.png,"(37.11800003051758, 457.2359924316406, 198.15798950195312, 550.8359985351562)",75,0
36,doc0_page76_9.png,"(340.39801025390625, 62.585975646972656, 444.7980041503906, 185.46597290039062)",76,0
37,doc0_page79_3.png,"(23.397998809814453, 62.567970275878906, 198.83799743652344, 185.44796752929688)",79,0
38,doc0_page81_6.png,"(37.125, 427.0169982910156, 212.3249969482422, 550.8569946289062)",81,0
39,doc0_page84_3.png,"(326.2250061035156, 62.70597839355469, 430.625, 185.34597778320312)",84,0
40,doc0_page84_4.png,"(326.2250061035156, 227.2979736328125, 430.625, 350.177978515625)",84,0
41,doc0_page86_2.png,"(295.0350036621094, 62.62397766113281, 430.635009765625, 240.7039794921875)",86,0
42,doc0_page87_3.png,"(22.909000396728516, 62.59095764160156, 158.50900268554688, 243.55096435546875)",87,0
43,doc0_page88_4.png,"(326.2250061035156, 62.55497741699219, 430.625, 218.07498168945312)",88,0
44,doc0_page89_7.png,"(22.917999267578125, 62.6099853515625, 127.31800079345703, 181.16998291015625)",89,0
45,doc0_page96_4.png,"(269.56500244140625, 62.65498352050781, 444.7650146484375, 175.45498657226562)",96,0
46,doc0_page100_3.png,"(340.1579895019531, 62.421966552734375, 445.0379943847656, 189.86196899414062)",100,0
47,doc0_page100_7.png,"(340.39801025390625, 243.7939910888672, 444.7980041503906, 356.593994140625)",100,0
48,doc0_page100_9.png,"(340.0369873046875, 426.532958984375, 444.4369812011719, 550.8529663085938)",100,0
49,doc0_page108_13.png,"(374.20001220703125, 494.38897705078125, 430.84002685546875, 551.0289916992188)",108,0
50,doc0_page111_7.png,"(22.951000213623047, 62.59697723388672, 198.1510009765625, 152.83697509765625)",111,0
51,doc0_page117_5.png,"(22.863998413085938, 61.4119873046875, 164.2239990234375, 221.25198364257812)",117,0
52,doc0_page120_6.png,"(309.3280029296875, 367.8079833984375, 444.68798828125, 551.8599853515625)",120,0
53,doc0_page125_3.png,"(22.909000396728516, 398.3199768066406, 158.50900268554688, 550.719970703125)",125,0
54,doc0_page129_15.png,"(73.85499572753906, 63.264976501464844, 249.2949981689453, 178.94497680664062)",129,0
55,doc0_page129_17.png,"(295.09600830078125, 63.264976501464844, 407.89599609375, 178.94497680664062)",129,0
56,doc0_page130_12.png,"(269.56500244140625, 62.77197265625, 444.7650146484375, 164.77197265625)",130,0
57,doc0_page132_7.png,"(295.0350036621094, 62.5579833984375, 430.635009765625, 222.15798950195312)",132,0
58,doc0_page133_8.png,"(22.951000213623047, 62.59696960449219, 198.1510009765625, 189.79696655273438)",133,0
59,doc0_page137_6.png,"(37.15399932861328, 62.62596893310547, 223.87399291992188, 164.14596557617188)",137,0
60,doc0_page137_7.png,"(238.17298889160156, 62.62596893310547, 424.89300537109375, 164.14596557617188)",137,0
61,doc0_page138_3.png,"(252.53500366210938, 266.1099853515625, 430.614990234375, 364.75)",138,0
62,doc0_page141_11.png,"(37.082000732421875, 62.574981689453125, 172.6820068359375, 260.5749816894531)",141,0
63,doc0_page143_3.png,"(37.09199905395508, 426.67596435546875, 141.49200439453125, 547.8759765625)",143,0
64,doc0_page147_4.png,"(37.082000732421875, 217.36798095703125, 172.6820068359375, 307.60797119140625)",147,0
65,doc0_page148_3.png,"(252.53500366210938, 62.58697509765625, 430.614990234375, 184.0269775390625)",148,0
66,doc0_page149_6.png,"(22.926998138427734, 438.6709899902344, 198.4250030517578, 549.5989990234375)",149,0
67,doc0_page153_6.png,"(37.082000732421875, 62.59698486328125, 172.6820068359375, 267.3169860839844)",153,0
68,doc0_page154_6.png,"(309.2080078125, 62.6099853515625, 444.8080139160156, 181.16998291015625)",154,0
69,doc0_page155_6.png,"(23.03799819946289, 131.26898193359375, 127.197998046875, 252.708984375)",155,0
70,doc0_page155_8.png,"(22.917999267578125, 288.10595703125, 127.31800079345703, 409.54595947265625)",155,0
71,doc0_page156_7.png,"(326.2250061035156, 432.24798583984375, 430.625, 550.8079833984375)",156,0
72,doc0_page157_6.png,"(23.167999267578125, 62.574981689453125, 127.56800079345703, 260.5749816894531)",157,0
73,doc0_page158_8.png,"(340.39801025390625, 62.585975646972656, 444.7980041503906, 185.46597290039062)",158,0
74,doc0_page159_10.png,"(36.87699890136719, 494.38897705078125, 93.51699829101562, 551.0289916992188)",159,0
75,doc0_page161_3.png,"(22.909000396728516, 63.85198974609375, 158.50900268554688, 273.85198974609375)",161,0
76,doc0_page163_5.png,"(22.909000396728516, 62.61296081542969, 158.50900268554688, 229.4129638671875)",163,0
77,doc0_page164_5.png,"(340.39801025390625, 257.47296142578125, 444.7980041503906, 376.032958984375)",164,0
78,doc0_page164_7.png,"(340.39801025390625, 432.24798583984375, 444.7980041503906, 550.8079833984375)",164,0
79,doc0_page165_3.png,"(22.917999267578125, 62.58697509765625, 127.31800079345703, 184.0269775390625)",165,0
80,doc0_page165_5.png,"(23.218997955322266, 237.01995849609375, 127.37899780273438, 358.4599609375)",165,0
81,doc0_page165_7.png,"(23.0989990234375, 426.8389892578125, 127.4990005493164, 548.2789916992188)",165,0
82,doc0_page167_7.png,"(22.888999938964844, 62.95298767089844, 127.52899932861328, 216.31298828125)",167,0
83,doc0_page170_3.png,"(309.2080078125, 62.658966064453125, 444.8080139160156, 234.97897338867188)",170,0
84,doc0_page171_7.png,"(22.917999267578125, 253.22799682617188, 127.31800079345703, 414.50799560546875)",171,0
85,doc0_page173_6.png,"(22.917999267578125, 62.6099853515625, 127.31800079345703, 181.16998291015625)",173,0
86,doc0_page173_8.png,"(22.917999267578125, 227.01898193359375, 127.31800079345703, 345.5789794921875)",173,0
87,doc0_page175_3.png,"(37.09199905395508, 62.564979553222656, 141.49200439453125, 186.88497924804688)",175,0
88,doc0_page175_5.png,"(37.27199935913086, 229.9129638671875, 141.6719970703125, 371.032958984375)",175,0
89,doc0_page177_4.png,"(37.125, 62.91197967529297, 212.3249969482422, 153.1519775390625)",177,0
90,doc0_page177_5.png,"(249.72299194335938, 62.686981201171875, 424.9229736328125, 141.406982421875)",177,0
91,doc0_page179_5.png,"(22.917999267578125, 427.95196533203125, 127.31800079345703, 550.8319702148438)",179,0
92,doc0_page180_5.png,"(269.56500244140625, 62.61598205566406, 444.7650146484375, 183.81597900390625)",180,0
93,doc0_page181_5.png,"(22.917999267578125, 62.322967529296875, 127.31800079345703, 163.60296630859375)",181,0
94,doc0_page181_7.png,"(22.917999267578125, 235.77496337890625, 127.31800079345703, 358.65496826171875)",181,0
95,doc0_page181_9.png,"(21.839000701904297, 423.73797607421875, 128.3979949951172, 548.7539672851562)",181,0
96,doc0_page183_3.png,"(22.917999267578125, 236.17398071289062, 127.31800079345703, 377.2939758300781)",183,0
97,doc0_page183_5.png,"(22.917999267578125, 446.9729919433594, 127.31800079345703, 549.4530029296875)",183,0
98,doc0_page183_7.png,"(22.917999267578125, 62.616973876953125, 127.31800079345703, 195.33697509765625)",183,0
99,doc0_page184_5.png,"(323.4939880371094, 62.62596893310547, 444.6939697265625, 164.14596557617188)",184,0
100,doc0_page184_7.png,"(323.4949951171875, 246.79696655273438, 444.69500732421875, 388.636962890625)",184,0
101,doc0_page185_4.png,"(22.917999267578125, 427.927978515625, 127.31800079345703, 550.8079833984375)",185,0
102,doc0_page185_6.png,"(22.917999267578125, 235.33596801757812, 127.31800079345703, 358.2159729003906)",185,0
103,doc0_page185_8.png,"(22.917999267578125, 62.585975646972656, 127.31800079345703, 185.46597290039062)",185,0
104,doc0_page187_11.png,"(36.87699890136719, 494.38897705078125, 93.51699829101562, 551.0289916992188)",187,0
105,doc0_page189_4.png,"(22.902000427246094, 446.22894287109375, 144.34201049804688, 550.8689575195312)",189,0
106,doc0_page192_3.png,"(309.2080078125, 435.4110107421875, 444.8080139160156, 548.2109985351562)",192,0
107,doc0_page193_3.png,"(22.951000213623047, 62.582969665527344, 198.1510009765625, 170.10296630859375)",193,0
108,doc0_page197_3.png,"(22.951000213623047, 441.7900085449219, 198.1510009765625, 550.75)",197,0
109,doc0_page199_3.png,"(73.97500610351562, 449.2720031738281, 249.1750030517578, 550.7919921875)",199,0
110,doc0_page199_5.png,"(289.3659973144531, 449.0320129394531, 424.96600341796875, 550.552001953125)",199,0
111,doc0_page202_3.png,"(269.56500244140625, 62.6099853515625, 444.7650146484375, 181.16998291015625)",202,0
112,doc0_page203_4.png,"(23.20199966430664, 62.585975646972656, 127.60200500488281, 185.46597290039062)",203,0
113,doc0_page203_6.png,"(23.20199966430664, 219.7569580078125, 127.60200500488281, 342.636962890625)",203,0
114,doc0_page203_8.png,"(22.961997985839844, 401.57098388671875, 127.84199523925781, 548.9309692382812)",203,0
115,doc0_page207_8.png,"(22.909000396728516, 62.63898468017578, 158.50900268554688, 179.51898193359375)",207,0
116,doc0_page208_5.png,"(252.53500366210938, 218.74697875976562, 430.614990234375, 335.14697265625)",208,0
117,doc0_page210_11.png,"(326.2250061035156, 154.42698669433594, 430.625, 321.22698974609375)",210,0
118,doc0_page213_8.png,"(22.909000396728516, 391.2599792480469, 158.50900268554688, 550.8599853515625)",213,0
119,doc0_page217_3.png,"(22.73699951171875, 62.6209716796875, 197.93699645996094, 172.78097534179688)",217,0
120,doc0_page218_6.png,"(269.2309875488281, 62.705963134765625, 444.6709899902344, 184.14596557617188)",218,0
121,doc0_page221_5.png,"(22.951000213623047, 62.64897155761719, 198.1510009765625, 161.28897094726562)",221,0
122,doc0_page222_5.png,"(340.39801025390625, 62.645965576171875, 444.7980041503906, 206.64596557617188)",222,0
123,doc0_page223_3.png,"(22.951000213623047, 62.64897155761719, 198.1510009765625, 161.28897094726562)",223,0
124,doc0_page224_9.png,"(309.3280029296875, 62.64198303222656, 444.68798828125, 246.00198364257812)",224,0
125,doc0_page228_2.png,"(323.375, 62.519989013671875, 444.81500244140625, 232.91998291015625)",228,0
126,doc0_page230_5.png,"(340.39801025390625, 427.95196533203125, 444.7980041503906, 550.8319702148438)",230,0
127,doc0_page232_3.png,"(340.39801025390625, 422.30096435546875, 444.7980041503906, 548.5409545898438)",232,0
128,doc0_page233_13.png,"(36.87699890136719, 494.38897705078125, 93.51699829101562, 551.0289916992188)",233,0
129,doc1_page0_0.png,"(4.0, 359.0, 195.0, 552.0)",0,1
130,doc1_page0_1.png,"(5.0, 362.0, 193.0, 550.0)",0,1
131,doc1_page1_4.png,"(115.69398498535156, 461.4749450683594, 182.25836181640625, 528.039306640625)",1,1
132,doc1_page2_9.png,"(125.06219482421875, 549.2354736328125, 184.85098266601562, 609.0242919921875)",2,1
133,doc1_page4_11.png,"(24.068653106689453, 572.5390625, 89.90425109863281, 638.3746337890625)",4,1
134,doc1_page4_12.png,"(79.0, 20.0, 95.0, 51.0)",4,1
135,doc1_page5_10.png,"(359.527587890625, 28.3465576171875, 533.5180053710938, 172.28900146484375)",5,1
136,doc1_page6_12.png,"(341.33563232421875, 39.4647216796875, 522.5856323242188, 192.7147216796875)",6,1
137,doc1_page8_8.png,"(22.54607391357422, 383.1131591796875, 89.17487335205078, 449.741943359375)",8,1
138,doc1_page10_12.png,"(22.54607391357422, 612.8252563476562, 89.17487335205078, 679.4540405273438)",10,1
139,doc1_page10_13.png,"(21.9234561920166, 427.6429138183594, 221.97096252441406, 569.6779174804688)",10,1
140,doc1_page11_0.png,"(116.0, 340.0, 462.0, 526.0)",11,1
141,doc1_page11_7.png,"(317.0, 560.0, 347.0, 568.0)",11,1
142,doc1_page14_8.png,"(13.75521469116211, 22.87518310546875, 220.5329132080078, 192.4998779296875)",14,1
143,doc1_page16_12.png,"(66.0, 81.0, 97.0, 110.0)",16,1
144,doc1_page16_13.png,"(73.0, 81.0, 156.0, 163.0)",16,1
145,doc1_page16_14.png,"(77.0, 84.0, 159.0, 162.0)",16,1
146,doc1_page16_15.png,"(91.0, 99.0, 141.0, 143.0)",16,1
147,doc1_page16_16.png,"(101.0, 108.0, 129.0, 133.0)",16,1
148,doc1_page16_17.png,"(75.0, 114.0, 92.0, 137.0)",16,1
149,doc1_page16_18.png,"(78.0, 93.0, 99.0, 115.0)",16,1
150,doc1_page16_19.png,"(94.0, 82.0, 117.0, 101.0)",16,1
151,doc1_page16_20.png,"(115.0, 82.0, 138.0, 102.0)",16,1
152,doc1_page16_21.png,"(132.0, 96.0, 152.0, 118.0)",16,1
153,doc1_page16_22.png,"(135.0, 118.0, 153.0, 139.0)",16,1
154,doc1_page16_23.png,"(123.0, 137.0, 145.0, 156.0)",16,1
155,doc1_page16_24.png,"(102.0, 143.0, 125.0, 159.0)",16,1
156,doc1_page16_25.png,"(82.0, 134.0, 104.0, 154.0)",16,1
157,doc1_page18_0.png,"(291.0, 358.0, 428.0, 450.0)",18,1
158,doc1_page18_1.png,"(39.0, 430.0, 292.0, 508.0)",18,1
159,doc1_page18_5.png,"(421.0, 319.0, 453.0, 329.0)",18,1
160,doc1_page19_5.png,"(346.3782958984375, 307.4902648925781, 558.0831298828125, 575.2066650390625)",19,1
161,doc1_page21_14.png,"(349.9190673828125, 572.5390625, 415.7546691894531, 638.3746337890625)",21,1
162,doc1_page21_15.png,"(263.15020751953125, 21.877777099609375, 545.3261108398438, 167.60809326171875)",21,1
163,doc1_page24_5.png,"(22.677162170410156, 319.3702087402344, 219.40158081054688, 543.6287841796875)",24,1
164,doc1_page24_13.png,"(22.54607391357422, 612.7194213867188, 89.17487335205078, 679.3482055664062)",24,1
165,doc1_page24_14.png,"(21.9000244140625, 21.904006958007812, 313.49176025390625, 167.29376220703125)",24,1
166,doc1_page26_3.png,"(22.950538635253906, 22.95068359375, 219.128173828125, 287.6921081542969)",26,1
167,doc1_page26_12.png,"(244.90818786621094, 492.74737548828125, 521.330078125, 642.75341796875)",26,1
168,doc1_page27_1.png,"(186.0, 401.0, 427.0, 485.0)",27,1
169,doc1_page27_14.png,"(407.0, 263.0, 441.0, 273.0)",27,1
170,doc1_page28_13.png,"(297.3175048828125, 21.903488159179688, 545.0227661132812, 157.6903076171875)",28,1
171,doc1_page28_15.png,"(21.871667861938477, 21.589767456054688, 274.1510925292969, 156.9073486328125)",28,1
172,doc1_page29_9.png,"(21.57648468017578, 21.628982543945312, 278.80926513671875, 156.9364013671875)",29,1
173,doc1_page29_11.png,"(302.21142578125, 21.67132568359375, 545.2840576171875, 156.9805908203125)",29,1
174,doc1_page30_22.png,"(22.54607391357422, 612.7194213867188, 89.17487335205078, 679.3482055664062)",30,1
175,doc1_page32_9.png,"(21.637929916381836, 21.59356689453125, 271.2157287597656, 164.965576171875)",32,1
176,doc1_page32_11.png,"(295.45855712890625, 21.917922973632812, 545.0078735351562, 165.2503662109375)",32,1
177,doc1_page32_13.png,"(44.97362518310547, 216.7681427001953, 193.94882202148438, 441.9565124511719)",32,1
178,doc1_page33_7.png,"(366.4252014160156, 212.40960693359375, 516.4251708984375, 353.90960693359375)",33,1
179,doc1_page33_9.png,"(21.88323211669922, 21.64727783203125, 271.536865234375, 164.93890380859375)",33,1
180,doc1_page33_11.png,"(297.99420166015625, 21.854232788085938, 547.6243896484375, 165.2418212890625)",33,1
181,doc1_page33_14.png,"(347.396484375, 614.5260620117188, 414.0252685546875, 681.1548461914062)",33,1
182,doc1_page36_20.png,"(21.892858505249023, 21.866500854492188, 282.8804931640625, 197.3912353515625)",36,1
183,doc1_page36_24.png,"(309.6671142578125, 62.826026916503906, 375.5027160644531, 128.66162109375)",36,1
184,doc1_page37_6.png,"(44.4800910949707, 21.841461181640625, 239.9724578857422, 154.00531005859375)",37,1
185,doc1_page38_12.png,"(243.900390625, 520.5040893554688, 522.61279296875, 641.7396240234375)",38,1
186,doc1_page38_14.png,"(22.54607391357422, 614.6091918945312, 89.17487335205078, 681.2379760742188)",38,1
187,doc1_page38_16.png,"(134.0, 74.0, 160.0, 107.0)",38,1
188,doc1_page38_17.png,"(91.0, 64.0, 95.0, 67.0)",38,1
189,doc1_page38_18.png,"(93.0, 64.0, 96.0, 66.0)",38,1
190,doc1_page39_8.png,"(395.65008544921875, 41.457733154296875, 545.310791015625, 309.2662353515625)",39,1
191,doc1_page39_9.png,"(379.99810791015625, 315.70166015625, 560.2191162109375, 574.1841430664062)",39,1
192,doc1_page40_5.png,"(21.723108291625977, 22.342727661132812, 260.2275695800781, 173.8583984375)",40,1
193,doc1_page40_6.png,"(284.1055603027344, 22.677322387695312, 522.3853759765625, 173.200439453125)",40,1
194,doc1_page42_16.png,"(25.068653106689453, 343.50360107421875, 90.90425109863281, 409.3392028808594)",42,1
195,doc1_page43_4.png,"(371.76947021484375, 616.0801391601562, 437.6050720214844, 681.9157104492188)",43,1
196,doc1_page43_6.png,"(198.85606384277344, 616.0801391601562, 264.691650390625, 681.9157104492188)",43,1
197,doc1_page43_8.png,"(22.942672729492188, 616.0801391601562, 88.77826690673828, 681.9157104492188)",43,1
198,doc1_page44_1.png,"(68.582763671875, 76.53558349609375, 521.9593505859375, 715.507568359375)",44,1
199,doc1_page45_8.png,"(44.48551559448242, 484.84967041015625, 322.77703857421875, 660.7894897460938)",45,1
200,doc1_page46_15.png,"(22.54607391357422, 610.1682739257812, 89.17487335205078, 676.7970581054688)",46,1
201,doc1_page47_0.png,"(303.0, 417.0, 545.0, 547.0)",47,1
202,doc1_page47_10.png,"(29.0, 237.0, 59.0, 245.0)",47,1
203,doc1_page47_15.png,"(22.677162170410156, 286.0484924316406, 118.91834259033203, 386.9911193847656)",47,1
204,doc1_page47_16.png,"(22.677165985107422, 445.3592834472656, 128.87432861328125, 548.23779296875)",47,1
205,doc1_page49_3.png,"(21.595521926879883, 303.3778381347656, 220.2250518798828, 571.9309692382812)",49,1
206,doc1_page51_1.png,"(371.27215576171875, 228.5491943359375, 508.091064453125, 362.9607238769531)",51,1
207,doc1_page51_13.png,"(349.9190673828125, 574.6961059570312, 415.7546691894531, 640.5316772460938)",51,1
208,doc1_page53_13.png,"(349.9190673828125, 574.6961059570312, 415.7546691894531, 640.5316772460938)",53,1
209,doc1_page54_10.png,"(14.696525573730469, 275.2093505859375, 227.51937866210938, 414.4873352050781)",54,1
210,doc1_page55_13.png,"(350.6221923828125, 21.604965209960938, 531.9901733398438, 268.0753479003906)",55,1
211,doc1_page58_14.png,"(25.068653106689453, 440.8259582519531, 90.90425109863281, 506.66156005859375)",58,1
212,doc1_page59_12.png,"(349.9190673828125, 230.99923706054688, 415.7546691894531, 296.8348388671875)",59,1
213,doc1_page59_13.png,"(347.7465515136719, 386.5318603515625, 507.18255615234375, 633.04443359375)",59,1
214,doc1_page63_8.png,"(347.7458190917969, 41.782737731933594, 545.330078125, 141.50982666015625)",63,1
215,doc1_page64_9.png,"(244.13124084472656, 459.7941589355469, 545.3396606445312, 610.1240844726562)",64,1
216,doc1_page66_15.png,"(423.9702453613281, 101.6249771118164, 560.985595703125, 213.4742431640625)",66,1
217,doc1_page66_17.png,"(369.7901611328125, 611.2054443359375, 436.4189453125, 677.834228515625)",66,1
218,doc1_page67_10.png,"(372.6406555175781, 289.70782470703125, 523.8406372070312, 428.09783935546875)",67,1
219,doc1_page68_11.png,"(22.677139282226562, 42.519775390625, 219.40151977539062, 324.42138671875)",68,1
220,doc1_page71_1.png,"(235.27557373046875, 11.33868408203125, 558.507568359375, 238.33642578125)",71,1
221,doc1_page74_4.png,"(284.4093933105469, 23.140182495117188, 521.57470703125, 204.92742919921875)",74,1
222,doc1_page74_7.png,"(11.33856201171875, 544.5233154296875, 232.31800842285156, 667.3985595703125)",74,1
223,doc1_page76_0.png,"(302.119140625, 384.42010498046875, 337.460693359375, 412.99017333984375)",76,1
224,doc1_page76_7.png,"(418.4388427734375, 361.1133117675781, 540.2835083007812, 630.8800659179688)",76,1
225,doc1_page77_4.png,"(337.9119567871094, 328.2194519042969, 553.6719360351562, 594.3794555664062)",77,1
226,doc1_page78_7.png,"(41.38235092163086, 308.5021057128906, 184.10455322265625, 624.7261352539062)",78,1
227,doc1_page80_12.png,"(97.0, 73.0, 125.0, 114.0)",80,1
228,doc1_page80_13.png,"(117.0, 96.0, 184.0, 120.0)",80,1
229,doc1_page80_14.png,"(195.0, 115.0, 203.0, 130.0)",80,1
230,doc1_page80_15.png,"(133.0, 72.0, 152.0, 83.0)",80,1
231,doc1_page80_16.png,"(159.0, 90.0, 180.0, 110.0)",80,1
232,doc1_page80_17.png,"(183.0, 114.0, 191.0, 123.0)",80,1
233,doc1_page80_18.png,"(188.0, 123.0, 196.0, 127.0)",80,1
234,doc1_page80_19.png,"(172.0, 114.0, 178.0, 120.0)",80,1
235,doc1_page80_20.png,"(173.0, 124.0, 179.0, 130.0)",80,1
236,doc1_page80_21.png,"(168.0, 120.0, 174.0, 125.0)",80,1
237,doc1_page80_22.png,"(168.0, 118.0, 178.0, 127.0)",80,1
238,doc1_page80_23.png,"(161.0, 119.0, 166.0, 124.0)",80,1
239,doc1_page80_24.png,"(162.0, 118.0, 166.0, 122.0)",80,1
240,doc1_page80_25.png,"(161.0, 123.0, 166.0, 128.0)",80,1
241,doc1_page80_26.png,"(162.0, 122.0, 166.0, 127.0)",80,1
242,doc1_page80_27.png,"(160.0, 120.0, 163.0, 127.0)",80,1
243,doc1_page80_28.png,"(165.0, 118.0, 169.0, 127.0)",80,1
244,doc1_page81_1.png,"(346.73016357421875, 600.06103515625, 545.34423828125, 642.827880859375)",81,1
245,doc1_page81_2.png,"(346.4505615234375, 550.167236328125, 545.2881469726562, 598.024658203125)",81,1
246,doc1_page82_13.png,"(31.181947708129883, 41.48185729980469, 220.4785919189453, 262.32794189453125)",82,1
247,doc1_page84_12.png,"(21.67277717590332, 195.44638061523438, 220.11451721191406, 490.3469543457031)",84,1
248,doc1_page85_12.png,"(349.9190673828125, 568.7147216796875, 415.7546691894531, 634.55029296875)",85,1
249,doc1_page85_14.png,"(347.79376220703125, 307.82537841796875, 543.9857788085938, 476.0054931640625)",85,1
250,doc1_page86_22.png,"(22.54607391357422, 42.38871765136719, 89.17487335205078, 109.01751708984375)",86,1
251,doc1_page87_8.png,"(371.76947021484375, 616.0801391601562, 437.6050720214844, 681.9157104492188)",87,1
252,doc1_page87_10.png,"(198.85606384277344, 616.0801391601562, 264.691650390625, 681.9157104492188)",87,1
253,doc1_page87_12.png,"(22.942672729492188, 616.0801391601562, 88.77826690673828, 681.9157104492188)",87,1
254,doc1_page87_13.png,"(21.842458724975586, 21.899978637695312, 248.86463928222656, 179.087646484375)",87,1
255,doc1_page88_2.png,"(70.15936279296875, 76.53558349609375, 521.9593505859375, 714.4105834960938)",88,1
256,doc1_page89_10.png,"(477.0, 168.0, 490.0, 188.0)",89,1
257,doc1_page89_11.png,"(424.0, 161.0, 444.0, 174.0)",89,1
258,doc1_page89_12.png,"(389.0, 137.0, 407.0, 152.0)",89,1
259,doc1_page89_13.png,"(392.0, 125.0, 417.0, 181.0)",89,1
260,doc1_page89_14.png,"(393.0, 128.0, 414.0, 166.0)",89,1
261,doc1_page89_15.png,"(396.0, 132.0, 412.0, 147.0)",89,1
262,doc1_page89_16.png,"(397.0, 147.0, 407.0, 156.0)",89,1
263,doc1_page89_17.png,"(398.0, 157.0, 404.0, 163.0)",89,1
264,doc1_page89_18.png,"(486.0, 89.0, 501.0, 106.0)",89,1
265,doc1_page89_19.png,"(488.0, 91.0, 498.0, 106.0)",89,1
266,doc1_page89_20.png,"(469.0, 93.0, 480.0, 110.0)",89,1
267,doc1_page89_21.png,"(472.0, 96.0, 478.0, 108.0)",89,1
268,doc1_page91_7.png,"(443.367431640625, 75.46258544921875, 544.8424072265625, 263.2325744628906)",91,1
269,doc1_page91_9.png,"(441.6485290527344, 546.420654296875, 555.247314453125, 647.053955078125)",91,1
270,doc1_page91_10.png,"(442.95245361328125, 442.32879638671875, 544.4903564453125, 545.9019775390625)",91,1
271,doc1_page93_7.png,"(347.93829345703125, 43.930572509765625, 543.8411865234375, 311.30169677734375)",93,1
272,doc1_page93_8.png,"(348.09210205078125, 355.06414794921875, 543.6875, 652.7417602539062)",93,1
273,doc1_page95_8.png,"(47.745819091796875, 62.826026916503906, 113.58141326904297, 128.66162109375)",95,1
274,doc1_page99_8.png,"(391.0299072265625, 42.51976013183594, 487.0299072265625, 194.67974853515625)",99,1
275,doc1_page102_10.png,"(95.6648178100586, 94.9063720703125, 98.3328628540039, 102.5770034790039)",102,1
276,doc1_page102_11.png,"(124.93045806884766, 84.76318359375, 143.60678100585938, 100.7714614868164)",102,1
277,doc1_page102_12.png,"(123.23826599121094, 80.4937744140625, 140.58056640625, 92.49998474121094)",102,1
278,doc1_page102_13.png,"(138.31939697265625, 84.95391845703125, 143.65548706054688, 97.62713623046875)",102,1
279,doc1_page102_14.png,"(96.2811050415039, 100.73541259765625, 110.95536041259766, 107.7390365600586)",102,1
280,doc1_page102_15.png,"(99.95811462402344, 80.5091552734375, 109.29627990722656, 101.52001953125)",102,1
281,doc1_page102_16.png,"(145.4381561279297, 59.658447265625, 148.106201171875, 62.993507385253906)",102,1
282,doc1_page102_17.png,"(123.18396759033203, 56.59844970703125, 129.8540802001953, 69.27166748046875)",102,1
283,doc1_page102_18.png,"(113.4629135131836, 47.10040283203125, 118.79900360107422, 53.7705192565918)",102,1
284,doc1_page102_19.png,"(110.37047576904297, 55.279541015625, 125.04473114013672, 73.28884887695312)",102,1
285,doc1_page102_20.png,"(115.74886322021484, 73.60394287109375, 149.0994415283203, 86.94417572021484)",102,1
286,doc1_page103_67.png,"(21.89641571044922, 447.53753662109375, 291.8724670410156, 619.4444580078125)",103,1
287,doc1_page105_1.png,"(21.530696868896484, 21.92083740234375, 323.16217041015625, 171.27056884765625)",105,1
288,doc1_page106_5.png,"(45.60432434082031, 321.98236083984375, 192.80833435058594, 470.53570556640625)",106,1
289,doc1_page107_2.png,"(439.939697265625, 437.86981201171875, 553.1956787109375, 548.3801879882812)",107,1
290,doc1_page107_3.png,"(434.1559143066406, 548.444580078125, 552.9559326171875, 664.724609375)",107,1
291,doc1_page107_4.png,"(21.308380126953125, 582.1187133789062, 365.47222900390625, 679.9185791015625)",107,1
292,doc1_page108_10.png,"(22.54607391357422, 580.0265502929688, 89.17487335205078, 646.6553344726562)",108,1
293,doc1_page110_8.png,"(25.068653106689453, 327.3554992675781, 90.90425109863281, 393.19110107421875)",110,1
294,doc1_page110_9.png,"(22.923904418945312, 461.68597412109375, 219.4015655517578, 616.7191162109375)",110,1
295,doc1_page113_4.png,"(373.5398254394531, 491.35125732421875, 512.4033813476562, 630.2147827148438)",113,1
296,doc1_page115_2.png,"(371.76947021484375, 616.0801391601562, 437.6050720214844, 681.9157104492188)",115,1
297,doc1_page115_4.png,"(198.85606384277344, 616.0801391601562, 264.691650390625, 681.9157104492188)",115,1
298,doc1_page115_6.png,"(22.942672729492188, 616.0801391601562, 88.77826690673828, 681.9157104492188)",115,1
299,doc1_page115_11.png,"(368.9790954589844, 43.811920166015625, 544.09375, 300.6682434082031)",115,1
300,doc1_page116_2.png,"(68.582763671875, 76.53558349609375, 521.9593505859375, 715.507568359375)",116,1
301,doc1_page117_10.png,"(468.0, 129.0, 502.0, 149.0)",117,1
302,doc1_page118_1.png,"(35.23564147949219, 510.1612854003906, 148.1484375, 636.2117309570312)",118,1
303,doc1_page118_34.png,"(370.4881896972656, 240.33409118652344, 515.86328125, 436.1506652832031)",118,1
304,doc1_page119_11.png,"(353.0, 591.0, 364.0, 597.0)",119,1
305,doc1_page119_12.png,"(353.0, 607.0, 364.0, 613.0)",119,1
306,doc1_page119_17.png,"(430.0, 397.0, 517.0, 418.0)",119,1
307,doc1_page119_18.png,"(433.0, 425.0, 518.0, 440.0)",119,1
308,doc1_page119_19.png,"(375.0, 376.0, 428.0, 412.0)",119,1
309,doc1_page119_20.png,"(503.0, 415.0, 517.0, 421.0)",119,1
310,doc1_page120_5.png,"(22.131736755371094, 434.83575439453125, 219.85873413085938, 641.7900390625)",120,1
311,doc1_page121_4.png,"(346.72528076171875, 383.7841491699219, 545.8494873046875, 679.7208251953125)",121,1
312,doc1_page122_55.png,"(394.4361572265625, 327.5726623535156, 514.421142578125, 533.1969604492188)",122,1
313,doc1_page125_6.png,"(347.7775573730469, 403.1505432128906, 544.001953125, 653.2139892578125)",125,1
314,doc1_page127_12.png,"(347.5275573730469, 381.4571228027344, 508.203857421875, 622.4715576171875)",127,1
315,doc1_page129_17.png,"(128.0, 454.0, 142.0, 462.0)",129,1
316,doc1_page129_27.png,"(231.0, 580.0, 245.0, 588.0)",129,1
317,doc1_page129_29.png,"(394.0, 124.0, 543.0, 136.0)",129,1
318,doc1_page129_30.png,"(347.0, 124.0, 400.0, 136.0)",129,1
319,doc1_page129_31.png,"(492.0, 83.0, 498.0, 116.0)",129,1
320,doc1_page130_6.png,"(22.90618133544922, 326.1319580078125, 202.64773559570312, 549.7606201171875)",130,1
321,doc1_page130_9.png,"(22.677227020263672, 615.3657836914062, 87.87406921386719, 680.5626220703125)",130,1
322,doc1_page130_10.png,"(21.86286735534668, 41.70941162109375, 203.6648406982422, 268.1851806640625)",130,1
323,doc1_page131_11.png,"(22.895416259765625, 21.822280883789062, 544.03369140625, 239.72323608398438)",131,1
324,doc1_page132_2.png,"(42.14330291748047, 302.65032958984375, 216.94329833984375, 467.9503173828125)",132,1
325,doc1_page135_11.png,"(347.5275573730469, 614.23193359375, 414.1563720703125, 680.8607177734375)",135,1
326,doc1_page135_14.png,"(388.0855407714844, 86.555908203125, 416.0253601074219, 117.38606262207031)",135,1
327,doc1_page135_15.png,"(478.09869384765625, 83.34149169921875, 506.03851318359375, 114.17164611816406)",135,1
328,doc1_page135_16.png,"(397.90704345703125, 46.547855377197266, 422.95654296875, 75.93284606933594)",135,1
329,doc1_page135_17.png,"(413.6737060546875, 45.63720703125, 436.79632568359375, 70.68670654296875)",135,1
330,doc1_page135_18.png,"(450.8869323730469, 82.9503173828125, 466.302001953125, 103.6643295288086)",135,1
331,doc1_page135_19.png,"(466.2133483886719, 37.1162109375, 493.1897277832031, 48.19580078125)",135,1
332,doc1_page135_20.png,"(429.49346923828125, 104.19390869140625, 436.2375793457031, 105.63906860351562)",135,1
333,doc1_page135_21.png,"(459.30975341796875, 84.50531005859375, 465.09039306640625, 93.1762924194336)",135,1
334,doc1_page135_22.png,"(460.85675048828125, 89.662841796875, 464.71051025390625, 99.53812408447266)",135,1
335,doc1_page135_23.png,"(442.26416015625, 73.34954833984375, 447.08135986328125, 75.51729583740234)",135,1
336,doc1_page135_24.png,"(429.7447509765625, 78.68035888671875, 441.3060607910156, 83.97929382324219)",135,1
337,doc1_page135_25.png,"(416.5456237792969, 83.95355224609375, 424.253173828125, 90.93850708007812)",135,1
338,doc1_page135_26.png,"(429.9654235839844, 96.94256591796875, 449.2342834472656, 98.86945343017578)",135,1
339,doc1_page135_27.png,"(440.5746765136719, 78.650146484375, 454.0628662109375, 86.83940887451172)",135,1
340,doc1_page135_28.png,"(438.7100830078125, 66.75714111328125, 442.5638427734375, 75.18726348876953)",135,1
341,doc1_page135_29.png,"(418.0433654785156, 83.20306396484375, 430.568115234375, 88.74285888671875)",135,1
342,doc1_page135_30.png,"(432.1785583496094, 99.539794921875, 436.9957580566406, 103.6344223022461)",135,1
343,doc1_page135_31.png,"(449.1781311035156, 103.60284423828125, 462.66632080078125, 106.7340316772461)",135,1
344,doc1_page135_32.png,"(446.5903625488281, 99.75946044921875, 450.4441223144531, 102.40892791748047)",135,1
345,doc1_page137_3.png,"(346.7119445800781, 476.2205810546875, 544.251953125, 662.7179565429688)",137,1
346,doc1_page137_7.png,"(347.5275573730469, 22.55108642578125, 543.8794555664062, 293.26605224609375)",137,1
347,doc1_page138_9.png,"(49.65819549560547, 15.023727416992188, 187.093994140625, 186.784423828125)",138,1
348,doc1_page141_18.png,"(401.0, 75.0, 405.0, 81.0)",141,1
349,doc1_page141_19.png,"(450.0, 62.0, 453.0, 70.0)",141,1
350,doc1_page141_20.png,"(430.0, 68.0, 437.0, 81.0)",141,1
351,doc1_page141_21.png,"(438.0, 58.0, 441.0, 67.0)",141,1
352,doc1_page141_22.png,"(438.0, 59.0, 440.0, 67.0)",141,1
353,doc1_page141_23.png,"(413.0, 68.0, 472.0, 120.0)",141,1
354,doc1_page141_24.png,"(416.0, 68.0, 467.0, 84.0)",141,1
355,doc1_page141_25.png,"(447.0, 70.0, 472.0, 120.0)",141,1
356,doc1_page141_26.png,"(453.0, 97.0, 455.0, 105.0)",141,1
357,doc1_page141_27.png,"(453.0, 98.0, 455.0, 105.0)",141,1
358,doc1_page141_28.png,"(450.8476867675781, 65.63092041015625, 454.7231750488281, 71.12120819091797)",141,1
359,doc1_page141_29.png,"(443.2520446777344, 92.88720703125, 448.41937255859375, 101.6070785522461)",141,1
360,doc1_page141_30.png,"(466.46990966796875, 48.15863037109375, 476.8045654296875, 56.23258590698242)",141,1
361,doc1_page141_31.png,"(472.18505859375, 51.0391845703125, 477.3523864746094, 58.144264221191406)",141,1
362,doc1_page141_32.png,"(464.07098388671875, 43.84515380859375, 470.5301513671875, 47.72065353393555)",141,1
363,doc1_page141_33.png,"(470.39715576171875, 62.27825927734375, 474.27264404296875, 66.79967498779297)",141,1
364,doc1_page141_34.png,"(446.5787048339844, 75.5706787109375, 462.0806884765625, 103.34508514404297)",141,1
365,doc1_page141_35.png,"(446.6654968261719, 79.815185546875, 453.1246643066406, 102.7452163696289)",141,1
366,doc1_page141_36.png,"(448.6123352050781, 63.73504638671875, 462.822509765625, 74.39266967773438)",141,1
367,doc1_page141_37.png,"(447.514404296875, 64.40576171875, 459.1408996582031, 71.18788146972656)",141,1
368,doc1_page141_38.png,"(459.332275390625, 90.3038330078125, 480.0015869140625, 136.1638946533203)",141,1
369,doc1_page141_39.png,"(461.9513244628906, 69.440185546875, 476.1614990234375, 75.5763931274414)",141,1
370,doc1_page141_40.png,"(479.85357666015625, 86.3848876953125, 483.72906494140625, 106.40829467773438)",141,1
371,doc1_page141_41.png,"(469.8912353515625, 76.79583740234375, 482.8095703125, 86.80754089355469)",141,1
372,doc1_page142_11.png,"(22.677169799804688, 48.866943359375, 220.16981506347656, 207.10638427734375)",142,1
373,doc1_page143_8.png,"(372.59619140625, 261.5346374511719, 438.4317932128906, 327.3702392578125)",143,1
374,doc1_page143_9.png,"(21.829708099365234, 17.67205810546875, 174.7047119140625, 155.29705810546875)",143,1
375,doc1_page143_10.png,"(372.2076416015625, 410.5505676269531, 545.0198364257812, 648.3005981445312)",143,1
376,doc1_page145_5.png,"(21.820268630981445, 57.32637023925781, 247.7813262939453, 212.436767578125)",145,1
377,doc1_page145_9.png,"(363.3982238769531, 284.4454345703125, 429.6382141113281, 350.6854248046875)",145,1
378,doc1_page146_4.png,"(373.2969665527344, 24.266372680664062, 545.0323486328125, 260.06536865234375)",146,1
379,doc1_page146_6.png,"(202.4305419921875, 21.80609130859375, 352.90557861328125, 261.9022521972656)",146,1
380,doc1_page148_13.png,"(371.76947021484375, 616.0801391601562, 437.6050720214844, 681.9157104492188)",148,1
381,doc1_page148_15.png,"(198.85606384277344, 616.0801391601562, 264.691650390625, 681.9157104492188)",148,1
382,doc1_page148_17.png,"(22.942672729492188, 616.0801391601562, 88.77826690673828, 681.9157104492188)",148,1
383,doc1_page149_2.png,"(45.9056396484375, 76.53558349609375, 499.2822265625, 715.507568359375)",149,1
384,doc1_page152_8.png,"(51.83811569213867, 599.9056396484375, 118.4669189453125, 666.534423828125)",152,1
385,doc1_page152_10.png,"(59.774192810058594, 275.24578857421875, 219.15493774414062, 518.4450073242188)",152,1
386,doc1_page154_11.png,"(44.298439025878906, 493.45172119140625, 198.06582641601562, 647.4524536132812)",154,1
387,doc1_page155_11.png,"(347.5275573730469, 614.3623046875, 414.1563720703125, 680.9910888671875)",155,1
388,doc1_page156_5.png,"(21.770957946777344, 345.73321533203125, 220.265380859375, 640.6725463867188)",156,1
389,doc1_page157_5.png,"(361.16912841796875, 42.81927490234375, 507.10211181640625, 242.404052734375)",157,1
390,doc1_page159_17.png,"(347.5275573730469, 387.9937744140625, 544.251953125, 616.8212280273438)",159,1
391,doc1_page161_7.png,"(333.42657470703125, 22.67730712890625, 556.7474365234375, 243.04159545898438)",161,1
392,doc1_page162_2.png,"(21.839752197265625, 278.46038818359375, 220.21922302246094, 547.038330078125)",162,1
393,doc1_page163_5.png,"(347.5275573730469, 331.24420166015625, 414.1563720703125, 397.87298583984375)",163,1
394,doc1_page163_6.png,"(337.32281494140625, 479.4466552734375, 563.5849609375, 656.9995727539062)",163,1
395,doc1_page164_14.png,"(22.9129638671875, 22.913009643554688, 402.7615051269531, 211.27911376953125)",164,1
396,doc1_page165_3.png,"(345.8969421386719, 453.142333984375, 520.5430908203125, 630.6878662109375)",165,1
397,doc1_page167_1.png,"(378.6675720214844, 41.35896301269531, 522.1875610351562, 191.5489501953125)",167,1
398,doc1_page172_22.png,"(25.068653106689453, 593.8574829101562, 90.90425109863281, 659.6930541992188)",172,1
399,doc1_page173_19.png,"(347.5275573730469, 460.0631103515625, 414.1563720703125, 526.69189453125)",173,1
400,doc1_page175_13.png,"(349.9190673828125, 62.826026916503906, 415.7546691894531, 128.66162109375)",175,1
401,doc1_page176_3.png,"(59.777565002441406, 266.9159240722656, 219.40158081054688, 639.79931640625)",176,1
402,doc1_page179_10.png,"(435.2062072753906, 73.19384765625, 450.1731262207031, 81.01747131347656)",179,1
403,doc1_page179_11.png,"(436.5003662109375, 38.4869384765625, 454.1885681152344, 58.21607208251953)",179,1
404,doc1_page182_10.png,"(21.92039680480957, 205.82054138183594, 220.28045654296875, 347.81280517578125)",182,1
405,doc1_page183_5.png,"(421.0682678222656, 365.0284729003906, 545.3282470703125, 489.43096923828125)",183,1
406,doc1_page183_6.png,"(340.8514099121094, 248.73912048339844, 476.0744323730469, 383.1858825683594)",183,1
407,doc1_page185_14.png,"(346.6940002441406, 233.86485290527344, 509.2460021972656, 351.2808532714844)",185,1
408,doc1_page186_11.png,"(21.574798583984375, 433.14837646484375, 105.44979095458984, 528.2733764648438)",186,1
409,doc1_page186_12.png,"(125.95867156982422, 433.14837646484375, 209.7086639404297, 528.2733764648438)",186,1
410,doc1_page186_13.png,"(230.21751403808594, 433.14837646484375, 314.0924987792969, 528.2733764648438)",186,1
411,doc1_page186_14.png,"(335.6211853027344, 433.0732727050781, 417.1689453125, 528.33154296875)",186,1
412,doc1_page186_15.png,"(438.7509460449219, 433.14837646484375, 522.6259155273438, 528.2733764648438)",186,1
413,doc1_page186_16.png,"(21.574798583984375, 535.73828125, 105.44979095458984, 630.86328125)",186,1
414,doc1_page186_17.png,"(125.95867156982422, 535.73828125, 209.7086639404297, 630.86328125)",186,1
415,doc1_page186_18.png,"(230.2263641357422, 535.73828125, 314.1013488769531, 630.86328125)",186,1
416,doc1_page186_19.png,"(334.5433044433594, 535.73828125, 418.2933044433594, 630.86328125)",186,1
417,doc1_page186_20.png,"(438.81982421875, 535.73828125, 522.69482421875, 630.86328125)",186,1
418,doc1_page187_9.png,"(341.14910888671875, 188.4730224609375, 552.5184326171875, 413.95428466796875)",187,1
419,doc1_page190_10.png,"(25.068653106689453, 588.5572509765625, 90.90425109863281, 654.392822265625)",190,1
420,doc1_page190_11.png,"(107.16828155517578, 73.27783203125, 111.76395416259766, 78.36589813232422)",190,1
421,doc1_page190_12.png,"(88.0356216430664, 65.1575927734375, 95.92251586914062, 73.88951110839844)",190,1
422,doc1_page190_13.png,"(148.09616088867188, 29.58050537109375, 155.98304748535156, 38.31241989135742)",190,1
423,doc1_page190_14.png,"(124.18975830078125, 52.6441650390625, 131.07763671875, 60.27003479003906)",190,1
424,doc1_page191_4.png,"(44.546260833740234, 17.090866088867188, 252.866943359375, 197.3780517578125)",191,1
425,doc1_page193_12.png,"(347.7140808105469, 355.4646911621094, 544.251953125, 643.03271484375)",193,1
426,doc1_page194_1.png,"(21.715177536010742, 441.4217529296875, 220.1962890625, 641.0501708984375)",194,1
427,doc1_page197_10.png,"(346.6071472167969, 22.422103881835938, 545.150146484375, 221.49835205078125)",197,1
428,doc1_page197_11.png,"(347.71820068359375, 446.90850830078125, 507.17919921875, 638.7413330078125)",197,1
429,doc1_page199_11.png,"(463.6195983886719, 91.08624267578125, 481.6084899902344, 112.18859100341797)",199,1
430,doc1_page199_12.png,"(463.580810546875, 92.96868896484375, 471.88336181640625, 112.34133911132812)",199,1
431,doc1_page199_13.png,"(463.9742431640625, 93.18145751953125, 472.27679443359375, 106.32718658447266)",199,1
432,doc1_page199_14.png,"(423.01495361328125, 66.74896240234375, 470.06280517578125, 104.45643615722656)",199,1
433,doc1_page199_15.png,"(442.02227783203125, 74.19921875, 448.9410705566406, 86.99900817871094)",199,1
434,doc1_page199_16.png,"(436.7429504394531, 80.3592529296875, 468.5694580078125, 104.2291259765625)",199,1
435,doc1_page199_17.png,"(453.7921447753906, 95.9140625, 459.3271789550781, 99.37346649169922)",199,1
436,doc1_page199_18.png,"(460.4291687011719, 92.34130859375, 464.5804443359375, 99.95199584960938)",199,1
437,doc1_page199_19.png,"(437.6170654296875, 98.6204833984375, 444.5358581542969, 104.50146484375)",199,1
438,doc1_page199_20.png,"(430.6922302246094, 89.2691650390625, 440.3785400390625, 114.86873626708984)",199,1
439,doc1_page199_21.png,"(456.34283447265625, 109.07830810546875, 466.0291748046875, 119.80245208740234)",199,1
440,doc1_page199_22.png,"(458.7111511230469, 99.58270263671875, 469.78125, 103.38804626464844)",199,1
441,doc1_page199_23.png,"(423.5963439941406, 89.606689453125, 433.28265380859375, 113.4765625)",199,1
442,doc1_page200_7.png,"(22.54607391357422, 489.7386474609375, 89.17487335205078, 556.367431640625)",200,1
443,doc1_page200_8.png,"(21.848752975463867, 572.6080322265625, 220.2550811767578, 645.3450317382812)",200,1
444,doc1_page202_22.png,"(413.0220031738281, 58.684661865234375, 522.7906494140625, 212.081298828125)",202,1
445,doc1_page202_23.png,"(21.904560089111328, 515.1883544921875, 134.0419921875, 648.541015625)",202,1
446,doc1_page203_5.png,"(22.4490966796875, 478.7630310058594, 272.72589111328125, 661.4750366210938)",203,1
447,doc1_page203_6.png,"(294.1676940917969, 478.76019287109375, 544.9965209960938, 662.576171875)",203,1
448,doc1_page205_7.png,"(349.9190673828125, 158.16458129882812, 415.7546691894531, 224.00018310546875)",205,1
449,doc1_page205_11.png,"(345.1287536621094, 39.55406188964844, 411.757568359375, 106.182861328125)",205,1
450,doc1_page206_2.png,"(370.76947021484375, 607.5762329101562, 436.6050720214844, 673.4118041992188)",206,1
451,doc1_page206_4.png,"(197.85606384277344, 607.5762329101562, 263.691650390625, 673.4118041992188)",206,1
452,doc1_page206_6.png,"(21.942672729492188, 607.5762329101562, 87.77826690673828, 673.4118041992188)",206,1
453,doc1_page207_2.png,"(45.9056396484375, 76.53558349609375, 499.2822265625, 715.507568359375)",207,1
454,doc1_page208_9.png,"(78.0, 76.0, 96.0, 119.0)",208,1
455,doc1_page208_10.png,"(146.0, 76.0, 163.0, 119.0)",208,1
456,doc1_page208_11.png,"(79.0, 66.0, 87.0, 76.0)",208,1
457,doc1_page208_12.png,"(87.0, 66.0, 96.0, 76.0)",208,1
458,doc1_page208_13.png,"(60.0, 76.0, 78.0, 119.0)",208,1
459,doc1_page208_14.png,"(60.0, 66.0, 69.0, 76.0)",208,1
460,doc1_page208_15.png,"(69.0, 66.0, 78.0, 76.0)",208,1
461,doc1_page208_16.png,"(42.0, 76.0, 59.0, 119.0)",208,1
462,doc1_page208_17.png,"(42.0, 66.0, 51.0, 76.0)",208,1
463,doc1_page208_18.png,"(51.0, 66.0, 60.0, 76.0)",208,1
464,doc1_page208_19.png,"(37.0, 97.0, 41.0, 119.0)",208,1
465,doc1_page208_20.png,"(0.0, 0.0, 0.0, 0.0)",208,1
466,doc1_page208_21.png,"(37.0, 66.0, 41.0, 76.0)",208,1
467,doc1_page208_22.png,"(164.0, 76.0, 181.0, 119.0)",208,1
468,doc1_page208_23.png,"(164.0, 66.0, 172.0, 76.0)",208,1
469,doc1_page208_24.png,"(172.0, 66.0, 181.0, 76.0)",208,1
470,doc1_page208_25.png,"(181.0, 76.0, 200.0, 119.0)",208,1
471,doc1_page208_26.png,"(181.0, 66.0, 191.0, 76.0)",208,1
472,doc1_page208_27.png,"(190.0, 66.0, 198.0, 76.0)",208,1
473,doc1_page208_28.png,"(96.0, 66.0, 105.0, 76.0)",208,1
474,doc1_page208_29.png,"(96.0, 76.0, 105.0, 90.0)",208,1
475,doc1_page208_30.png,"(137.0, 76.0, 146.0, 90.0)",208,1
476,doc1_page208_31.png,"(137.0, 66.0, 146.0, 76.0)",208,1
477,doc1_page208_32.png,"(146.0, 66.0, 154.0, 76.0)",208,1
478,doc1_page208_33.png,"(154.0, 66.0, 163.0, 76.0)",208,1
479,doc1_page208_34.png,"(114.90186309814453, 35.46124267578125, 127.961669921875, 39.05268859863281)",208,1
480,doc1_page214_2.png,"(7.08660888671875, 28.34661865234375, 176.0072479248047, 309.4576721191406)",214,1
481,doc1_page214_4.png,"(9.378687858581543, 348.9184875488281, 168.4259033203125, 643.3920288085938)",214,1
482,doc1_page216_3.png,"(18.339954376220703, 399.8017883300781, 168.63304138183594, 547.1842651367188)",216,1
483,doc1_page217_2.png,"(400.00152587890625, 236.2813720703125, 543.9354858398438, 451.8760986328125)",217,1
484,doc1_page217_6.png,"(392.9563903808594, 38.680328369140625, 552.0762939453125, 205.83538818359375)",217,1
485,doc1_page217_7.png,"(400.0511779785156, 508.44488525390625, 544.251953125, 651.4636840820312)",217,1
486,doc1_page218_3.png,"(22.696449279785156, 448.9851989746094, 167.00897216796875, 629.2236328125)",218,1
487,doc1_page218_6.png,"(36.97008514404297, 21.88494873046875, 149.77008056640625, 151.00494384765625)",218,1
488,doc1_page218_8.png,"(12.751762390136719, 219.14935302734375, 179.22201538085938, 406.4283752441406)",218,1
489,doc1_page223_9.png,"(221.53321838378906, 615.3837890625, 287.3688049316406, 681.2193603515625)",223,1
490,doc1_page223_11.png,"(45.619834899902344, 615.3837890625, 111.45542907714844, 681.2193603515625)",223,1
491,doc1_page225_0.png,"(0.0, 0.0, 0.0, 0.0)",225,1
492,doc1_page225_1.png,"(0.0, 0.0, 0.0, 0.0)",225,1
493,doc1_page225_2.png,"(0.0, 0.0, 0.0, 0.0)",225,1
494,doc1_page225_6.png,"(256.3851623535156, 646.1778564453125, 319.0479736328125, 708.8406372070312)",225,1
495,doc2_page0_0.png,"(0.0, 356.0, 191.0, 549.0)",0,2
496,doc2_page0_1.png,"(0.0, 359.0, 188.0, 547.0)",0,2
497,doc2_page3_6.png,"(278.43023681640625, 499.02313232421875, 466.4377746582031, 685.5974731445312)",3,2
498,doc2_page4_3.png,"(39.8385009765625, 417.34912109375, 419.75848388671875, 672.2291259765625)",4,2
499,doc2_page6_1.png,"(300.0, 0.0, 415.0, 41.0)",6,2
500,doc2_page6_2.png,"(0.0, 0.0, 89.0, 47.0)",6,2
501,doc2_page7_4.png,"(38.58419418334961, 541.5411987304688, 220.3523712158203, 656.3421630859375)",7,2
502,doc2_page7_12.png,"(39.7247314453125, 56.41767883300781, 219.36190795898438, 191.14556884765625)",7,2
503,doc2_page9_3.png,"(280.2206726074219, 218.67156982421875, 389.420654296875, 290.67156982421875)",9,2
504,doc2_page9_5.png,"(418.1968688964844, 218.8536376953125, 527.3968505859375, 290.8536376953125)",9,2
505,doc2_page9_7.png,"(280.22064208984375, 306.453369140625, 389.420654296875, 384.453369140625)",9,2
506,doc2_page9_9.png,"(418.1969299316406, 307.03204345703125, 527.3969116210938, 385.03204345703125)",9,2
507,doc2_page9_11.png,"(280.22064208984375, 402.55609130859375, 389.420654296875, 471.19610595703125)",9,2
508,doc2_page9_13.png,"(418.19683837890625, 402.488525390625, 527.3968505859375, 471.1285400390625)",9,2
509,doc2_page9_15.png,"(280.10064697265625, 490.6680603027344, 389.5406494140625, 560.508056640625)",9,2
510,doc2_page9_17.png,"(418.1968994140625, 490.8102722167969, 527.3969116210938, 560.6502685546875)",9,2
511,doc2_page9_19.png,"(39.490875244140625, 56.27880859375, 218.7708740234375, 341.8788146972656)",9,2
512,doc2_page9_20.png,"(39.5887451171875, 559.3677368164062, 219.10873413085938, 671.927734375)",9,2
513,doc2_page11_10.png,"(39.6767578125, 270.621337890625, 218.95675659179688, 417.5013427734375)",11,2
514,doc2_page11_11.png,"(39.436676025390625, 473.4942626953125, 219.19667053222656, 608.13427734375)",11,2
515,doc2_page11_12.png,"(39.448402404785156, 56.10932922363281, 219.20840454101562, 177.309326171875)",11,2
516,doc2_page12_6.png,"(347.255859375, 56.337310791015625, 527.015869140625, 181.6173095703125)",12,2
517,doc2_page13_8.png,"(78.4367904663086, 310.60357666015625, 179.23678588867188, 439.96356201171875)",13,2
518,doc2_page14_15.png,"(347.527587890625, 537.8968505859375, 527.244140625, 638.906982421875)",14,2
519,doc2_page15_6.png,"(39.914276123046875, 452.68695068359375, 219.19427490234375, 590.6869506835938)",15,2
520,doc2_page15_7.png,"(409.1476135253906, 138.46401977539062, 528.2055053710938, 241.01022338867188)",15,2
521,doc2_page15_10.png,"(38.8803596496582, 55.36540985107422, 166.3341827392578, 126.8428955078125)",15,2
522,doc2_page15_11.png,"(38.790653228759766, 133.63787841796875, 166.46160888671875, 239.92233276367188)",15,2
523,doc2_page15_12.png,"(410.28985595703125, 56.376129150390625, 527.0657958984375, 134.22674560546875)",15,2
524,doc2_page15_13.png,"(168.7673797607422, 56.3760986328125, 406.9404296875, 239.92230224609375)",15,2
525,doc2_page16_10.png,"(347.8658447265625, 297.4009094238281, 526.9058227539062, 406.8409118652344)",16,2
526,doc2_page17_4.png,"(39.577850341796875, 492.1864318847656, 219.09783935546875, 638.58642578125)",17,2
527,doc2_page18_13.png,"(347.6376953125, 185.9293670654297, 526.6776733398438, 426.40936279296875)",18,2
528,doc2_page19_12.png,"(39.66319274902344, 302.18328857421875, 219.42318725585938, 444.2633056640625)",19,2
529,doc2_page19_13.png,"(39.914886474609375, 534.2158203125, 219.19488525390625, 640.0557861328125)",19,2
530,doc2_page20_6.png,"(347.56500244140625, 178.43914794921875, 526.8152465820312, 258.5858459472656)",20,2
531,doc2_page20_9.png,"(347.4344482421875, 395.37664794921875, 526.71923828125, 483.34124755859375)",20,2
532,doc2_page21_7.png,"(39.9033203125, 145.65834045410156, 219.18331909179688, 272.85833740234375)",21,2
533,doc2_page24_8.png,"(347.7674560546875, 393.34051513671875, 526.5674438476562, 495.82049560546875)",24,2
534,doc2_page24_10.png,"(348.00634765625, 503.4947814941406, 526.5663452148438, 628.7747802734375)",24,2
535,doc2_page25_11.png,"(245.27392578125, 70.880615234375, 527.033935546875, 253.28060913085938)",25,2
536,doc2_page26_11.png,"(347.5058288574219, 131.57403564453125, 527.2658081054688, 232.85403442382812)",26,2
537,doc2_page27_5.png,"(45.543304443359375, 176.22047424316406, 213.54330444335938, 316.3804626464844)",27,2
538,doc2_page27_6.png,"(79.2633056640625, 56.766075134277344, 179.82330322265625, 170.28607177734375)",27,2
539,doc2_page27_7.png,"(45.66332244873047, 322.31939697265625, 213.42330932617188, 468.7193908691406)",27,2
540,doc2_page27_8.png,"(79.96928405761719, 473.9329833984375, 181.53488159179688, 633.9169921875)",27,2
541,doc2_page29_6.png,"(32.59842300415039, 622.771728515625, 89.29133605957031, 679.4646606445312)",29,2
542,doc2_page30_1.png,"(300.0, 0.0, 415.0, 41.0)",30,2
543,doc2_page30_2.png,"(0.0, 0.0, 89.0, 47.0)",30,2
544,doc2_page31_7.png,"(39.9033203125, 55.98542785644531, 219.18331909179688, 184.86541748046875)",31,2
545,doc2_page32_8.png,"(359.6971740722656, 231.32228088378906, 515.6621704101562, 332.96240234375)",32,2
546,doc2_page32_9.png,"(359.7075500488281, 336.17547607421875, 515.6450805664062, 428.00537109375)",32,2
547,doc2_page32_10.png,"(359.3806457519531, 431.9789123535156, 515.7261962890625, 535.044677734375)",32,2
548,doc2_page32_11.png,"(359.23443603515625, 538.538818359375, 515.05712890625, 641.2598876953125)",32,2
549,doc2_page33_5.png,"(55.206298828125, 56.34062194824219, 203.88031005859375, 231.48538208007812)",33,2
550,doc2_page34_11.png,"(347.8658447265625, 373.444091796875, 526.9058227539062, 518.8840942382812)",34,2
551,doc2_page35_5.png,"(39.86723327636719, 282.3772277832031, 219.14723205566406, 401.897216796875)",35,2
552,doc2_page35_6.png,"(39.9033203125, 510.92041015625, 219.18331909179688, 616.2803955078125)",35,2
553,doc2_page35_10.png,"(245.19873046875, 75.928955078125, 526.958740234375, 274.1689453125)",35,2
554,doc2_page36_5.png,"(39.771148681640625, 539.2567138671875, 193.8511505126953, 628.5367431640625)",36,2
555,doc2_page36_6.png,"(39.76896667480469, 389.4916076660156, 193.6089630126953, 480.9316101074219)",36,2
556,doc2_page36_7.png,"(206.8155059814453, 389.4915771484375, 360.655517578125, 480.93157958984375)",36,2
557,doc2_page36_8.png,"(373.853271484375, 389.4916076660156, 526.9732666015625, 480.9316101074219)",36,2
558,doc2_page36_9.png,"(347.8658142089844, 225.82029724121094, 526.9058227539062, 329.74029541015625)",36,2
559,doc2_page36_10.png,"(206.8155975341797, 539.2567138671875, 360.65557861328125, 628.5367431640625)",36,2
560,doc2_page36_11.png,"(373.8290100097656, 539.2567138671875, 526.948974609375, 628.5367431640625)",36,2
561,doc2_page37_19.png,"(39.783294677734375, 496.2021179199219, 219.30328369140625, 653.162109375)",37,2
562,doc2_page38_4.png,"(373.1858215332031, 243.48757934570312, 501.5858154296875, 431.8875732421875)",38,2
563,doc2_page38_5.png,"(39.97039794921875, 290.03082275390625, 321.7303771972656, 433.79083251953125)",38,2
564,doc2_page38_10.png,"(347.745849609375, 529.4886474609375, 527.02587890625, 653.8086547851562)",38,2
565,doc2_page39_5.png,"(39.90332794189453, 58.74916076660156, 219.18331909179688, 193.629150390625)",39,2
566,doc2_page39_8.png,"(40.11387634277344, 264.2359619140625, 219.3938751220703, 395.27593994140625)",39,2
567,doc2_page39_10.png,"(40.107688903808594, 403.9890441894531, 219.14767456054688, 628.3890380859375)",39,2
568,doc2_page42_6.png,"(347.80755615234375, 58.599945068359375, 527.0875244140625, 177.87994384765625)",42,2
569,doc2_page42_8.png,"(347.92755126953125, 201.15794372558594, 526.967529296875, 426.5179443359375)",42,2
570,doc2_page42_9.png,"(347.80755615234375, 449.6952819824219, 527.0875244140625, 628.9752807617188)",42,2
571,doc2_page43_9.png,"(39.68505859375, 414.69403076171875, 219.40159606933594, 654.1087646484375)",43,2
572,doc2_page44_15.png,"(40.15000915527344, 456.7473449707031, 322.2086181640625, 653.0131225585938)",44,2
573,doc2_page45_6.png,"(244.958740234375, 523.4158935546875, 527.19873046875, 662.3758544921875)",45,2
574,doc2_page45_10.png,"(40.0233154296875, 56.4112548828125, 219.0633087158203, 351.6112365722656)",45,2
575,doc2_page46_4.png,"(347.7207946777344, 56.37611389160156, 527.0508422851562, 293.54010009765625)",46,2
576,doc2_page48_12.png,"(326.9206237792969, 59.84039306640625, 529.8169555664062, 191.21673583984375)",48,2
577,doc2_page50_2.png,"(340.4409484863281, 622.4548950195312, 397.13385009765625, 679.1478271484375)",50,2
578,doc2_page51_1.png,"(272.0, 0.0, 387.0, 41.0)",51,2
579,doc2_page51_2.png,"(0.0, 0.0, 61.0, 47.0)",51,2
580,doc2_page52_14.png,"(347.5275573730469, 93.07315063476562, 527.2440795898438, 211.30499267578125)",52,2
581,doc2_page53_9.png,"(241.36752319335938, 52.61851501464844, 531.5275268554688, 218.218505859375)",53,2
582,doc2_page53_10.png,"(34.0, 295.1890869140625, 225.57781982421875, 368.34039306640625)",53,2
583,doc2_page54_8.png,"(347.52752685546875, 55.66743469238281, 532.076171875, 169.18914794921875)",54,2
584,doc2_page55_5.png,"(39.92048645019531, 487.7203369140625, 219.2004852294922, 619.9603271484375)",55,2
585,doc2_page55_8.png,"(39.68505859375, 56.37611389160156, 219.40158081054688, 191.16351318359375)",55,2
586,doc2_page56_3.png,"(347.6970520019531, 56.44490051269531, 527.217041015625, 284.20489501953125)",56,2
587,doc2_page57_11.png,"(39.377716064453125, 369.67120361328125, 219.09425354003906, 471.0313415527344)",57,2
588,doc2_page57_12.png,"(39.5577392578125, 143.84999084472656, 218.83773803710938, 290.72998046875)",57,2
589,doc2_page58_2.png,"(427.579345703125, 309.29656982421875, 526.9393310546875, 432.41656494140625)",58,2
590,doc2_page58_6.png,"(39.86891174316406, 184.93035888671875, 187.46890258789062, 305.8903503417969)",58,2
591,doc2_page58_8.png,"(122.23091125488281, 354.87310791015625, 269.7750244140625, 458.0002746582031)",58,2
592,doc2_page58_10.png,"(363.9267272949219, 172.585205078125, 503.126708984375, 249.86520385742188)",58,2
593,doc2_page58_13.png,"(204.7556915283203, 172.1402587890625, 330.51568603515625, 266.46026611328125)",58,2
594,doc2_page58_16.png,"(283.95062255859375, 345.3597412109375, 411.390625, 430.3197326660156)",58,2
595,doc2_page58_19.png,"(39.880615234375, 501.1142578125, 227.15919494628906, 641.2598266601562)",58,2
596,doc2_page58_20.png,"(235.91683959960938, 501.1925048828125, 423.1954345703125, 641.5887451171875)",58,2
597,doc2_page58_21.png,"(431.9696044921875, 501.15167236328125, 526.9619140625, 564.522216796875)",58,2
598,doc2_page58_22.png,"(431.986328125, 566.4710083007812, 526.9452514648438, 641.59912109375)",58,2
599,doc2_page59_6.png,"(39.317604064941406, 553.0543212890625, 129.17587280273438, 639.9708251953125)",59,2
600,doc2_page59_7.png,"(129.17587280273438, 551.6198120117188, 219.03414916992188, 641.2106323242188)",59,2
601,doc2_page59_11.png,"(39.93243408203125, 224.0525665283203, 219.6924285888672, 309.2525634765625)",59,2
602,doc2_page60_9.png,"(347.6751708984375, 374.5203552246094, 527.9151611328125, 468.600341796875)",60,2
603,doc2_page60_10.png,"(334.7999572753906, 518.0013427734375, 538.1666259765625, 689.8436889648438)",60,2
604,doc2_page61_4.png,"(189.576904296875, 340.74908447265625, 394.056884765625, 613.6290893554688)",61,2
605,doc2_page61_5.png,"(349.1647033691406, 306.20086669921875, 474.6206970214844, 466.17724609375)",61,2
606,doc2_page61_6.png,"(400.1747131347656, 405.033447265625, 526.6365966796875, 570.509521484375)",61,2
607,doc2_page61_7.png,"(351.5984191894531, 537.9874267578125, 526.703125, 671.6267700195312)",61,2
608,doc2_page61_8.png,"(40.68807601928711, 306.2812805175781, 180.25270080566406, 478.4908752441406)",61,2
609,doc2_page61_9.png,"(40.21868896484375, 445.2344970703125, 235.80020141601562, 570.6046142578125)",61,2
610,doc2_page61_10.png,"(40.20891571044922, 553.4029541015625, 218.0332489013672, 671.58251953125)",61,2
611,doc2_page62_8.png,"(347.527587890625, 310.90960693359375, 527.244140625, 411.55084228515625)",62,2
612,doc2_page64_6.png,"(368.93743896484375, 55.0347900390625, 498.486328125, 224.35400390625)",64,2
613,doc2_page64_7.png,"(370.4381103515625, 228.77503967285156, 496.0493469238281, 405.5758056640625)",64,2
614,doc2_page64_8.png,"(372.3237609863281, 409.62615966796875, 494.39111328125, 588.395751953125)",64,2
615,doc2_page65_5.png,"(245.12942504882812, 429.33819580078125, 526.070068359375, 560.2437744140625)",65,2
616,doc2_page65_8.png,"(244.99789428710938, 606.9282836914062, 526.5178833007812, 653.48828125)",65,2
617,doc2_page65_10.png,"(39.68505859375, 256.4390869140625, 219.40159606933594, 376.03228759765625)",65,2
618,doc2_page66_6.png,"(347.6867370605469, 356.27960205078125, 526.9667358398438, 475.319580078125)",66,2
619,doc2_page66_7.png,"(380.023193359375, 510.472900390625, 488.3831787109375, 640.5048828125)",66,2
620,doc2_page66_11.png,"(399.1404113769531, 54.930023193359375, 475.89483642578125, 169.6597900390625)",66,2
621,doc2_page66_12.png,"(348.2673645019531, 200.3251495361328, 526.7678833007812, 319.1664123535156)",66,2
622,doc2_page67_2.png,"(302.918701171875, 80.7507553100586, 469.23870849609375, 192.83074951171875)",67,2
623,doc2_page67_4.png,"(393.77337646484375, 244.6915283203125, 467.21337890625, 373.0915222167969)",67,2
624,doc2_page67_5.png,"(305.18756103515625, 244.6915283203125, 391.3475646972656, 372.9106750488281)",67,2
625,doc2_page67_7.png,"(39.9212646484375, 303.5494384765625, 139.76126098632812, 410.10943603515625)",67,2
626,doc2_page67_8.png,"(137.05221557617188, 303.5494689941406, 219.13221740722656, 410.1094665527344)",67,2
627,doc2_page67_9.png,"(165.91897583007812, 441.97216796875, 284.7189636230469, 542.5321655273438)",67,2
628,doc2_page67_10.png,"(370.7917175292969, 441.96343994140625, 527.271728515625, 542.5234375)",67,2
629,doc2_page67_11.png,"(291.4361572265625, 441.9149169921875, 364.1561584472656, 542.7149047851562)",67,2
630,doc2_page67_12.png,"(40.39473342895508, 441.97296142578125, 159.19473266601562, 542.532958984375)",67,2
631,doc2_page68_13.png,"(341.12127685546875, 208.1890869140625, 533.650390625, 352.5859375)",68,2
632,doc2_page69_7.png,"(40.25598907470703, 529.4531860351562, 220.2559814453125, 653.0531616210938)",69,2
633,doc2_page69_8.png,"(230.56082153320312, 529.4531860351562, 526.9608154296875, 653.0531616210938)",69,2
634,doc2_page69_12.png,"(39.36383056640625, 55.78401184082031, 219.1238250732422, 146.9840087890625)",69,2
635,doc2_page69_13.png,"(39.336090087890625, 217.27235412597656, 219.15158081054688, 352.13397216796875)",69,2
636,doc2_page70_6.png,"(347.6922912597656, 56.354217529296875, 526.9722900390625, 172.75421142578125)",70,2
637,doc2_page70_7.png,"(347.590087890625, 336.589111328125, 526.3900756835938, 487.78912353515625)",70,2
638,doc2_page70_8.png,"(347.5882873535156, 510.48553466796875, 444.30828857421875, 613.685546875)",70,2
639,doc2_page70_9.png,"(450.950927734375, 510.48553466796875, 526.7908935546875, 613.685546875)",70,2
640,doc2_page70_10.png,"(347.590087890625, 198.34912109375, 526.3900756835938, 314.02911376953125)",70,2
641,doc2_page71_2.png,"(40.08277893066406, 56.19502258300781, 219.12277221679688, 181.95501708984375)",71,2
642,doc2_page71_3.png,"(40.023292541503906, 217.4541778564453, 219.06329345703125, 343.21417236328125)",71,2
643,doc2_page71_4.png,"(40.143310546875, 379.0965270996094, 218.9433135986328, 640.696533203125)",71,2
644,doc2_page71_12.png,"(245.2213592529297, 574.280029296875, 376.2613525390625, 671.9600219726562)",71,2
645,doc2_page71_13.png,"(379.169921875, 574.280029296875, 527.0098876953125, 671.9600219726562)",71,2
646,doc2_page72_8.png,"(347.984619140625, 57.41697692871094, 526.7846069335938, 174.7769775390625)",72,2
647,doc2_page72_9.png,"(347.8152160644531, 220.98779296875, 527.335205078125, 338.8277893066406)",72,2
648,doc2_page72_10.png,"(347.9844970703125, 373.4691162109375, 526.3045043945312, 476.90911865234375)",72,2
649,doc2_page72_11.png,"(347.8646240234375, 529.3823852539062, 526.9046020507812, 642.182373046875)",72,2
650,doc2_page73_5.png,"(40.0233268737793, 56.33036804199219, 219.06332397460938, 157.370361328125)",73,2
651,doc2_page73_7.png,"(61.62331008911133, 231.11265563964844, 197.4633026123047, 437.9926452636719)",73,2
652,doc2_page73_9.png,"(40.04262924194336, 498.2818908691406, 266.6026306152344, 641.8018798828125)",73,2
653,doc2_page73_10.png,"(300.26165771484375, 498.2818908691406, 526.8216552734375, 641.8018798828125)",73,2
654,doc2_page74_5.png,"(347.5013122558594, 60.63819122314453, 527.0213012695312, 188.07818603515625)",74,2
655,doc2_page75_16.png,"(39.96776580810547, 132.5185546875, 218.76776123046875, 260.9185485839844)",75,2
656,doc2_page75_17.png,"(65.76774597167969, 270.65399169921875, 192.96774291992188, 501.0539855957031)",75,2
657,doc2_page76_4.png,"(347.745849609375, 56.333526611328125, 527.02587890625, 168.17352294921875)",76,2
658,doc2_page76_5.png,"(399.3458251953125, 200.6204833984375, 475.42584228515625, 333.5804748535156)",76,2
659,doc2_page76_6.png,"(347.7578125, 368.76513671875, 527.037841796875, 489.2451171875)",76,2
660,doc2_page76_7.png,"(377.7698669433594, 516.1885986328125, 497.04986572265625, 653.9486083984375)",76,2
661,doc2_page77_3.png,"(245.3187255859375, 133.66961669921875, 526.8387451171875, 263.5096130371094)",77,2
662,doc2_page77_5.png,"(39.69288635253906, 335.2900085449219, 134.73287963867188, 475.69000244140625)",77,2
663,doc2_page77_6.png,"(177.6637420654297, 335.2714538574219, 275.583740234375, 475.67144775390625)",77,2
664,doc2_page77_7.png,"(297.6661376953125, 397.3160400390625, 415.7461242675781, 477.4760437011719)",77,2
665,doc2_page77_8.png,"(39.9394645690918, 488.84710693359375, 180.5794677734375, 594.2070922851562)",77,2
666,doc2_page77_9.png,"(183.84173583984375, 489.01104736328125, 325.20172119140625, 594.3710327148438)",77,2
667,doc2_page77_10.png,"(329.8134460449219, 489.01104736328125, 526.8534545898438, 594.3710327148438)",77,2
668,doc2_page77_11.png,"(470.8229064941406, 348.18780517578125, 527.222900390625, 477.30780029296875)",77,2
669,doc2_page77_12.png,"(430.716064453125, 348.78778076171875, 477.03607177734375, 476.707763671875)",77,2
670,doc2_page79_2.png,"(62.40559005737305, 69.29225158691406, 118.32559204101562, 160.49224853515625)",79,2
671,doc2_page79_3.png,"(129.40328979492188, 81.11680603027344, 242.92327880859375, 153.5968017578125)",79,2
672,doc2_page79_4.png,"(264.8433532714844, 76.12862396240234, 378.36334228515625, 161.088623046875)",79,2
673,doc2_page79_5.png,"(392.1361999511719, 90.56498718261719, 505.65618896484375, 137.364990234375)",79,2
674,doc2_page79_6.png,"(40.44047546386719, 182.36285400390625, 153.96047973632812, 258.2028503417969)",79,2
675,doc2_page79_7.png,"(171.15396118164062, 182.56951904296875, 284.6739501953125, 258.4095153808594)",79,2
676,doc2_page79_8.png,"(292.1282043457031, 183.45733642578125, 405.648193359375, 258.33734130859375)",79,2
677,doc2_page79_9.png,"(413.8666076660156, 179.79888916015625, 527.3865966796875, 256.118896484375)",79,2
678,doc2_page79_10.png,"(148.78248596191406, 279.78118896484375, 262.302490234375, 352.981201171875)",79,2
679,doc2_page79_11.png,"(290.2491149902344, 278.2212219238281, 423.2091064453125, 354.5412292480469)",79,2
680,doc2_page79_16.png,"(32.59842300415039, 622.4548950195312, 89.29133605957031, 679.1478271484375)",79,2
681,doc2_page80_1.png,"(300.0, 0.0, 415.0, 41.0)",80,2
682,doc2_page80_2.png,"(0.0, 0.0, 89.0, 47.0)",80,2
683,doc2_page80_14.png,"(386.3563232421875, 219.8227996826172, 476.386962890625, 354.7156677246094)",80,2
684,doc2_page81_8.png,"(40.098419189453125, 505.2860107421875, 219.44786071777344, 641.8464965820312)",81,2
685,doc2_page81_14.png,"(73.3731689453125, 139.3817596435547, 186.17315673828125, 282.1817626953125)",81,2
686,doc2_page83_6.png,"(39.93505859375, 531.8739624023438, 527.02734375, 672.674072265625)",83,2
687,doc2_page83_7.png,"(243.82777404785156, 56.686767578125, 528.0164184570312, 234.30465698242188)",83,2
688,doc2_page84_6.png,"(347.8497009277344, 263.32855224609375, 526.9703979492188, 382.74237060546875)",84,2
689,doc2_page84_7.png,"(347.8260803222656, 419.69793701171875, 526.945556640625, 642.1527709960938)",84,2
690,doc2_page85_4.png,"(67.93336486816406, 56.30052185058594, 186.01336669921875, 191.9005126953125)",85,2
691,doc2_page86_4.png,"(377.4613037109375, 55.04145812988281, 498.5522766113281, 199.3883056640625)",86,2
692,doc2_page86_5.png,"(377.42816162109375, 250.99575805664062, 498.4737854003906, 394.8123474121094)",86,2
693,doc2_page86_9.png,"(376.6451416015625, 439.7778625488281, 500.06842041015625, 588.914306640625)",86,2
694,doc2_page87_5.png,"(83.59612274169922, 56.3760986328125, 183.47396850585938, 198.955322265625)",87,2
695,doc2_page87_10.png,"(83.60295104980469, 256.485595703125, 182.00296020507812, 406.965576171875)",87,2
696,doc2_page88_2.png,"(347.90264892578125, 56.37610626220703, 526.8690185546875, 156.7156982421875)",88,2
697,doc2_page88_3.png,"(347.84185791015625, 255.8719482421875, 526.8047485351562, 370.8959655761719)",88,2
698,doc2_page89_12.png,"(39.645904541015625, 165.48126220703125, 219.1658935546875, 273.48126220703125)",89,2
699,doc2_page90_15.png,"(347.77752685546875, 501.9635314941406, 527.308349609375, 616.1129760742188)",90,2
700,doc2_page91_9.png,"(40.04817199707031, 56.3760986328125, 219.03843688964844, 324.56805419921875)",91,2
701,doc2_page92_9.png,"(346.6985778808594, 55.23039245605469, 528.219482421875, 179.56524658203125)",92,2
702,doc2_page93_14.png,"(39.936004638671875, 386.4390869140625, 219.15057373046875, 480.748779296875)",93,2
703,doc2_page95_6.png,"(38.7292594909668, 132.55126953125, 220.44735717773438, 260.8779602050781)",95,2
704,doc2_page96_4.png,"(371.9002685546875, 56.25312042236328, 502.87139892578125, 151.96893310546875)",96,2
705,doc2_page96_5.png,"(347.83050537109375, 197.47227478027344, 526.88818359375, 282.4532165527344)",96,2
706,doc2_page96_6.png,"(376.46185302734375, 321.30511474609375, 498.203857421875, 419.01910400390625)",96,2
707,doc2_page96_7.png,"(347.8074951171875, 522.1072387695312, 526.964111328125, 614.27099609375)",96,2
708,doc2_page97_7.png,"(40.08423614501953, 56.37609100341797, 219.34561157226562, 175.8836669921875)",97,2
709,doc2_page97_8.png,"(40.084228515625, 182.25013732910156, 219.43832397460938, 284.7381896972656)",97,2
710,doc2_page97_10.png,"(39.68504333496094, 404.23748779296875, 219.4015655517578, 519.38330078125)",97,2
711,doc2_page99_8.png,"(40.0233154296875, 56.44427490234375, 219.0633087158203, 289.0042724609375)",99,2
712,doc2_page100_8.png,"(347.7548522949219, 519.5831909179688, 526.969970703125, 653.821533203125)",100,2
713,doc2_page100_10.png,"(347.494140625, 308.27142333984375, 527.254150390625, 443.15142822265625)",100,2
714,doc2_page101_4.png,"(40.02333068847656, 56.36552429199219, 219.06332397460938, 239.00552368164062)",101,2
715,doc2_page101_7.png,"(39.66331481933594, 310.80108642578125, 219.42330932617188, 540.0010986328125)",101,2
716,doc2_page101_8.png,"(32.59842300415039, 622.7188110351562, 89.29133605957031, 679.4117431640625)",101,2
717,doc2_page102_1.png,"(300.0, 0.0, 415.0, 41.0)",102,2
718,doc2_page102_2.png,"(0.0, 0.0, 89.0, 47.0)",102,2
719,doc2_page102_13.png,"(347.416259765625, 559.0560913085938, 526.672119140625, 642.382080078125)",102,2
720,doc2_page102_15.png,"(347.4451904296875, 354.4627380371094, 526.9652099609375, 448.7827453613281)",102,2
721,doc2_page103_5.png,"(39.60968017578125, 239.959716796875, 219.12966918945312, 419.2397155761719)",103,2
722,doc2_page103_11.png,"(39.9539794921875, 504.5285949707031, 218.9939727783203, 628.1286010742188)",103,2
723,doc2_page105_7.png,"(56.82330322265625, 326.8080139160156, 202.2633056640625, 447.76800537109375)",105,2
724,doc2_page107_7.png,"(60.423301696777344, 56.416290283203125, 198.66329956054688, 172.8162841796875)",107,2
725,doc2_page109_15.png,"(40.010337829589844, 542.951171875, 219.29034423828125, 653.3511962890625)",109,2
726,doc2_page110_20.png,"(347.8260803222656, 441.12725830078125, 527.1060791015625, 563.7672729492188)",110,2
727,doc2_page112_2.png,"(373.00750732421875, 56.381591796875, 501.85693359375, 202.5030517578125)",112,2
728,doc2_page112_7.png,"(347.6636962890625, 321.458740234375, 527.0615234375, 504.3592529296875)",112,2
729,doc2_page112_11.png,"(73.98755645751953, 47.776611328125, 307.0240783691406, 313.3970031738281)",112,2
730,doc2_page113_10.png,"(39.558074951171875, 133.4100799560547, 219.3180694580078, 255.330078125)",113,2
731,doc2_page113_14.png,"(39.678077697753906, 520.712158203125, 219.19805908203125, 633.9921875)",113,2
732,doc2_page114_4.png,"(361.0527038574219, 403.4638671875, 511.1650390625, 498.66192626953125)",114,2
733,doc2_page114_5.png,"(388.1954345703125, 546.013427734375, 486.57623291015625, 644.3942260742188)",114,2
734,doc2_page115_8.png,"(40.02052307128906, 477.185791015625, 219.12347412109375, 570.1727294921875)",115,2
735,doc2_page115_233.png,"(245.1971435546875, 497.63983154296875, 526.9300537109375, 671.9400634765625)",115,2
736,doc2_page116_6.png,"(347.7257385253906, 204.47894287109375, 526.618408203125, 309.18914794921875)",116,2
737,doc2_page116_9.png,"(347.43658447265625, 381.02239990234375, 527.244140625, 501.56378173828125)",116,2
738,doc2_page117_10.png,"(53.163780212402344, 48.1890869140625, 205.9228515625, 254.413818359375)",117,2
739,doc2_page118_5.png,"(387.406005859375, 242.869384765625, 486.0460205078125, 364.54937744140625)",118,2
740,doc2_page118_6.png,"(395.08599853515625, 89.85559844970703, 478.3659973144531, 188.735595703125)",118,2
741,doc2_page118_7.png,"(399.0459899902344, 410.70440673828125, 474.406005859375, 510.5444030761719)",118,2
742,doc2_page120_9.png,"(347.86456298828125, 352.93499755859375, 526.904541015625, 472.4549865722656)",120,2
743,doc2_page120_10.png,"(347.91363525390625, 521.7116088867188, 526.95361328125, 641.2316284179688)",120,2
744,doc2_page121_5.png,"(69.65922546386719, 519.155517578125, 188.93922424316406, 641.0755004882812)",121,2
745,doc2_page121_6.png,"(43.44093704223633, 381.7044677734375, 124.0809326171875, 459.7044677734375)",121,2
746,doc2_page121_7.png,"(130.51748657226562, 380.4170837402344, 211.15748596191406, 460.81707763671875)",121,2
747,doc2_page121_8.png,"(72.80757141113281, 182.12237548828125, 182.24755859375, 327.5623779296875)",121,2
748,doc2_page121_9.png,"(64.4784164428711, 55.830116271972656, 194.31842041015625, 138.8701171875)",121,2
749,doc2_page123_2.png,"(32.59842300415039, 623.1109619140625, 89.29133605957031, 679.8038940429688)",123,2
750,doc2_page124_1.png,"(300.0, 0.0, 415.0, 41.0)",124,2
751,doc2_page124_2.png,"(0.0, 0.0, 89.0, 47.0)",124,2
752,doc2_page124_17.png,"(347.527587890625, 334.578857421875, 527.244140625, 435.4597473144531)",124,2
753,doc2_page125_5.png,"(39.663299560546875, 57.09588623046875, 219.4232940673828, 293.4958801269531)",125,2
754,doc2_page125_7.png,"(39.68505859375, 398.6304931640625, 219.40158081054688, 617.7501220703125)",125,2
755,doc2_page126_4.png,"(346.97381591796875, 56.66560363769531, 526.6903076171875, 180.10247802734375)",126,2
756,doc2_page128_5.png,"(347.8309326171875, 264.00933837890625, 526.9407348632812, 364.75860595703125)",128,2
757,doc2_page129_6.png,"(36.95545959472656, 43.53349304199219, 227.16505432128906, 234.84469604492188)",129,2
758,doc2_page130_5.png,"(368.9927062988281, 55.027259826660156, 503.88519287109375, 176.884765625)",130,2
759,doc2_page131_7.png,"(39.33984375, 354.66058349609375, 218.61984252929688, 531.5405883789062)",131,2
760,doc2_page131_9.png,"(40.02447509765625, 180.3707733154297, 219.06446838378906, 303.0107727050781)",131,2
761,doc2_page134_1.png,"(43.265594482421875, 59.79900360107422, 107.34559631347656, 114.03900146484375)",134,2
762,doc2_page134_2.png,"(115.16329956054688, 59.439109802246094, 176.36329650878906, 114.39910888671875)",134,2
763,doc2_page134_3.png,"(183.58096313476562, 59.439170837402344, 248.8609619140625, 114.399169921875)",134,2
764,doc2_page134_4.png,"(255.358642578125, 59.439170837402344, 317.9986572265625, 114.399169921875)",134,2
765,doc2_page134_16.png,"(347.7559814453125, 56.37608337402344, 526.9373168945312, 158.3465576171875)",134,2
766,doc2_page134_17.png,"(346.57061767578125, 308.29608154296875, 528.6809692382812, 543.6834106445312)",134,2
767,doc2_page135_11.png,"(39.66331481933594, 413.58331298828125, 219.42330932617188, 542.2233276367188)",135,2
768,doc2_page136_1.png,"(347.51422119140625, 531.6066284179688, 526.8658447265625, 650.7073364257812)",136,2
769,doc2_page136_7.png,"(16.97039794921875, 39.80729675292969, 340.7303771972656, 221.96728515625)",136,2
770,doc2_page136_8.png,"(347.8034973144531, 55.803466796875, 526.843505859375, 195.48345947265625)",136,2
771,doc2_page136_9.png,"(347.80523681640625, 205.70404052734375, 526.84521484375, 312.9840393066406)",136,2
772,doc2_page137_6.png,"(39.65724182128906, 61.150543212890625, 246.97702026367188, 217.2275390625)",137,2
773,doc2_page137_7.png,"(291.3892822265625, 40.61381530761719, 527.2274780273438, 218.33074951171875)",137,2
774,doc2_page137_12.png,"(39.96460723876953, 506.0204772949219, 219.24459838867188, 640.1804809570312)",137,2
775,doc2_page138_13.png,"(347.7305908203125, 533.9424438476562, 527.0410766601562, 652.8330688476562)",138,2
776,doc2_page139_9.png,"(40.28692626953125, 58.660789489746094, 219.3458251953125, 174.62274169921875)",139,2
777,doc2_page140_3.png,"(348.9276123046875, 316.3936767578125, 532.69384765625, 477.18914794921875)",140,2
778,doc2_page140_4.png,"(346.0699462890625, 511.3927001953125, 532.7686157226562, 672.1881713867188)",140,2
779,doc2_page140_5.png,"(39.98582458496094, 58.6209716796875, 271.5858154296875, 213.18096923828125)",140,2
780,doc2_page140_8.png,"(300.16656494140625, 58.64823913574219, 526.966552734375, 213.688232421875)",140,2
781,doc2_page141_6.png,"(69.65591430664062, 457.8154296875, 189.4307098388672, 617.729248046875)",141,2
782,doc2_page141_10.png,"(67.43017578125, 56.29988098144531, 191.85067749023438, 199.037841796875)",141,2
783,doc2_page142_2.png,"(347.536376953125, 291.050537109375, 526.6287841796875, 410.328857421875)",142,2
784,doc2_page142_7.png,"(347.65472412109375, 56.33586120605469, 526.9346923828125, 176.81585693359375)",142,2
785,doc2_page142_9.png,"(347.5953674316406, 535.5504150390625, 526.9940795898438, 630.180908203125)",142,2
786,doc2_page143_2.png,"(40.07281494140625, 222.62030029296875, 219.59280395507812, 326.30029296875)",143,2
787,doc2_page143_11.png,"(63.07683563232422, 472.68865966796875, 197.17681884765625, 640.628662109375)",143,2
788,doc2_page145_4.png,"(32.59842300415039, 637.7188110351562, 89.29133605957031, 694.4117431640625)",145,2
789,doc2_page146_4.png,"(347.77056884765625, 173.30975341796875, 526.810546875, 294.98974609375)",146,2
790,doc2_page147_10.png,"(39.413299560546875, 56.40789031982422, 219.1732940673828, 178.087890625)",147,2
791,doc2_page147_11.png,"(39.413299560546875, 261.84393310546875, 219.1732940673828, 361.20391845703125)",147,2
792,doc2_page148_5.png,"(347.7208251953125, 56.34541320800781, 527.0008544921875, 176.10540771484375)",148,2
793,doc2_page148_6.png,"(347.7207946777344, 569.7271728515625, 527.0007934570312, 671.9671630859375)",148,2
794,doc2_page156_0.png,"(0.0, 0.0, 0.0, 0.0)",156,2
795,doc2_page156_1.png,"(0.0, 0.0, 0.0, 0.0)",156,2
796,doc2_page156_2.png,"(0.0, 0.0, 0.0, 0.0)",156,2
797,doc2_page156_3.png,"(0.0, 0.0, 0.0, 0.0)",156,2
798,doc2_page156_5.png,"(242.83465576171875, 644.1734008789062, 299.5275573730469, 700.8663330078125)",156,2
799,doc3_page0_0.jpeg,"(0.0, 0.0, 481.91998291015625, 708.719970703125)",0,3
800,doc3_page5_2.jpeg,"(22.391998291015625, 458.0830078125, 95.11799621582031, 608.8690185546875)",5,3
801,doc3_page5_3.jpeg,"(96.76200103759766, 457.9930114746094, 170.92800903320312, 608.3590087890625)",5,3
802,doc3_page5_4.jpeg,"(171.61199951171875, 458.0830078125, 245.80799865722656, 608.3590087890625)",5,3
803,doc3_page5_5.jpeg,"(321.10198974609375, 477.01300048828125, 394.3379821777344, 608.3590087890625)",5,3
804,doc3_page5_6.jpeg,"(394.7820129394531, 458.0830078125, 467.2080078125, 608.3590087890625)",5,3
805,doc3_page5_7.jpeg,"(247.03199768066406, 458.0830383300781, 321.25799560546875, 608.3890380859375)",5,3
806,doc3_page5_8.png,"(91.66200256347656, 408.4930114746094, 163.21800231933594, 477.6490173339844)",5,3
807,doc3_page5_9.png,"(91.93199920654297, 457.8429870605469, 95.11799621582031, 477.3489990234375)",5,3
808,doc3_page5_10.png,"(96.61199951171875, 457.9930114746094, 162.85800170898438, 477.22900390625)",5,3
809,doc3_page5_12.png,"(166.81199645996094, 408.4930114746094, 238.3679962158203, 477.6490173339844)",5,3
810,doc3_page5_13.png,"(167.1719970703125, 457.9930114746094, 170.92799377441406, 477.22900390625)",5,3
811,doc3_page5_14.png,"(171.40199279785156, 457.87298583984375, 238.18798828125, 477.40899658203125)",5,3
812,doc3_page5_16.png,"(241.9320068359375, 408.4930114746094, 253.96800231933594, 477.6490173339844)",5,3
813,doc3_page5_17.png,"(242.1719970703125, 457.87298583984375, 245.80799865722656, 477.40899658203125)",5,3
814,doc3_page5_18.png,"(246.82200622558594, 457.87298583984375, 313.218017578125, 477.3489990234375)",5,3
815,doc3_page5_20.png,"(312.9119873046875, 408.4930114746094, 324.947998046875, 458.4490051269531)",5,3
816,doc3_page5_21.png,"(319.87200927734375, 457.90301513671875, 391.4880065917969, 477.3790283203125)",5,3
817,doc3_page5_22.png,"(313.1820068359375, 457.87298583984375, 321.468017578125, 477.3489990234375)",5,3
818,doc3_page5_24.png,"(392.2919921875, 408.4930114746094, 462.4079895019531, 477.6490173339844)",5,3
819,doc3_page5_25.png,"(391.12200927734375, 457.90301513671875, 394.4880065917969, 477.3790283203125)",5,3
820,doc3_page5_26.png,"(394.60198974609375, 457.9029846191406, 462.10797119140625, 477.40899658203125)",5,3
821,doc3_page5_27.png,"(391.12200927734375, 464.6230163574219, 392.7480163574219, 477.3790283203125)",5,3
822,doc3_page5_28.png,"(390.85198974609375, 408.4930114746094, 393.2879943847656, 465.16900634765625)",5,3
823,doc3_page5_30.png,"(17.652000427246094, 408.4930114746094, 89.20800018310547, 477.6490173339844)",5,3
824,doc3_page5_31.png,"(22.152000427246094, 457.8429870605469, 88.8479995727539, 477.3489990234375)",5,3
825,doc3_page6_2.jpeg,"(8.981989860534668, 457.27301025390625, 83.62799072265625, 608.9290161132812)",6,3
826,doc3_page6_3.jpeg,"(84.73200225830078, 457.27301025390625, 159.34799194335938, 608.9290161132812)",6,3
827,doc3_page6_4.jpeg,"(160.21200561523438, 457.27301025390625, 234.88800048828125, 608.9290161132812)",6,3
828,doc3_page6_5.jpeg,"(235.15199279785156, 457.2730407714844, 309.8280029296875, 609.01904296875)",6,3
829,doc3_page6_6.jpeg,"(310.72198486328125, 477.04302978515625, 385.3379821777344, 608.9290161132812)",6,3
830,doc3_page6_7.jpeg,"(386.11199951171875, 457.27301025390625, 460.7879943847656, 608.9290161132812)",6,3
831,doc3_page6_8.png,"(87.85199737548828, 408.49298095703125, 159.40798950195312, 457.968994140625)",6,3
832,doc3_page6_9.png,"(88.27200317382812, 457.18304443359375, 159.01800537109375, 477.31903076171875)",6,3
833,doc3_page6_11.png,"(163.0019989013672, 408.49298095703125, 234.55799865722656, 457.968994140625)",6,3
834,doc3_page6_12.png,"(163.21200561523438, 457.06298828125, 234.25799560546875, 477.40899658203125)",6,3
835,doc3_page6_14.png,"(238.1219940185547, 408.49298095703125, 250.15798950195312, 457.968994140625)",6,3
836,doc3_page6_15.png,"(238.54200744628906, 457.18304443359375, 309.3179931640625, 477.259033203125)",6,3
837,doc3_page6_17.png,"(309.1319885253906, 408.4930114746094, 386.927978515625, 477.6490173339844)",6,3
838,doc3_page6_18.png,"(309.49200439453125, 457.18304443359375, 309.8280029296875, 477.259033203125)",6,3
839,doc3_page6_19.png,"(310.60198974609375, 457.15301513671875, 385.3379821777344, 477.3489990234375)",6,3
840,doc3_page6_20.png,"(385.8420104980469, 464.4730224609375, 387.947998046875, 477.31903076171875)",6,3
841,doc3_page6_22.png,"(388.5119934082031, 408.49298095703125, 458.62799072265625, 457.968994140625)",6,3
842,doc3_page6_23.jpeg,"(387.37200927734375, 457.03302001953125, 458.47802734375, 477.31903076171875)",6,3
843,doc3_page6_24.png,"(387.37200927734375, 464.4730224609375, 389.2080078125, 477.31903076171875)",6,3
844,doc3_page6_25.png,"(387.0719909667969, 408.4930114746094, 389.50799560546875, 465.16900634765625)",6,3
845,doc3_page6_27.png,"(13.842000007629395, 408.4930114746094, 85.39800262451172, 477.6490173339844)",6,3
846,doc3_page6_28.png,"(14.112000465393066, 457.093017578125, 83.62799835205078, 477.28900146484375)",6,3
847,doc3_page6_29.png,"(84.61199951171875, 457.18304443359375, 85.09799194335938, 477.31903076171875)",6,3
848,doc3_page7_6.png,"(328.2720031738281, 518.2930297851562, 445.90802001953125, 635.9290161132812)",7,3
849,doc3_page8_7.png,"(1.3320000171661377, 54.04301452636719, 142.00799560546875, 110.239013671875)",8,3
850,doc3_page8_8.png,"(31.57200050354004, 54.04301452636719, 33.04800033569336, 110.239013671875)",8,3
851,doc3_page8_10.png,"(35.59199905395508, 509.4430236816406, 194.7779998779297, 556.4290161132812)",8,3
852,doc3_page8_12.png,"(23.23200035095215, 435.3130187988281, 206.8679962158203, 482.29901123046875)",8,3
853,doc3_page8_14.png,"(206.3520050048828, 435.3130187988281, 329.9280090332031, 482.29901123046875)",8,3
854,doc3_page8_15.png,"(206.3520050048828, 469.66302490234375, 208.09800720214844, 482.29901123046875)",8,3
855,doc3_page8_16.png,"(206.20199584960938, 435.0429992675781, 208.63800048828125, 470.5989990234375)",8,3
856,doc3_page8_19.png,"(219.94200134277344, 508.4530334472656, 350.927978515625, 555.4390258789062)",8,3
857,doc3_page8_21.png,"(338.802001953125, 435.3130187988281, 449.77801513671875, 482.29901123046875)",8,3
858,doc3_page8_22.png,"(346.7820129394531, 480.1629943847656, 383.77801513671875, 482.5989990234375)",8,3
859,doc3_page9_4.png,"(106.4520034790039, 102.52301788330078, 176.5679931640625, 159.67901611328125)",9,3
860,doc3_page9_5.png,"(175.57200622558594, 102.52301788330078, 216.4080047607422, 159.67901611328125)",9,3
861,doc3_page9_6.jpeg,"(211.57200622558594, 130.3629913330078, 216.4080047607422, 133.27899169921875)",9,3
862,doc3_page9_7.jpeg,"(205.33200073242188, 113.56303405761719, 212.56800842285156, 120.31903076171875)",9,3
863,doc3_page12_2.jpeg,"(325.9020080566406, 509.89300537109375, 416.718017578125, 636.1090087890625)",12,3
864,doc3_page13_3.jpeg,"(212.08200073242188, 475.7830505371094, 438.9179992675781, 633.01904296875)",13,3
865,doc3_page14_2.jpeg,"(43.422000885009766, 49.78302001953125, 152.3280029296875, 209.02902221679688)",14,3
866,doc3_page15_5.jpeg,"(63.94200134277344, 495.64300537109375, 301.99798583984375, 632.1489868164062)",15,3
867,doc3_page15_9.jpeg,"(318.5820007324219, 416.593017578125, 431.89801025390625, 532.0690307617188)",15,3
868,doc3_page16_2.jpeg,"(42.071998596191406, 509.8929748535156, 280.00799560546875, 609.0789794921875)",16,3
869,doc3_page16_3.jpeg,"(303.2820129394531, 62.89302062988281, 416.5980224609375, 210.52902221679688)",16,3
870,doc3_page18_2.png,"(20.86199951171875, 519.8829956054688, 117.85800170898438, 566.958984375)",18,3
871,doc3_page18_4.png,"(33.46200180053711, 433.54302978515625, 215.89801025390625, 436.4590148925781)",18,3
872,doc3_page18_5.png,"(33.582000732421875, 435.91302490234375, 215.7779998779297, 492.82904052734375)",18,3
873,doc3_page18_7.png,"(231.01199340820312, 421.54302978515625, 243.04798889160156, 436.45904541015625)",18,3
874,doc3_page18_8.png,"(231.31199645996094, 435.91302490234375, 326.14801025390625, 492.82904052734375)",18,3
875,doc3_page18_11.png,"(120.94200134277344, 518.9230346679688, 252.46800231933594, 577.9990234375)",18,3
876,doc3_page18_13.png,"(325.5119934082031, 415.7229919433594, 454.18798828125, 436.8789978027344)",18,3
877,doc3_page18_14.jpeg,"(427.2720031738281, 415.7229919433594, 428.7480163574219, 436.8789978027344)",18,3
878,doc3_page18_15.png,"(325.6319885253906, 435.91302490234375, 453.8280029296875, 493.30902099609375)",18,3
879,doc3_page18_16.png,"(325.6319885253906, 480.072998046875, 329.2679748535156, 492.8290100097656)",18,3
880,doc3_page18_17.png,"(325.5119934082031, 420.0429992675781, 329.86798095703125, 481.03900146484375)",18,3
881,doc3_page18_18.png,"(341.35198974609375, 490.60302734375, 378.3479919433594, 493.5190124511719)",18,3
882,doc3_page18_21.png,"(281.7120056152344, 518.9230346679688, 463.6679992675781, 577.9990234375)",18,3
883,doc3_page19_1.png,"(205.0, 293.0, 287.0, 335.0)",19,3
884,doc3_page19_2.png,"(171.0, 241.0, 191.0, 307.0)",19,3
885,doc3_page19_3.png,"(143.0, 242.0, 176.0, 288.0)",19,3
886,doc3_page19_4.png,"(191.0, 240.0, 227.0, 313.0)",19,3
887,doc3_page19_5.png,"(261.0, 338.0, 323.0, 352.0)",19,3
888,doc3_page19_6.png,"(302.0, 419.0, 355.0, 434.0)",19,3
889,doc3_page19_7.png,"(214.0, 337.0, 254.0, 354.0)",19,3
890,doc3_page19_8.png,"(225.0, 358.0, 255.0, 376.0)",19,3
891,doc3_page19_9.png,"(331.0, 362.0, 357.0, 370.0)",19,3
892,doc3_page19_10.png,"(288.0, 388.0, 331.0, 398.0)",19,3
893,doc3_page19_11.png,"(263.0, 371.0, 329.0, 391.0)",19,3
894,doc3_page19_12.png,"(336.0, 389.0, 357.0, 396.0)",19,3
895,doc3_page19_13.png,"(89.0, 540.0, 114.0, 549.0)",19,3
896,doc3_page21_25.jpeg,"(53.44200134277344, 221.29299926757812, 239.8679962158203, 336.3789978027344)",21,3
897,doc3_page23_2.jpeg,"(64.66200256347656, 365.623046875, 331.5780029296875, 562.9390258789062)",23,3
898,doc3_page23_5.jpeg,"(64.39199829101562, 12.613006591796875, 305.38800048828125, 180.16900634765625)",23,3
899,doc3_page24_2.jpeg,"(267.7619934082031, 236.6230010986328, 427.75799560546875, 447.40899658203125)",24,3
900,doc3_page24_3.jpeg,"(32.44200134277344, 249.34303283691406, 248.56800842285156, 406.93902587890625)",24,3
901,doc3_page25_4.jpeg,"(65.11199951171875, 119.89300537109375, 168.91799926757812, 258.1090087890625)",25,3
902,doc3_page26_1.jpeg,"(31.422000885009766, 58.81300354003906, 427.5480041503906, 311.41900634765625)",26,3
903,doc3_page28_15.jpeg,"(252.28199768066406, 235.57302856445312, 428.26800537109375, 356.8690185546875)",28,3
904,doc3_page29_3.jpeg,"(54.10200119018555, 54.97300720214844, 257.89801025390625, 168.8590087890625)",29,3
905,doc3_page31_1.jpeg,"(56.11199951171875, 433.1829833984375, 309.197998046875, 608.1489868164062)",31,3
906,doc3_page31_2.jpeg,"(309.7919921875, 385.15301513671875, 450.1679992675781, 506.2090148925781)",31,3
907,doc3_page31_7.jpeg,"(55.12200164794922, 96.88301086425781, 310.00799560546875, 272.9590148925781)",31,3
908,doc3_page31_8.jpeg,"(54.85200119018555, 277.54302978515625, 309.9779968261719, 432.79901123046875)",31,3
909,doc3_page31_9.jpeg,"(309.7919921875, 282.28302001953125, 450.13800048828125, 384.4990234375)",31,3
910,doc3_page34_8.jpeg,"(256.72198486328125, 14.142990112304688, 467.74798583984375, 161.718994140625)",34,3
911,doc3_page35_13.jpeg,"(65.2020034790039, 346.6930236816406, 439.39801025390625, 575.9290161132812)",35,3
912,doc3_page36_4.jpeg,"(42.492000579833984, 433.1529846191406, 354.2879943847656, 632.1489868164062)",36,3
913,doc3_page36_5.jpeg,"(41.86199951171875, 58.84300231933594, 297.01800537109375, 235.75900268554688)",36,3
914,doc3_page36_6.jpeg,"(189.94200134277344, 260.89300537109375, 416.77801513671875, 406.8489990234375)",36,3
915,doc3_page38_1.jpeg,"(314.98199462890625, 279.40301513671875, 417.9179992675781, 441.5290222167969)",38,3
916,doc3_page39_16.jpeg,"(14.142000198364258, 14.14300537109375, 240.97799682617188, 190.0989990234375)",39,3
917,doc3_page40_4.png,"(1.3320000171661377, 54.04301452636719, 142.00799560546875, 110.239013671875)",40,3
918,doc3_page40_5.png,"(30.61199951171875, 54.04301452636719, 32.0880012512207, 110.239013671875)",40,3
919,doc3_page40_7.png,"(31.511999130249023, 548.4130249023438, 138.7679901123047, 619.489013671875)",40,3
920,doc3_page40_9.png,"(61.27199935913086, 475.3330078125, 165.43800354003906, 522.2890014648438)",40,3
921,doc3_page40_11.png,"(330.552001953125, 547.1530151367188, 456.76800537109375, 594.3489990234375)",40,3
922,doc3_page40_13.png,"(330.552001953125, 595.0929565429688, 456.76800537109375, 642.0789794921875)",40,3
923,doc3_page40_15.png,"(141.79200744628906, 548.4130249023438, 273.40802001953125, 607.4290161132812)",40,3
924,doc3_page40_17.png,"(177.70199584960938, 426.6130065917969, 299.8079833984375, 507.67901611328125)",40,3
925,doc3_page40_21.png,"(300.552001953125, 426.6130065917969, 427.0379943847656, 507.67901611328125)",40,3
926,doc3_page41_1.png,"(64.302001953125, 70.4830322265625, 134.41799926757812, 136.759033203125)",41,3
927,doc3_page41_2.png,"(133.4219970703125, 70.4830322265625, 174.25799560546875, 136.759033203125)",41,3
928,doc3_page41_3.jpeg,"(169.4219970703125, 98.32301330566406, 174.25799560546875, 101.239013671875)",41,3
929,doc3_page41_4.jpeg,"(163.1820068359375, 81.52299499511719, 170.4180145263672, 88.27899169921875)",41,3
930,doc3_page43_14.jpeg,"(12.281999588012695, 221.8930206298828, 253.9080047607422, 389.1190185546875)",43,3
931,doc3_page44_2.jpeg,"(226.48199462890625, 53.83299255371094, 427.75799560546875, 181.8489990234375)",44,3
932,doc3_page45_2.jpeg,"(65.44200134277344, 374.8930358886719, 213.91799926757812, 580.1290283203125)",45,3
933,doc3_page48_5.png,"(6.9720001220703125, 568.7830200195312, 106.15799713134766, 615.8590087890625)",48,3
934,doc3_page48_7.png,"(48.88199996948242, 495.7030334472656, 162.28799438476562, 542.7490234375)",48,3
935,doc3_page48_9.png,"(314.47198486328125, 567.6430053710938, 413.927978515625, 626.8090209960938)",48,3
936,doc3_page48_11.png,"(183.64199829101562, 568.7830200195312, 303.1080017089844, 627.9490356445312)",48,3
937,doc3_page48_13.png,"(161.77200317382812, 459.613037109375, 320.5679931640625, 542.7490234375)",48,3
938,doc3_page48_14.png,"(161.77200317382812, 530.1430053710938, 165.5279998779297, 542.7490234375)",48,3
939,doc3_page48_15.png,"(161.53199768066406, 493.9930114746094, 165.88800048828125, 530.989013671875)",48,3
940,doc3_page48_16.jpeg,"(161.53199768066406, 499.75299072265625, 163.00799560546875, 507.9490051269531)",48,3
941,doc3_page48_21.png,"(334.75201416015625, 459.613037109375, 432.0780029296875, 542.7490234375)",48,3
942,doc3_page49_15.jpeg,"(55.481998443603516, 463.3030090332031, 282.3179931640625, 632.5390014648438)",49,3
943,doc3_page50_26.jpeg,"(301.72198486328125, 72.85301208496094, 426.7679748535156, 231.91900634765625)",50,3
944,doc3_page51_6.jpeg,"(66.64199829101562, 253.9030303955078, 166.90798950195312, 397.93902587890625)",51,3
945,doc3_page51_8.jpeg,"(262.6919860839844, 98.83301544189453, 449.68798828125, 221.92901611328125)",51,3
946,doc3_page52_14.jpeg,"(42.492000579833984, 5.89300537109375, 416.718017578125, 265.03900146484375)",52,3
947,doc3_page53_6.jpeg,"(54.402000427246094, 476.14300537109375, 335.4779968261719, 632.8989868164062)",53,3
948,doc3_page54_2.jpeg,"(45.582000732421875, 134.32301330566406, 414.01800537109375, 285.79901123046875)",54,3
949,doc3_page56_5.png,"(243.3419952392578, 517.1530151367188, 360.01800537109375, 576.22900390625)",56,3
950,doc3_page56_7.png,"(233.5019989013672, 431.2330322265625, 332.89801025390625, 490.30902099609375)",56,3
951,doc3_page56_9.png,"(335.50201416015625, 431.2330322265625, 422.89801025390625, 490.30902099609375)",56,3
952,doc3_page56_11.png,"(90.94200134277344, 431.2330322265625, 199.93800354003906, 490.30902099609375)",56,3
953,doc3_page56_14.png,"(33.821998596191406, 516.9130249023438, 198.01800537109375, 575.989013671875)",56,3
954,doc3_page56_16.png,"(179.74200439453125, 641.7130126953125, 480.9779968261719, 675.3489990234375)",56,3
955,doc3_page56_18.jpeg,"(390.9419860839844, 14.892982482910156, 480.49798583984375, 114.76898193359375)",56,3
956,doc3_page57_5.jpeg,"(66.31199645996094, 280.3330078125, 321.468017578125, 451.489013671875)",57,3
957,doc3_page58_16.jpeg,"(304.5419921875, 63.85301208496094, 415.48797607421875, 214.489013671875)",58,3
958,doc3_page59_6.png,"(65.29199981689453, 298.54302978515625, 135.40798950195312, 366.739013671875)",59,3
959,doc3_page59_7.png,"(134.41200256347656, 298.54302978515625, 175.2480010986328, 366.739013671875)",59,3
960,doc3_page59_8.jpeg,"(170.41200256347656, 326.3830261230469, 175.2480010986328, 329.29901123046875)",59,3
961,doc3_page59_9.jpeg,"(164.1719970703125, 309.5830078125, 171.4080047607422, 316.3390197753906)",59,3
962,doc3_page60_35.jpeg,"(244.99200439453125, 414.85302734375, 415.5780029296875, 603.76904296875)",60,3
963,doc3_page61_4.jpeg,"(55.0620002746582, 472.2729797363281, 281.4179992675781, 632.1489868164062)",61,3
964,doc3_page65_0.png,"(91.78199768066406, 654.7030029296875, 223.2480010986328, 664.4290161132812)",65,3
965,doc3_page65_6.png,"(215.71200561523438, 590.322998046875, 354.197998046875, 654.739013671875)",65,3
966,doc3_page65_7.png,"(215.71200561523438, 648.6730346679688, 294.1679992675781, 654.739013671875)",65,3
967,doc3_page65_9.png,"(353.6520080566406, 590.322998046875, 457.5480041503906, 654.739013671875)",65,3
968,doc3_page65_10.png,"(353.6520080566406, 641.8930053710938, 358.7879943847656, 654.739013671875)",65,3
969,doc3_page65_11.png,"(353.50201416015625, 590.0230102539062, 359.29803466796875, 642.3790283203125)",65,3
970,doc3_page65_13.png,"(327.2820129394531, 476.3230285644531, 441.0780029296875, 563.7490234375)",65,3
971,doc3_page65_15.png,"(212.802001953125, 476.3230285644531, 318.37799072265625, 563.7490234375)",65,3
972,doc3_page65_17.png,"(47.742000579833984, 476.3230285644531, 199.0380096435547, 535.4290161132812)",65,3
973,doc3_page65_20.png,"(32.742000579833984, 590.0830078125, 183.0780029296875, 649.1890258789062)",65,3
974,doc3_page65_21.png,"(32.742000579833984, 648.6730346679688, 183.0780029296875, 654.739013671875)",65,3
975,doc3_page67_2.jpeg,"(65.1719970703125, 152.38299560546875, 233.20799255371094, 353.5989990234375)",67,3
976,doc3_page67_4.png,"(53.62200164794922, 385.6330261230469, 126.13800048828125, 479.7490234375)",67,3
977,doc3_page67_5.png,"(53.141998291015625, 385.6330261230469, 54.61800003051758, 479.7490234375)",67,3
978,doc3_page67_6.png,"(125.14199829101562, 385.6330261230469, 163.09799194335938, 479.7490234375)",67,3
979,doc3_page67_7.jpeg,"(158.26199340820312, 413.4730224609375, 163.09799194335938, 416.3890075683594)",67,3
980,doc3_page67_8.jpeg,"(152.02200317382812, 396.6730041503906, 159.2580108642578, 403.42901611328125)",67,3
981,doc3_page67_13.jpeg,"(250.9320068359375, 116.35302734375, 449.447998046875, 288.4690246582031)",67,3
982,doc3_page70_5.jpeg,"(242.4720001220703, 314.89300537109375, 426.76800537109375, 449.05902099609375)",70,3
983,doc3_page71_4.jpeg,"(65.1719970703125, 382.51300048828125, 439.4280090332031, 632.1790161132812)",71,3
984,doc3_page73_5.png,"(264.6419982910156, 518.9829711914062, 365.4779968261719, 583.3389892578125)",73,3
985,doc3_page73_7.png,"(140.802001953125, 440.02301025390625, 274.27801513671875, 499.0989990234375)",73,3
986,doc3_page73_9.png,"(53.44200134277344, 527.1430053710938, 154.2779998779297, 591.4990234375)",73,3
987,doc3_page73_11.png,"(369.2820129394531, 533.3829956054688, 446.5980224609375, 590.5390014648438)",73,3
988,doc3_page73_13.png,"(273.7619934082031, 440.02301025390625, 400.99798583984375, 499.0989990234375)",73,3
989,doc3_page73_14.png,"(273.7619934082031, 486.3429870605469, 274.75799560546875, 499.0989990234375)",73,3
990,doc3_page73_15.png,"(273.49200439453125, 439.8130187988281, 275.447998046875, 487.3690185546875)",73,3
991,doc3_page73_17.png,"(170.32200622558594, 519.4630126953125, 265.15802001953125, 578.5390014648438)",73,3
992,doc3_page73_18.png,"(264.6419982910156, 519.4630126953125, 265.39801025390625, 578.5390014648438)",73,3
993,doc3_page73_20.png,"(45.52199935913086, 429.7030029296875, 137.23800659179688, 498.8590087890625)",73,3
994,doc3_page75_6.jpeg,"(65.3219985961914, 69.01303100585938, 194.89801025390625, 253.93902587890625)",75,3
995,doc3_page76_3.jpeg,"(43.96200180053711, 141.40301513671875, 286.3079833984375, 290.8690185546875)",76,3
996,doc3_page76_6.jpeg,"(284.98199462890625, 323.89300537109375, 419.8380126953125, 515.7789916992188)",76,3
997,doc3_page77_4.png,"(62.47200012207031, 76.21299743652344, 135.46800231933594, 211.12899780273438)",77,3
998,doc3_page77_5.png,"(134.4720001220703, 76.21299743652344, 172.42800903320312, 211.12899780273438)",77,3
999,doc3_page77_6.jpeg,"(167.5919952392578, 122.77302551269531, 172.42799377441406, 125.68902587890625)",77,3
1000,doc3_page77_7.jpeg,"(161.3520050048828, 87.25303649902344, 168.5880126953125, 94.009033203125)",77,3
1001,doc3_page78_2.jpeg,"(226.66200256347656, 188.83302307128906, 417.64801025390625, 319.9990234375)",78,3
1002,doc3_page79_6.jpeg,"(65.1719970703125, 437.89300537109375, 194.53799438476562, 592.9390258789062)",79,3
1003,doc3_page80_5.jpeg,"(199.96200561523438, 54.16304016113281, 416.718017578125, 181.6390380859375)",80,3
1004,doc3_page82_14.jpeg,"(377.7120056152344, 17.683006286621094, 467.7480163574219, 123.16900634765625)",82,3
1005,doc3_page86_1.png,"(32.051998138427734, 95.32302856445312, 429.52801513671875, 446.7190246582031)",86,3
1006,doc3_page86_2.png,"(427.0920104980469, 95.32302856445312, 428.5680236816406, 446.7190246582031)",86,3
1007,doc3_page86_3.jpeg,"(418.4519958496094, 106.36302185058594, 425.6880187988281, 113.1190185546875)",86,3
1008,doc3_page88_1.png,"(32.77199935913086, 298.3330078125, 429.2879943847656, 493.72900390625)",88,3
1009,doc3_page88_2.png,"(427.3320007324219, 298.3330078125, 428.8080139160156, 493.72900390625)",88,3
1010,doc3_page88_3.jpeg,"(418.2120056152344, 309.37298583984375, 425.4480285644531, 316.1289978027344)",88,3
1011,doc3_page88_14.jpeg,"(162.19200134277344, 32.7130126953125, 416.927978515625, 194.92901611328125)",88,3
1012,doc3_page90_4.jpeg,"(179.98199462890625, 406.78302001953125, 427.7279968261719, 580.9390258789062)",90,3
1013,doc3_page92_2.png,"(1.3320000171661377, 54.04301452636719, 142.00799560546875, 110.239013671875)",92,3
1014,doc3_page92_3.png,"(30.61199951171875, 54.04301452636719, 32.0880012512207, 110.239013671875)",92,3
1015,doc3_page92_9.png,"(7.6620001792907715, 444.0429992675781, 135.3780059814453, 454.15899658203125)",92,3
1016,doc3_page92_10.png,"(7.901989936828613, 453.3730163574219, 135.1379852294922, 503.3290100097656)",92,3
1017,doc3_page92_12.png,"(7.901989936828613, 539.2930297851562, 141.37799072265625, 586.3690185546875)",92,3
1018,doc3_page92_14.png,"(325.9320068359375, 444.0429992675781, 436.8480224609375, 454.15899658203125)",92,3
1019,doc3_page92_15.png,"(332.62200927734375, 453.3730163574219, 436.5780029296875, 511.489013671875)",92,3
1020,doc3_page92_17.png,"(366.9419860839844, 545.7730102539062, 453.85797119140625, 596.6890258789062)",92,3
1021,doc3_page92_19.png,"(211.66200256347656, 539.2930297851562, 330.7380065917969, 586.3690185546875)",92,3
1022,doc3_page92_21.png,"(143.6219940185547, 444.0429992675781, 155.65798950195312, 454.15899658203125)",92,3
1023,doc3_page92_22.png,"(143.74200439453125, 453.3730163574219, 233.29800415039062, 511.489013671875)",92,3
1024,doc3_page92_25.png,"(235.48199462890625, 444.0429992675781, 326.7179870605469, 454.15899658203125)",92,3
1025,doc3_page92_26.png,"(232.78199768066406, 453.3730163574219, 333.13800048828125, 511.489013671875)",92,3
1026,doc3_page92_27.png,"(325.7820129394531, 443.9830017089844, 333.37799072265625, 454.0989990234375)",92,3
1027,doc3_page92_28.png,"(326.1419982910156, 453.3730163574219, 333.13800048828125, 511.489013671875)",92,3
1028,doc3_page92_29.png,"(232.78199768066406, 498.7330017089844, 235.93800354003906, 511.489013671875)",92,3
1029,doc3_page92_30.png,"(232.6020050048828, 444.0429992675781, 236.47801208496094, 499.27899169921875)",92,3
1030,doc3_page92_31.jpeg,"(232.6020050048828, 477.64300537109375, 234.0780029296875, 485.3590087890625)",92,3
1031,doc3_page94_13.jpeg,"(31.781999588012695, 5.7429962158203125, 400.218017578125, 226.0989990234375)",94,3
1032,doc3_page94_14.jpeg,"(246.58200073242188, 171.31298828125, 426.88800048828125, 279.3489990234375)",94,3
1033,doc3_page95_5.jpeg,"(65.1719970703125, 359.89300537109375, 185.8979949951172, 535.9390258789062)",95,3
1034,doc3_page95_6.jpeg,"(202.6020050048828, 467.89300537109375, 440.38800048828125, 630.9190063476562)",95,3
1035,doc3_page96_6.jpeg,"(322.99200439453125, 465.64300537109375, 426.2279968261719, 618.9190063476562)",96,3
1036,doc3_page97_3.png,"(62.801998138427734, 425.4430236816406, 126.197998046875, 508.5190124511719)",97,3
1037,doc3_page97_4.png,"(125.2020034790039, 425.4430236816406, 148.75799560546875, 508.5190124511719)",97,3
1038,doc3_page97_5.jpeg,"(143.9219970703125, 463.3630065917969, 148.75799560546875, 466.27899169921875)",97,3
1039,doc3_page97_6.jpeg,"(137.6820068359375, 436.4830017089844, 144.9180145263672, 443.239013671875)",97,3
1040,doc3_page98_28.jpeg,"(347.6520080566406, 56.17301940917969, 424.697998046875, 179.92901611328125)",98,3
1041,doc3_page99_3.jpeg,"(63.37200164794922, 110.83302307128906, 270.4079895019531, 266.17901611328125)",99,3
1042,doc3_page99_4.jpeg,"(283.87200927734375, 9.883026123046875, 432.37799072265625, 267.04901123046875)",99,3
1043,doc3_page100_6.jpeg,"(284.0820007324219, 280.66302490234375, 427.63800048828125, 492.8590087890625)",100,3
1044,doc3_page101_3.jpeg,"(2.981990098953247, 257.89300537109375, 328.5780029296875, 414.91900634765625)",101,3
1045,doc3_page103_0.png,"(365.23199462890625, 567.343017578125, 447.3479919433594, 631.6990356445312)",103,3
1046,doc3_page103_2.png,"(166.27200317382812, 463.90301513671875, 327.1080017089844, 528.259033203125)",103,3
1047,doc3_page103_4.png,"(85.87200164794922, 567.343017578125, 199.18800354003906, 631.6990356445312)",103,3
1048,doc3_page103_6.png,"(333.7919921875, 468.94305419921875, 429.8280029296875, 528.01904296875)",103,3
1049,doc3_page103_8.png,"(267.552001953125, 567.343017578125, 349.6679992675781, 631.6990356445312)",103,3
1050,doc3_page103_10.png,"(72.91200256347656, 468.94305419921875, 164.6280059814453, 528.01904296875)",103,3
1051,doc3_page104_6.jpeg,"(229.81199645996094, 53.53300476074219, 418.18798828125, 192.28900146484375)",104,3
1052,doc3_page105_7.jpeg,"(9.161999702453613, 8.143035888671875, 264.3179931640625, 169.69903564453125)",105,3
1053,doc3_page107_3.jpeg,"(54.85200119018555, 461.9530029296875, 326.5679931640625, 632.1489868164062)",107,3
1054,doc3_page109_2.png,"(279.0, 174.0, 316.0, 209.0)",109,3
1055,doc3_page109_3.png,"(277.0, 213.0, 312.0, 263.0)",109,3
1056,doc3_page109_4.png,"(243.0, 211.0, 274.0, 229.0)",109,3
1057,doc3_page109_5.png,"(230.0, 130.0, 290.0, 192.0)",109,3
1058,doc3_page109_6.png,"(346.0, 210.0, 386.0, 296.0)",109,3
1059,doc3_page109_7.png,"(350.0, 269.0, 387.0, 317.0)",109,3
1060,doc3_page109_8.png,"(425.0, 209.0, 440.0, 277.0)",109,3
1061,doc3_page109_9.png,"(334.0, 147.0, 347.0, 202.0)",109,3
1062,doc3_page109_10.png,"(389.0, 210.0, 416.0, 289.0)",109,3
1063,doc3_page109_11.png,"(330.0, 214.0, 350.0, 256.0)",109,3
1064,doc3_page109_12.png,"(195.0, 194.0, 230.0, 213.0)",109,3
1065,doc3_page109_13.png,"(362.0, 141.0, 370.0, 182.0)",109,3
1066,doc3_page109_14.png,"(365.0, 153.0, 396.0, 208.0)",109,3
1067,doc3_page109_15.png,"(208.0, 267.0, 275.0, 319.0)",109,3
1068,doc3_page109_16.png,"(244.0, 278.0, 306.0, 360.0)",109,3
1069,doc3_page109_17.png,"(318.0, 302.0, 393.0, 367.0)",109,3
1070,doc3_page109_18.png,"(180.0, 231.0, 240.0, 262.0)",109,3
1071,doc3_page109_19.png,"(56.0, 472.0, 87.0, 478.0)",109,3
1072,doc3_page110_6.jpeg,"(42.94200134277344, 206.0530242919922, 155.92800903320312, 380.7490234375)",110,3
1073,doc3_page110_8.jpeg,"(179.98199462890625, 464.29296875, 416.7179870605469, 632.1489868164062)",110,3
1074,doc3_page112_3.png,"(41.742000579833984, 497.2030029296875, 127.21800231933594, 556.2789916992188)",112,3
1075,doc3_page112_5.png,"(159.82200622558594, 497.2030029296875, 300.49798583984375, 556.2789916992188)",112,3
1076,doc3_page112_7.png,"(358.5419921875, 495.52301025390625, 445.93798828125, 554.5989990234375)",112,3
1077,doc3_page112_9.png,"(227.74200439453125, 413.4430236816406, 318.9779968261719, 472.5190124511719)",112,3
1078,doc3_page112_11.png,"(124.302001953125, 413.4430236816406, 230.41799926757812, 472.5190124511719)",112,3
1079,doc3_page112_12.png,"(227.74200439453125, 413.4430236816406, 230.41799926757812, 472.5190124511719)",112,3
1080,doc3_page112_15.png,"(321.8219909667969, 413.4430236816406, 401.0579833984375, 472.5190124511719)",112,3
1081,doc3_page112_16.png,"(321.61199951171875, 469.363037109375, 351.88800048828125, 472.759033203125)",112,3
1082,doc3_page112_19.jpeg,"(382.8420104980469, 7.903007507324219, 474.3480224609375, 114.79901123046875)",112,3
1083,doc3_page114_5.jpeg,"(339.61199951171875, 44.89300537109375, 416.02801513671875, 168.91900634765625)",114,3
1084,doc3_page114_6.jpeg,"(257.98199462890625, 458.4429931640625, 476.2979736328125, 631.3389892578125)",114,3
1085,doc3_page115_25.jpeg,"(54.641998291015625, 175.60301208496094, 176.35800170898438, 338.92901611328125)",115,3
1086,doc3_page116_8.jpeg,"(31.27199935913086, 453.883056640625, 144.13800048828125, 630.1390380859375)",116,3
1087,doc3_page117_5.jpeg,"(65.86199951171875, 372.0730285644531, 308.9880065917969, 547.009033203125)",117,3
1088,doc3_page118_15.jpeg,"(311.86199951171875, 464.322998046875, 417.7080078125, 604.3389892578125)",118,3
1089,doc3_page121_5.png,"(365.7120056152344, 594.373046875, 450.2279968261719, 641.4490356445312)",121,3
1090,doc3_page121_7.png,"(159.31199645996094, 594.373046875, 289.427978515625, 641.4490356445312)",121,3
1091,doc3_page121_9.png,"(151.15199279785156, 486.85302734375, 247.66799926757812, 533.9290161132812)",121,3
1092,doc3_page121_11.png,"(350.5920104980469, 507.7330017089844, 461.9880065917969, 555.2890014648438)",121,3
1093,doc3_page121_13.png,"(30.191999435424805, 476.05303955078125, 138.70799255371094, 535.1290283203125)",121,3
1094,doc3_page122_4.jpeg,"(291.3420104980469, 55.78302001953125, 415.75799560546875, 231.01901245117188)",122,3
1095,doc3_page123_5.jpeg,"(63.88199996948242, 405.4630126953125, 178.8179931640625, 570.6190185546875)",123,3
1096,doc3_page124_2.jpeg,"(171.9720001220703, 165.2830047607422, 426.7980041503906, 327.3190002441406)",124,3
1097,doc3_page125_5.jpeg,"(64.96199798583984, 44.50303649902344, 261.7380065917969, 190.57904052734375)",125,3
1098,doc3_page125_6.jpeg,"(56.77199935913086, 438.6730041503906, 179.447998046875, 636.1690063476562)",125,3
1099,doc3_page125_7.jpeg,"(313.99200439453125, 437.89300537109375, 447.9179992675781, 635.9290161132812)",125,3
1100,doc3_page125_8.jpeg,"(182.052001953125, 437.89300537109375, 311.68798828125, 635.8090209960938)",125,3
1101,doc3_page127_14.jpeg,"(64.60199737548828, 386.89300537109375, 177.91799926757812, 564.0490112304688)",127,3
1102,doc3_page128_3.jpeg,"(259.75201416015625, 15.972991943359375, 416.6280212402344, 171.52899169921875)",128,3
1103,doc3_page128_5.jpeg,"(259.75201416015625, 266.77301025390625, 468.7080078125, 403.03900146484375)",128,3
1104,doc3_page130_5.png,"(1.9019927978515625, 524.2030029296875, 93.61799621582031, 571.759033203125)",130,3
1105,doc3_page130_7.png,"(1.4220000505447388, 445.3030090332031, 13.458000183105469, 480.8590087890625)",130,3
1106,doc3_page130_8.png,"(1.6620025634765625, 480.28302001953125, 131.29800415039062, 498.31903076171875)",130,3
1107,doc3_page130_10.png,"(174.9420166015625, 523.2430419921875, 258.01800537109375, 582.3190307617188)",130,3
1108,doc3_page130_12.png,"(249.1020050048828, 579.4030151367188, 422.4179992675781, 638.47900390625)",130,3
1109,doc3_page130_13.png,"(249.1020050048828, 579.4030151367188, 258.01800537109375, 582.3190307617188)",130,3
1110,doc3_page130_15.png,"(303.61199951171875, 451.3030090332031, 439.00799560546875, 481.0989990234375)",130,3
1111,doc3_page130_16.jpeg,"(427.4519958496094, 451.3030090332031, 428.9280090332031, 481.0989990234375)",130,3
1112,doc3_page130_17.png,"(303.822021484375, 480.28302001953125, 438.7380065917969, 498.55902099609375)",130,3
1113,doc3_page130_19.png,"(130.6020050048828, 439.15301513671875, 142.63800048828125, 480.9490051269531)",130,3
1114,doc3_page130_20.png,"(130.78201293945312, 480.28302001953125, 219.3780059814453, 498.55902099609375)",130,3
1115,doc3_page130_21.png,"(130.78199768066406, 485.5630187988281, 135.13800048828125, 498.31903076171875)",130,3
1116,doc3_page130_22.png,"(130.6020050048828, 443.4729919433594, 135.43800354003906, 486.22900390625)",130,3
1117,doc3_page130_24.png,"(221.4720001220703, 439.15301513671875, 292.0679931640625, 480.9490051269531)",130,3
1118,doc3_page130_25.png,"(218.86199951171875, 480.28302001953125, 291.8580017089844, 498.55902099609375)",130,3
1119,doc3_page130_26.png,"(218.86199951171875, 485.8030090332031, 222.01800537109375, 498.55902099609375)",130,3
1120,doc3_page130_27.png,"(218.5919952392578, 439.15301513671875, 222.46800231933594, 486.7090148925781)",130,3
1121,doc3_page130_29.png,"(358.7820129394531, 525.4030151367188, 426.01800537109375, 572.47900390625)",130,3
1122,doc3_page130_31.png,"(93.10198974609375, 524.2030029296875, 175.45799255371094, 571.2789916992188)",130,3
1123,doc3_page130_32.png,"(87.82198333740234, 558.7630004882812, 93.61799621582031, 571.2789916992188)",130,3
1124,doc3_page130_33.png,"(87.52200317382812, 524.02294921875, 94.27799987792969, 559.5789794921875)",130,3
1125,doc3_page130_34.png,"(174.94200134277344, 524.2030029296875, 179.05799865722656, 571.2789916992188)",130,3
1126,doc3_page130_37.png,"(269.02197265625, 523.2429809570312, 355.93798828125, 578.47900390625)",130,3
1127,doc3_page130_38.png,"(268.72198486328125, 577.7230224609375, 356.11798095703125, 582.5590209960938)",130,3
1128,doc3_page130_39.png,"(272.0820007324219, 523.0029907226562, 274.0379943847656, 577.2789916992188)",130,3
1129,doc3_page130_40.jpeg,"(270.6419982910156, 576.2830200195312, 275.4779968261719, 581.5989990234375)",130,3
1130,doc3_page134_6.jpeg,"(211.0919952392578, 338.89300537109375, 414.01800537109375, 461.2090148925781)",134,3
1131,doc3_page135_16.jpeg,"(54.9119987487793, 436.1230163574219, 251.29800415039062, 584.1190185546875)",135,3
1132,doc3_page136_3.jpeg,"(42.3120002746582, 460.66302490234375, 153.55799865722656, 631.009033203125)",136,3
1133,doc3_page136_4.jpeg,"(154.57200622558594, 460.66302490234375, 287.2380065917969, 630.76904296875)",136,3
1134,doc3_page136_5.jpeg,"(288.85198974609375, 460.66302490234375, 417.37799072265625, 630.9490356445312)",136,3
1135,doc3_page137_16.jpeg,"(54.13199996948242, 14.143020629882812, 216.58799743652344, 194.92901611328125)",137,3
1136,doc3_page139_5.jpeg,"(65.68199920654297, 258.5830078125, 186.73800659179688, 431.65899658203125)",139,3
1137,doc3_page139_6.jpeg,"(189.61199951171875, 258.5830078125, 304.9079895019531, 431.77899169921875)",139,3
1138,doc3_page139_7.jpeg,"(307.0320129394531, 258.5830078125, 438.3179931640625, 431.89898681640625)",139,3
1139,doc3_page139_8.jpeg,"(243.76199340820312, 108.01301574707031, 439.39801025390625, 254.92901611328125)",139,3
1140,doc3_page140_22.jpeg,"(313.302001953125, 53.593017578125, 427.4880065917969, 202.51901245117188)",140,3
1141,doc3_page143_1.png,"(0.3119969964027405, 459.2229919433594, 2.7479970455169678, 512.5390014648438)",143,3
1142,doc3_page143_2.png,"(1.781999945640564, 459.5229797363281, 120.70800018310547, 512.3289794921875)",143,3
1143,doc3_page143_4.png,"(275.6820068359375, 460.00299072265625, 436.0679931640625, 512.7789916992188)",143,3
1144,doc3_page143_6.png,"(132.64199829101562, 453.31298828125, 217.66799926757812, 512.3289794921875)",143,3
1145,doc3_page143_8.png,"(197.5919952392578, 537.1630249023438, 290.7179870605469, 596.1790161132812)",143,3
1146,doc3_page143_10.png,"(17.23200035095215, 538.3030395507812, 177.58799743652344, 597.3190307617188)",143,3
1147,doc3_page143_13.png,"(327.5220031738281, 537.1630249023438, 433.0679931640625, 596.1790161132812)",143,3
1148,doc3_page143_15.png,"(1.781999945640564, 646.363037109375, 296.9280090332031, 672.1990356445312)",143,3
1149,doc3_page144_4.jpeg,"(33.43199920654297, 426.04296875, 175.8179931640625, 632.958984375)",144,3
1150,doc3_page147_14.jpeg,"(53.71200180053711, 35.53300476074219, 228.88800048828125, 215.3590087890625)",147,3
1151,doc3_page147_17.jpeg,"(233.5919952392578, 403.4230041503906, 450.2879943847656, 547.0989990234375)",147,3
1152,doc3_page149_6.jpeg,"(363.8819885253906, 37.84302520751953, 450.3479919433594, 160.93902587890625)",149,3
1153,doc3_page149_8.jpeg,"(174.2519989013672, 428.89300537109375, 450.52801513671875, 632.6890258789062)",149,3
1154,doc3_page150_2.jpeg,"(341.98199462890625, 201.7630157470703, 427.0679931640625, 339.67901611328125)",150,3
1155,doc3_page150_6.jpeg,"(341.98199462890625, 56.9530029296875, 427.0679931640625, 158.41900634765625)",150,3
1156,doc3_page150_7.jpeg,"(166.0019989013672, 415.2130126953125, 300.947998046875, 500.3890075683594)",150,3
1157,doc3_page150_8.jpeg,"(166.0019989013672, 499.36297607421875, 302.38800048828125, 574.3389892578125)",150,3
1158,doc3_page150_9.jpeg,"(304.0320129394531, 414.88299560546875, 426.76800537109375, 570.2890014648438)",150,3
1159,doc3_page150_10.jpeg,"(39.1619987487793, 410.89300537109375, 157.30799865722656, 569.3590087890625)",150,3
1160,doc3_page150_11.jpeg,"(45.52199935913086, 567.6430053710938, 158.83799743652344, 680.958984375)",150,3
1161,doc3_page152_1.png,"(1.3320000171661377, 54.04301452636719, 142.00799560546875, 110.239013671875)",152,3
1162,doc3_page152_2.png,"(30.61199951171875, 54.04301452636719, 32.0880012512207, 110.239013671875)",152,3
1163,doc3_page152_4.png,"(311.47198486328125, 500.80303955078125, 435.3479919433594, 559.8790283203125)",152,3
1164,doc3_page152_6.png,"(180.6719970703125, 502.7230224609375, 266.14801025390625, 561.7990112304688)",152,3
1165,doc3_page152_8.png,"(6.671999931335449, 502.7230224609375, 92.62799835205078, 571.8790283203125)",152,3
1166,doc3_page152_10.png,"(92.11199951171875, 502.7230224609375, 173.98800659179688, 561.7990112304688)",152,3
1167,doc3_page152_11.png,"(87.0719985961914, 558.8829956054688, 92.62799835205078, 561.7990112304688)",152,3
1168,doc3_page152_12.png,"(86.74199676513672, 502.4830322265625, 93.01799774169922, 559.6390380859375)",152,3
1169,doc3_page152_13.jpeg,"(86.74199676513672, 536.5630493164062, 88.69799041748047, 543.3190307617188)",152,3
1170,doc3_page152_16.png,"(15.342000007629395, 406.6330261230469, 138.73800659179688, 416.7490234375)",152,3
1171,doc3_page152_17.png,"(15.552000045776367, 415.843017578125, 138.46800231933594, 474.1990051269531)",152,3
1172,doc3_page152_19.png,"(164.5019989013672, 406.6330261230469, 333.01800537109375, 416.7490234375)",152,3
1173,doc3_page152_20.png,"(164.83200073242188, 415.843017578125, 332.86798095703125, 474.1990051269531)",152,3
1174,doc3_page152_23.png,"(357.3420104980469, 406.4830017089844, 454.8179931640625, 416.5989990234375)",152,3
1175,doc3_page152_24.png,"(357.552001953125, 415.843017578125, 454.5480041503906, 473.9590148925781)",152,3
1176,doc3_page152_25.png,"(382.302001953125, 471.76300048828125, 419.2980041503906, 474.1990051269531)",152,3
1177,doc3_page154_4.jpeg,"(316.75201416015625, 436.2430114746094, 456.04803466796875, 619.72900390625)",154,3
1178,doc3_page154_5.jpeg,"(184.45199584960938, 436.42303466796875, 315.0780029296875, 619.8190307617188)",154,3
1179,doc3_page155_15.jpeg,"(67.87200164794922, 519.8829956054688, 148.48800659179688, 632.8690185546875)",155,3
1180,doc3_page156_2.jpeg,"(164.052001953125, 220.57301330566406, 426.76800537109375, 417.739013671875)",156,3
1181,doc3_page157_7.jpeg,"(66.01200103759766, 60.79301452636719, 157.9080047607422, 192.55902099609375)",157,3
1182,doc3_page161_6.png,"(26.832000732421875, 490.3330078125, 124.78800201416016, 564.2890014648438)",161,3
1183,doc3_page161_8.png,"(315.31201171875, 502.3330078125, 421.90802001953125, 564.2890014648438)",161,3
1184,doc3_page161_10.png,"(128.83200073242188, 588.7330322265625, 269.50799560546875, 645.1690063476562)",161,3
1185,doc3_page161_11.png,"(128.83200073242188, 644.6530151367188, 269.50799560546875, 646.8489990234375)",161,3
1186,doc3_page161_13.png,"(125.71199798583984, 483.61297607421875, 218.38800048828125, 563.3289794921875)",161,3
1187,doc3_page161_16.png,"(349.3919982910156, 588.7330322265625, 442.0679931640625, 647.8090209960938)",161,3
1188,doc3_page162_3.png,"(41.77199935913086, 506.8930358886719, 111.88800048828125, 577.009033203125)",162,3
1189,doc3_page162_4.png,"(110.89199829101562, 506.8930358886719, 151.72799682617188, 577.009033203125)",162,3
1190,doc3_page162_5.jpeg,"(146.89199829101562, 534.7330322265625, 151.72799682617188, 537.6490478515625)",162,3
1191,doc3_page162_6.jpeg,"(140.65199279785156, 517.9330444335938, 147.88800048828125, 524.6890258789062)",162,3
1192,doc3_page162_9.jpeg,"(172.90199279785156, 317.1729736328125, 417.13800048828125, 472.968994140625)",162,3
1193,doc3_page163_4.jpeg,"(266.2619934082031, 327.7630310058594, 440.447998046875, 458.7490234375)",163,3
1194,doc3_page163_5.jpeg,"(65.1719970703125, 327.76300048828125, 257.447998046875, 459.1390075683594)",163,3
1195,doc3_page164_5.jpeg,"(286.2720031738281, 41.83302307128906, 427.75799560546875, 240.46902465820312)",164,3
1196,doc3_page164_7.jpeg,"(186.9720001220703, 461.35302734375, 427.00799560546875, 628.2490234375)",164,3
1197,doc3_page164_10.jpeg,"(31.961999893188477, 461.35302734375, 185.86801147460938, 554.9290161132812)",164,3
1198,doc3_page166_4.jpeg,"(313.60198974609375, 31.9630126953125, 427.00799560546875, 182.989013671875)",166,3
1199,doc3_page167_25.jpeg,"(67.00199890136719, 69.61302185058594, 171.91799926757812, 224.92901611328125)",167,3
1200,doc3_page168_7.jpeg,"(320.2619934082031, 131.89300537109375, 414.88800048828125, 257.92901611328125)",168,3
1201,doc3_page170_1.png,"(144.70199584960938, 525.4929809570312, 245.05799865722656, 592.72900390625)",170,3
1202,doc3_page170_3.png,"(287.74200439453125, 449.17303466796875, 383.2980041503906, 496.2490234375)",170,3
1203,doc3_page170_5.png,"(153.82200622558594, 449.17303466796875, 270.9779968261719, 496.2490234375)",170,3
1204,doc3_page170_7.png,"(244.54200744628906, 525.4929809570312, 330.9779968261719, 592.72900390625)",170,3
1205,doc3_page170_8.png,"(244.54200744628906, 579.9730224609375, 246.01800537109375, 592.72900390625)",170,3
1206,doc3_page170_9.png,"(244.4219970703125, 525.2830200195312, 246.37799072265625, 580.51904296875)",170,3
1207,doc3_page170_11.png,"(15.581999778747559, 438.3730163574219, 138.4980010986328, 497.4490051269531)",170,3
1208,doc3_page170_13.png,"(22.781999588012695, 525.7330322265625, 140.41799926757812, 576.6490478515625)",170,3
1209,doc3_page170_16.png,"(344.1419982910156, 528.613037109375, 449.77801513671875, 575.6890258789062)",170,3
1210,doc3_page171_5.jpeg,"(215.41200256347656, 14.14300537109375, 450.43798828125, 185.29901123046875)",171,3
1211,doc3_page172_5.jpeg,"(42.492000579833984, 21.883010864257812, 264.4679870605469, 160.54901123046875)",172,3
1212,doc3_page172_8.jpeg,"(274.5419921875, 21.883010864257812, 418.7879943847656, 232.63900756835938)",172,3
1213,doc3_page176_6.jpeg,"(45.34199905395508, 163.4530029296875, 207.37799072265625, 397.5790100097656)",176,3
1214,doc3_page176_7.jpeg,"(233.98199462890625, 17.832992553710938, 417.1080017089844, 269.6289978027344)",176,3
1215,doc3_page176_8.jpeg,"(233.98199462890625, 346.9330139160156, 416.7179870605469, 467.3890075683594)",176,3
1216,doc3_page177_16.jpeg,"(63.79199981689453, 14.142990112304688, 230.89801025390625, 129.64898681640625)",177,3
1217,doc3_page179_2.png,"(146.5919952392578, 527.6229858398438, 232.54800415039062, 594.8590087890625)",179,3
1218,doc3_page179_4.png,"(158.3520050048828, 364.90301513671875, 251.02801513671875, 387.0190124511719)",179,3
1219,doc3_page179_5.png,"(158.5919952392578, 386.5030212402344, 250.78799438476562, 454.4590148925781)",179,3
1220,doc3_page179_7.png,"(270.0419921875, 364.90301513671875, 381.43798828125, 387.0190124511719)",179,3
1221,doc3_page179_8.png,"(270.1919860839844, 386.5030212402344, 381.10797119140625, 454.4590148925781)",179,3
1222,doc3_page179_10.png,"(32.59199905395508, 395.3830261230469, 139.18800354003906, 454.4590148925781)",179,3
1223,doc3_page179_12.png,"(21.552000045776367, 527.6229858398438, 113.74800109863281, 605.4190063476562)",179,3
1224,doc3_page179_15.png,"(361.6319885253906, 484.42303466796875, 426.947998046875, 531.4990234375)",179,3
1225,doc3_page180_7.jpeg,"(194.77200317382812, 291.2230224609375, 417.25799560546875, 465.67901611328125)",180,3
1226,doc3_page180_9.jpeg,"(194.77200317382812, 468.64300537109375, 417.0480041503906, 630.708984375)",180,3
1227,doc3_page181_8.jpeg,"(65.6520004272461, 315.3730163574219, 264.1679992675781, 459.6490173339844)",181,3
1228,doc3_page181_9.jpeg,"(65.6520004272461, 461.89300537109375, 286.24798583984375, 626.8090209960938)",181,3
1229,doc3_page181_10.jpeg,"(266.802001953125, 316.4230041503906, 441.52801513671875, 459.97900390625)",181,3
1230,doc3_page182_3.jpeg,"(42.43199920654297, 209.62301635742188, 269.26800537109375, 377.8990173339844)",182,3
1231,doc3_page183_6.jpeg,"(64.87200164794922, 363.7330322265625, 219.04800415039062, 570.0490112304688)",183,3
1232,doc3_page183_7.jpeg,"(220.36199951171875, 384.25299072265625, 439.0679931640625, 565.218994140625)",183,3
1233,doc3_page184_3.jpeg,"(290.7720031738281, 53.8330078125, 428.62799072265625, 227.44900512695312)",184,3
1234,doc3_page186_3.png,"(30.91200065612793, 267.2230224609375, 109.18800354003906, 337.3390197753906)",186,3
1235,doc3_page186_4.png,"(30.43199920654297, 267.2230224609375, 31.90799903869629, 337.3390197753906)",186,3
1236,doc3_page186_5.png,"(108.19200134277344, 267.2230224609375, 140.38800048828125, 337.3390197753906)",186,3
1237,doc3_page186_6.jpeg,"(135.552001953125, 295.0630187988281, 140.38800048828125, 297.97900390625)",186,3
1238,doc3_page186_7.jpeg,"(129.31199645996094, 278.26300048828125, 136.54800415039062, 285.0190124511719)",186,3
1239,doc3_page188_3.jpeg,"(80.98200225830078, 271.1230163574219, 186.5880126953125, 428.989013671875)",188,3
1240,doc3_page188_4.jpeg,"(305.35198974609375, 272.14300537109375, 418.12799072265625, 427.968994140625)",188,3
1241,doc3_page188_5.jpeg,"(193.1820068359375, 272.14300537109375, 299.77801513671875, 427.3690185546875)",188,3
1242,doc3_page189_4.jpeg,"(14.142000198364258, 109.18299865722656, 248.8979949951172, 276.28900146484375)",189,3
1243,doc3_page189_5.jpeg,"(14.92199993133545, 278.68304443359375, 248.8979949951172, 449.029052734375)",189,3
1244,doc3_page189_6.jpeg,"(250.78199768066406, 307.30303955078125, 449.2980041503906, 448.93902587890625)",189,3
1245,doc3_page193_5.png,"(5.682010173797607, 640.093017578125, 278.1180114746094, 676.6090087890625)",193,3
1246,doc3_page193_6.png,"(24.16200065612793, 482.89300537109375, 117.5580062866211, 553.968994140625)",193,3
1247,doc3_page193_8.png,"(220.48199462890625, 465.37298583984375, 310.75799560546875, 554.208984375)",193,3
1248,doc3_page193_10.png,"(326.0820007324219, 483.13299560546875, 427.87799072265625, 554.208984375)",193,3
1249,doc3_page193_12.png,"(167.44200134277344, 578.8930053710938, 305.2380065917969, 637.009033203125)",193,3
1250,doc3_page193_14.png,"(117.04199981689453, 482.89300537109375, 220.75799560546875, 553.968994140625)",193,3
1251,doc3_page193_15.png,"(117.04199981689453, 541.4530029296875, 118.75800323486328, 553.968994140625)",193,3
1252,doc3_page193_16.png,"(116.83200073242188, 482.7430114746094, 119.26799774169922, 542.2990112304688)",193,3
1253,doc3_page193_19.png,"(378.6419982910156, 590.1730346679688, 459.3179931640625, 655.489013671875)",193,3
1254,doc3_page194_6.jpeg,"(42.97200012207031, 384.79302978515625, 145.0679931640625, 539.9290161132812)",194,3
1255,doc3_page196_4.jpeg,"(42.97200012207031, 382.1530456542969, 285.01800537109375, 544.51904296875)",196,3
1256,doc3_page196_5.jpeg,"(260.98199462890625, 489.133056640625, 426.677978515625, 618.1390380859375)",196,3
1257,doc3_page197_3.jpeg,"(55.12200164794922, 159.22300720214844, 204.10800170898438, 273.91900634765625)",197,3
1258,doc3_page198_2.jpeg,"(191.4720001220703, 48.58299255371094, 416.718017578125, 194.5989990234375)",198,3
1259,doc3_page198_6.jpeg,"(172.90199279785156, 415.3330078125, 415.93798828125, 591.1690063476562)",198,3
1260,doc3_page199_3.jpeg,"(4.871990203857422, 384.88299560546875, 218.65798950195312, 539.989013671875)",199,3
1261,doc3_page200_5.jpeg,"(170.98199462890625, 450.072998046875, 298.24798583984375, 632.1489868164062)",200,3
1262,doc3_page200_6.jpeg,"(300.6719970703125, 451.4230041503906, 427.75799560546875, 632.2990112304688)",200,3
1263,doc3_page206_22.jpeg,"(148.96200561523438, 176.95301818847656, 286.3079833984375, 269.92901611328125)",206,3
1264,doc3_page206_23.jpeg,"(42.492000579833984, 8.892974853515625, 286.3079833984375, 171.76898193359375)",206,3
1265,doc3_page210_4.jpeg,"(227.6219940185547, 341.0530090332031, 427.00799560546875, 473.17901611328125)",210,3
1266,doc3_page210_5.jpeg,"(227.3820037841797, 194.1430206298828, 426.76800537109375, 335.9590148925781)",210,3
1267,doc3_page211_4.jpeg,"(55.12200164794922, 445.60302734375, 245.71798706054688, 581.6890258789062)",211,3
1268,doc3_page211_7.jpeg,"(255.94200134277344, 445.60302734375, 449.38800048828125, 582.1990356445312)",211,3
1269,doc3_page212_6.jpeg,"(233.44200134277344, 254.8930206298828, 428.5980224609375, 392.92901611328125)",212,3
1270,doc3_page213_14.jpeg,"(65.1719970703125, 40.933013916015625, 263.68798828125, 179.92901611328125)",213,3
1271,doc3_page213_16.jpeg,"(323.86199951171875, 112.78302001953125, 438.7380065917969, 265.93902587890625)",213,3
1272,doc3_page214_5.jpeg,"(42.79199981689453, 432.10302734375, 136.0679931640625, 631.4290161132812)",214,3
1273,doc3_page214_6.jpeg,"(318.7919921875, 432.10302734375, 416.7179870605469, 631.0690307617188)",214,3
1274,doc3_page214_7.jpeg,"(138.8820037841797, 432.10296630859375, 316.00799560546875, 631.3989868164062)",214,3
1275,doc3_page215_2.jpeg,"(65.1719970703125, 200.59300231933594, 195.10800170898438, 394.8789978027344)",215,3
1276,doc3_page215_3.jpeg,"(198.28199768066406, 199.87301635742188, 320.74798583984375, 395.8390197753906)",215,3
1277,doc3_page215_7.jpeg,"(65.1719970703125, 418.54296875, 212.8979949951172, 630.8289794921875)",215,3
1278,doc3_page216_4.jpeg,"(172.90199279785156, 56.503021240234375, 416.7179870605469, 214.93902587890625)",216,3
1279,doc3_page216_5.jpeg,"(43.60200119018555, 95.89300537109375, 156.6479949951172, 253.69900512695312)",216,3
1280,doc3_page216_8.jpeg,"(320.0220031738281, 276.40301513671875, 417.9779968261719, 429.5290222167969)",216,3
1281,doc3_page218_9.jpeg,"(42.762001037597656, 165.94302368164062, 242.02801513671875, 310.9990234375)",218,3
1282,doc3_page218_10.jpeg,"(243.58200073242188, 126.28302001953125, 474.01800537109375, 294.0190124511719)",218,3
1283,doc3_page218_11.jpeg,"(43.422000885009766, 312.40301513671875, 241.84799194335938, 454.90899658203125)",218,3
1284,doc3_page218_12.jpeg,"(243.58200073242188, 295.2129821777344, 470.50799560546875, 456.5889892578125)",218,3
1285,doc3_page224_0.png,"(197.08200073242188, 649.9329833984375, 481.51800537109375, 672.2890014648438)",224,3
1286,doc3_page224_3.png,"(1.3320000171661377, 54.04301452636719, 142.00799560546875, 110.239013671875)",224,3
1287,doc3_page224_4.png,"(30.61199951171875, 54.04301452636719, 32.0880012512207, 110.239013671875)",224,3
1288,doc3_page224_6.png,"(339.6419982910156, 573.373046875, 433.27801513671875, 632.4490356445312)",224,3
1289,doc3_page224_8.png,"(264.5220031738281, 487.4530029296875, 380.2380065917969, 546.5289916992188)",224,3
1290,doc3_page224_10.png,"(15.642000198364258, 487.69305419921875, 173.1179962158203, 546.76904296875)",224,3
1291,doc3_page224_12.png,"(78.76200103759766, 573.613037109375, 200.23800659179688, 632.6890258789062)",224,3
1292,doc3_page226_4.jpeg,"(189.8820037841797, 450.49298095703125, 427.90802001953125, 632.1489868164062)",226,3
1293,doc3_page226_5.jpeg,"(31.062000274658203, 389.89300537109375, 172.93800354003906, 585.5289916992188)",226,3
1294,doc3_page227_3.jpeg,"(54.551998138427734, 239.38302612304688, 242.1479949951172, 373.2190246582031)",227,3
1295,doc3_page229_13.jpeg,"(65.23200225830078, 142.6929931640625, 178.54800415039062, 295.1289978027344)",229,3
1296,doc3_page231_5.jpeg,"(53.71200180053711, 4.0930328369140625, 198.46800231933594, 187.93902587890625)",231,3
1297,doc3_page231_7.jpeg,"(65.1719970703125, 504.88299560546875, 155.92799377441406, 635.47900390625)",231,3
1298,doc3_page232_24.jpeg,"(257.35198974609375, 248.8930206298828, 470.74798583984375, 392.92901611328125)",232,3
1299,doc3_page234_3.png,"(330.7019958496094, 552.9730224609375, 435.8580017089844, 612.0490112304688)",234,3
1300,doc3_page234_5.png,"(325.9020080566406, 466.81304931640625, 419.53802490234375, 525.8890380859375)",234,3
1301,doc3_page234_7.png,"(241.66200256347656, 552.9730224609375, 332.89801025390625, 612.0490112304688)",234,3
1302,doc3_page234_8.png,"(330.7019958496094, 552.9730224609375, 332.89801025390625, 612.0490112304688)",234,3
1303,doc3_page234_10.png,"(14.862000465393066, 467.05303955078125, 134.41799926757812, 526.1290283203125)",234,3
1304,doc3_page234_12.png,"(140.86199951171875, 467.05303955078125, 305.0579833984375, 526.1290283203125)",234,3
1305,doc3_page234_14.png,"(65.98200225830078, 553.9330444335938, 203.29800415039062, 613.009033203125)",234,3
1306,doc3_page236_3.jpeg,"(325.6319885253906, 71.86299133300781, 426.76800537109375, 202.12899780273438)",236,3
1307,doc3_page237_5.jpeg,"(54.37200164794922, 26.863021850585938, 270.1679992675781, 191.7490234375)",237,3
1308,doc3_page238_3.png,"(144.5959930419922, 485.8849792480469, 250.56500244140625, 632.1259765625)",238,3
1309,doc3_page238_4.jpeg,"(253.66200256347656, 485.9530029296875, 362.50799560546875, 632.1489868164062)",238,3
1310,doc3_page238_5.jpeg,"(366.4320068359375, 486.5830078125, 467.65802001953125, 632.1489868164062)",238,3
1311,doc3_page241_2.png,"(24.312000274658203, 54.04301452636719, 164.9879913330078, 110.239013671875)",241,3
1312,doc3_page241_3.png,"(53.11199951171875, 54.04301452636719, 54.5880012512207, 110.239013671875)",241,3
1313,doc3_page241_5.png,"(335.7120056152344, 580.9629516601562, 468.7080078125, 639.0789794921875)",241,3
1314,doc3_page241_7.png,"(66.91200256347656, 495.52301025390625, 205.18800354003906, 554.1190185546875)",241,3
1315,doc3_page241_9.png,"(202.51199340820312, 579.04296875, 298.5480041503906, 643.158935546875)",241,3
1316,doc3_page241_10.png,"(202.51199340820312, 642.6430053710938, 298.5480041503906, 650.1190185546875)",241,3
1317,doc3_page241_12.png,"(281.7120056152344, 486.64300537109375, 427.6679992675781, 554.3590087890625)",241,3
1318,doc3_page241_14.png,"(42.9119987487793, 578.802978515625, 198.46800231933594, 636.9190063476562)",241,3
1319,doc3_page242_7.jpeg,"(32.172000885009766, 472.54296875, 272.5379943847656, 632.1489868164062)",242,3
1320,doc3_page243_4.jpeg,"(308.9519958496094, 179.3830108642578, 438.9779968261719, 368.47900390625)",243,3
1321,doc3_page244_1.png,"(117.0, 231.0, 152.0, 250.0)",244,3
1322,doc3_page244_2.png,"(172.0, 320.0, 202.0, 342.0)",244,3
1323,doc3_page244_3.png,"(315.0, 376.0, 339.0, 412.0)",244,3
1324,doc3_page244_4.png,"(82.0, 101.0, 149.0, 140.0)",244,3
1325,doc3_page244_5.png,"(92.0, 161.0, 151.0, 196.0)",244,3
1326,doc3_page244_6.png,"(44.0, 213.0, 103.0, 244.0)",244,3
1327,doc3_page244_7.png,"(188.0, 103.0, 282.0, 129.0)",244,3
1328,doc3_page244_8.png,"(151.0, 284.0, 234.0, 311.0)",244,3
1329,doc3_page244_9.png,"(184.0, 258.0, 239.0, 276.0)",244,3
1330,doc3_page244_10.png,"(333.0, 438.0, 368.0, 499.0)",244,3
1331,doc3_page244_11.png,"(187.0, 174.0, 289.0, 191.0)",244,3
1332,doc3_page244_12.png,"(44.0, 126.0, 64.0, 158.0)",244,3
1333,doc3_page244_13.png,"(52.0, 526.0, 70.0, 533.0)",244,3
1334,doc3_page245_15.jpeg,"(53.742000579833984, 198.7930145263672, 195.61801147460938, 389.1490173339844)",245,3
1335,doc3_page247_1.jpeg,"(266.5320129394531, 348.85302734375, 439.39801025390625, 573.8890380859375)",247,3
1336,doc3_page247_8.jpeg,"(65.1719970703125, 195.85301208496094, 439.39801025390625, 345.739013671875)",247,3
1337,doc3_page247_9.jpeg,"(65.11199951171875, 438.85302734375, 253.00799560546875, 573.8890380859375)",247,3
1338,doc3_page248_14.jpeg,"(238.24200439453125, 5.143035888671875, 479.2380065917969, 166.69903564453125)",248,3
1339,doc3_page249_5.jpeg,"(65.1719970703125, 469.4530334472656, 150.16799926757812, 591.8890380859375)",249,3
1340,doc3_page250_5.jpeg,"(321.7019958496094, 370.3330078125, 416.7179870605469, 510.40899658203125)",250,3
1341,doc3_page251_5.jpeg,"(331.1820068359375, 121.87300109863281, 450.1080017089844, 295.90899658203125)",251,3
1342,doc3_page251_6.jpeg,"(202.1219940185547, 124.00300598144531, 328.8479919433594, 295.8489990234375)",251,3
1343,doc3_page253_4.png,"(38.50199890136719, 397.0030517578125, 127.33799743652344, 463.759033203125)",253,3
1344,doc3_page253_5.png,"(38.77199935913086, 462.9729919433594, 131.92799377441406, 471.16900634765625)",253,3
1345,doc3_page253_7.png,"(323.74200439453125, 418.3630065917969, 423.13800048828125, 463.5190124511719)",253,3
1346,doc3_page253_8.png,"(323.8919982910156, 462.9729919433594, 422.8079833984375, 471.40899658203125)",253,3
1347,doc3_page253_10.png,"(55.09199905395508, 495.8529968261719, 184.72799682617188, 553.968994140625)",253,3
1348,doc3_page253_12.png,"(260.052001953125, 495.8529968261719, 350.8079833984375, 544.8489990234375)",253,3
1349,doc3_page253_14.png,"(131.26199340820312, 405.9730224609375, 222.49798583984375, 463.6090087890625)",253,3
1350,doc3_page253_15.png,"(131.41200256347656, 462.9729919433594, 222.16799926757812, 469.968994140625)",253,3
1351,doc3_page253_16.png,"(126.46199798583984, 458.02301025390625, 132.2580108642578, 463.81903076171875)",253,3
1352,doc3_page253_17.png,"(126.61199951171875, 462.9729919433594, 131.92799377441406, 469.968994140625)",253,3
1353,doc3_page253_18.png,"(126.46199798583984, 405.9730224609375, 132.7379913330078, 458.80902099609375)",253,3
1354,doc3_page253_19.jpeg,"(126.46199798583984, 424.2130126953125, 127.93799591064453, 431.92901611328125)",253,3
1355,doc3_page253_22.png,"(222.76199340820312, 397.6929931640625, 315.43798828125, 463.968994140625)",253,3
1356,doc3_page253_23.png,"(223.0919952392578, 462.9729919433594, 315.2879943847656, 469.968994140625)",253,3
1357,doc3_page253_26.png,"(362.2919921875, 495.85302734375, 459.2879943847656, 582.76904296875)",253,3
1358,doc3_page254_6.jpeg,"(249.49200439453125, 448.093017578125, 427.27801513671875, 576.8890380859375)",254,3
1359,doc3_page255_5.png,"(123.0, 301.0, 158.0, 311.0)",255,3
1360,doc3_page255_6.png,"(130.0, 331.0, 165.0, 340.0)",255,3
1361,doc3_page255_7.png,"(102.0, 339.0, 125.0, 352.0)",255,3
1362,doc3_page255_8.png,"(120.0, 355.0, 181.0, 379.0)",255,3
1363,doc3_page255_9.png,"(175.0, 320.0, 240.0, 334.0)",255,3
1364,doc3_page255_10.png,"(147.0, 348.0, 222.0, 385.0)",255,3
1365,doc3_page255_11.png,"(192.0, 431.0, 242.0, 445.0)",255,3
1366,doc3_page255_12.png,"(191.0, 388.0, 268.0, 448.0)",255,3
1367,doc3_page255_13.png,"(255.0, 376.0, 334.0, 409.0)",255,3
1368,doc3_page255_14.png,"(254.0, 395.0, 305.0, 442.0)",255,3
1369,doc3_page255_15.png,"(305.0, 449.0, 340.0, 508.0)",255,3
1370,doc3_page255_16.png,"(310.0, 437.0, 360.0, 458.0)",255,3
1371,doc3_page255_17.png,"(366.0, 411.0, 413.0, 423.0)",255,3
1372,doc3_page255_18.png,"(266.0, 316.0, 282.0, 341.0)",255,3
1373,doc3_page255_19.png,"(299.0, 334.0, 305.0, 348.0)",255,3
1374,doc3_page255_20.png,"(310.0, 342.0, 354.0, 353.0)",255,3
1375,doc3_page255_21.png,"(305.0, 355.0, 365.0, 382.0)",255,3
1376,doc3_page255_22.png,"(310.0, 290.0, 363.0, 306.0)",255,3
1377,doc3_page255_23.png,"(364.0, 297.0, 401.0, 306.0)",255,3
1378,doc3_page255_24.png,"(363.0, 317.0, 426.0, 353.0)",255,3
1379,doc3_page255_25.png,"(365.0, 333.0, 415.0, 381.0)",255,3
1380,doc3_page255_26.png,"(341.0, 403.0, 370.0, 437.0)",255,3
1381,doc3_page255_27.png,"(336.0, 383.0, 396.0, 406.0)",255,3
1382,doc3_page255_28.png,"(299.0, 349.0, 310.0, 376.0)",255,3
1383,doc3_page255_29.png,"(421.0, 423.0, 439.0, 487.0)",255,3
1384,doc3_page255_30.png,"(424.0, 367.0, 438.0, 423.0)",255,3
1385,doc3_page255_31.png,"(214.0, 350.0, 254.0, 407.0)",255,3
1386,doc3_page255_32.png,"(271.0, 270.0, 280.0, 313.0)",255,3
1387,doc3_page255_33.png,"(281.0, 270.0, 301.0, 328.0)",255,3
1388,doc3_page255_34.png,"(169.0, 335.0, 239.0, 357.0)",255,3
1389,doc3_page255_35.png,"(78.0, 561.0, 101.0, 567.0)",255,3
1390,doc3_page256_4.jpeg,"(30.91200065612793, 452.8030090332031, 225.01800537109375, 581.1790161132812)",256,3
1391,doc3_page256_6.jpeg,"(237.58200073242188, 385.78302001953125, 464.4179992675781, 545.1790161132812)",256,3
1392,doc3_page257_4.png,"(64.4520034790039, 336.7030029296875, 286.7279968261719, 381.8590087890625)",257,3
1393,doc3_page257_5.png,"(64.93199920654297, 376.54302978515625, 286.7279968261719, 381.8590087890625)",257,3
1394,doc3_page257_6.jpeg,"(275.1719970703125, 347.7430114746094, 282.40802001953125, 354.4990234375)",257,3
1395,doc3_page258_3.jpeg,"(255.2220001220703, 55.42303466796875, 416.718017578125, 164.44903564453125)",258,3
1396,doc3_page258_4.jpeg,"(173.23199462890625, 55.273033142089844, 253.3679962158203, 164.44903564453125)",258,3
1397,doc3_page258_10.jpeg,"(31.242000579833984, 220.87301635742188, 258.0480041503906, 368.8990173339844)",258,3
1398,doc3_page259_4.jpeg,"(12.371999740600586, 34.722991943359375, 241.57798767089844, 191.02899169921875)",259,3
1399,doc3_page260_4.jpeg,"(43.00199890136719, 259.3330078125, 238.75799560546875, 398.89898681640625)",260,3
1400,doc3_page260_5.jpeg,"(43.00199890136719, 459.3130187988281, 203.83799743652344, 594.4990234375)",260,3
1401,doc3_page260_6.jpeg,"(212.44200134277344, 459.3130187988281, 417.197998046875, 593.989013671875)",260,3
1402,doc3_page260_9.jpeg,"(247.7220001220703, 259.3330078125, 417.9179992675781, 452.5690002441406)",260,3
1403,doc3_page261_5.jpeg,"(65.1719970703125, 473.052978515625, 179.2080078125, 639.0789794921875)",261,3
1404,doc3_page262_3.jpeg,"(165.552001953125, 210.2230224609375, 417.5880126953125, 368.8990173339844)",262,3
1405,doc3_page264_6.png,"(300.4620056152344, 563.9230346679688, 382.0980224609375, 634.51904296875)",264,3
1406,doc3_page264_8.png,"(122.14199829101562, 417.2829895019531, 250.33799743652344, 506.5989990234375)",264,3
1407,doc3_page264_10.png,"(105.10199737548828, 574.4830322265625, 279.8580017089844, 635.47900390625)",264,3
1408,doc3_page264_12.png,"(250.302001953125, 440.3230285644531, 387.61798095703125, 499.3990173339844)",264,3
1409,doc3_page265_3.jpeg,"(65.1719970703125, 410.29302978515625, 300.468017578125, 568.6090087890625)",265,3
1410,doc3_page265_4.jpeg,"(325.8420104980469, 410.29302978515625, 439.39801025390625, 570.01904296875)",265,3
1411,doc3_page268_7.jpeg,"(41.742000579833984, 449.3529968261719, 170.41799926757812, 631.1589965820312)",268,3
1412,doc3_page268_8.jpeg,"(172.0919952392578, 449.35296630859375, 302.3280029296875, 632.1489868164062)",268,3
1413,doc3_page271_27.jpeg,"(234.1320037841797, 476.86297607421875, 450.1679992675781, 633.708984375)",271,3
1414,doc3_page271_28.jpeg,"(55.36199951171875, 476.86297607421875, 231.88800048828125, 557.208984375)",271,3
1415,doc3_page272_16.jpeg,"(303.2820129394531, 453.85296630859375, 416.5980224609375, 593.3289794921875)",272,3
1416,doc3_page274_3.png,"(344.052001953125, 516.552978515625, 447.2879943847656, 573.708984375)",274,3
1417,doc3_page274_5.png,"(6.371990203857422, 424.9930114746094, 117.28799438476562, 429.8290100097656)",274,3
1418,doc3_page274_6.png,"(6.611999988555908, 429.1930236816406, 117.0479965209961, 482.509033203125)",274,3
1419,doc3_page274_8.png,"(127.87200164794922, 421.1230163574219, 139.9080047607422, 429.79901123046875)",274,3
1420,doc3_page274_9.png,"(128.052001953125, 429.1930236816406, 250.96800231933594, 487.06903076171875)",274,3
1421,doc3_page274_11.png,"(48.37200164794922, 513.4329833984375, 176.5679931640625, 561.948974609375)",274,3
1422,doc3_page274_13.png,"(250.69200134277344, 430.873046875, 374.5679931640625, 487.06903076171875)",274,3
1423,doc3_page274_14.png,"(250.36199951171875, 430.6929931640625, 251.83799743652344, 474.88897705078125)",274,3
1424,doc3_page274_16.png,"(231.9720001220703, 513.4330444335938, 332.3280029296875, 562.4290161132812)",274,3
1425,doc3_page274_20.jpeg,"(359.23199462890625, 0.85302734375, 472.5480041503906, 115.1290283203125)",274,3
1426,doc3_page275_3.jpeg,"(54.13199996948242, 345.04302978515625, 280.9679870605469, 488.1190185546875)",275,3
1427,doc3_page275_7.jpeg,"(297.97198486328125, 311.29302978515625, 450.16796875, 413.8990478515625)",275,3
1428,doc3_page276_5.jpeg,"(319.24200439453125, 71.86302185058594, 415.75799560546875, 205.45901489257812)",276,3
1429,doc3_page276_7.jpeg,"(42.492000579833984, 207.6430206298828, 246.01800537109375, 342.67901611328125)",276,3
1430,doc3_page277_12.jpeg,"(184.6320037841797, 240.61302185058594, 312.64801025390625, 423.55902099609375)",277,3
1431,doc3_page277_13.jpeg,"(315.0719909667969, 240.61302185058594, 442.0379943847656, 423.5290222167969)",277,3
1432,doc3_page277_14.jpeg,"(65.1719970703125, 240.61300659179688, 181.99798583984375, 422.5690002441406)",277,3
1433,doc3_page278_4.jpeg,"(303.9419860839844, 61.15299987792969, 417.25799560546875, 181.90899658203125)",278,3
1434,doc3_page278_6.jpeg,"(125.6520004272461, 499.6629943847656, 428.9880065917969, 632.1489868164062)",278,3
1435,doc3_page279_6.jpeg,"(66.85199737548828, 454.39300537109375, 180.16799926757812, 607.7890014648438)",279,3
1436,doc3_page280_16.jpeg,"(43.571998596191406, 10.873016357421875, 184.27798461914062, 278.8990173339844)",280,3
1437,doc3_page280_17.jpeg,"(189.82200622558594, 18.52301025390625, 396.49798583984375, 278.8990173339844)",280,3
1438,doc3_page281_12.jpeg,"(53.652000427246094, 510.31298828125, 252.16799926757812, 635.1489868164062)",281,3
1439,doc3_page285_3.png,"(343.87200927734375, 484.27301025390625, 459.1080017089844, 555.3489990234375)",285,3
1440,doc3_page285_5.png,"(15.791999816894531, 477.7929992675781, 117.10800170898438, 555.5889892578125)",285,3
1441,doc3_page285_7.png,"(150.6719970703125, 586.5130004882812, 250.54800415039062, 633.5889892578125)",285,3
1442,doc3_page285_9.png,"(116.59200286865234, 508.51300048828125, 207.10800170898438, 555.5889892578125)",285,3
1443,doc3_page285_10.png,"(114.91200256347656, 542.593017578125, 117.10800170898438, 555.5889892578125)",285,3
1444,doc3_page285_11.png,"(114.76200103759766, 508.15301513671875, 117.6780014038086, 543.22900390625)",285,3
1445,doc3_page285_13.png,"(232.27200317382812, 484.51300048828125, 332.62799072265625, 555.5889892578125)",285,3
1446,doc3_page285_15.png,"(304.0320129394531, 607.6329956054688, 404.38800048828125, 678.22900390625)",285,3
1447,doc3_page285_18.png,"(304.0320129394531, 647.7130126953125, 309.3479919433594, 671.0289916992188)",285,3
1448,doc3_page286_3.jpeg,"(303.2820129394531, 142.87301635742188, 427.39801025390625, 266.3590087890625)",286,3
1449,doc3_page287_16.jpeg,"(269.8320007324219, 133.4230194091797, 439.75799560546875, 251.89901733398438)",287,3
1450,doc3_page288_14.png,"(212.0, 186.0, 224.0, 198.0)",288,3
1451,doc3_page288_15.png,"(56.0, 129.0, 118.0, 161.0)",288,3
1452,doc3_page288_16.png,"(103.0, 122.0, 176.0, 138.0)",288,3
1453,doc3_page288_17.png,"(60.0, 175.0, 122.0, 188.0)",288,3
1454,doc3_page288_18.png,"(73.0, 212.0, 110.0, 244.0)",288,3
1455,doc3_page288_19.png,"(76.0, 261.0, 133.0, 288.0)",288,3
1456,doc3_page288_20.png,"(52.0, 262.0, 146.0, 323.0)",288,3
1457,doc3_page288_21.png,"(110.0, 194.0, 155.0, 264.0)",288,3
1458,doc3_page288_22.png,"(149.0, 196.0, 214.0, 277.0)",288,3
1459,doc3_page288_23.png,"(169.0, 230.0, 220.0, 284.0)",288,3
1460,doc3_page288_24.png,"(198.0, 241.0, 233.0, 292.0)",288,3
1461,doc3_page288_25.png,"(121.0, 287.0, 149.0, 354.0)",288,3
1462,doc3_page288_26.png,"(228.0, 267.0, 264.0, 312.0)",288,3
1463,doc3_page288_27.png,"(145.0, 288.0, 175.0, 312.0)",288,3
1464,doc3_page288_28.png,"(157.0, 297.0, 204.0, 343.0)",288,3
1465,doc3_page288_29.png,"(235.0, 234.0, 281.0, 245.0)",288,3
1466,doc3_page288_30.png,"(260.0, 244.0, 303.0, 296.0)",288,3
1467,doc3_page288_31.png,"(267.0, 285.0, 327.0, 366.0)",288,3
1468,doc3_page288_32.png,"(302.0, 346.0, 351.0, 360.0)",288,3
1469,doc3_page288_33.png,"(376.0, 331.0, 423.0, 340.0)",288,3
1470,doc3_page288_34.png,"(328.0, 270.0, 393.0, 298.0)",288,3
1471,doc3_page288_35.png,"(391.0, 265.0, 423.0, 274.0)",288,3
1472,doc3_page288_36.png,"(321.0, 237.0, 391.0, 275.0)",288,3
1473,doc3_page288_37.png,"(317.0, 221.0, 348.0, 256.0)",288,3
1474,doc3_page288_38.png,"(393.0, 230.0, 423.0, 254.0)",288,3
1475,doc3_page288_39.png,"(341.0, 196.0, 404.0, 221.0)",288,3
1476,doc3_page288_40.png,"(281.0, 186.0, 313.0, 233.0)",288,3
1477,doc3_page288_41.png,"(229.0, 167.0, 306.0, 209.0)",288,3
1478,doc3_page288_42.png,"(203.0, 133.0, 229.0, 173.0)",288,3
1479,doc3_page288_43.png,"(124.0, 167.0, 224.0, 204.0)",288,3
1480,doc3_page288_44.png,"(203.0, 196.0, 232.0, 238.0)",288,3
1481,doc3_page288_45.png,"(232.0, 144.0, 305.0, 164.0)",288,3
1482,doc3_page288_46.png,"(311.0, 131.0, 367.0, 167.0)",288,3
1483,doc3_page288_47.png,"(332.0, 160.0, 389.0, 175.0)",288,3
1484,doc3_page288_48.png,"(55.0, 191.0, 124.0, 227.0)",288,3
1485,doc3_page288_49.png,"(49.0, 401.0, 70.0, 407.0)",288,3
1486,doc3_page289_3.jpeg,"(186.8520050048828, 432.5830078125, 323.8680114746094, 621.739013671875)",289,3
1487,doc3_page289_4.jpeg,"(53.71200180053711, 432.5830078125, 185.11801147460938, 620.8989868164062)",289,3
1488,doc3_page289_5.jpeg,"(324.8219909667969, 432.5830078125, 450.1679992675781, 620.8989868164062)",289,3
1489,doc3_page290_4.jpeg,"(172.90199279785156, 466.42303466796875, 427.75799560546875, 631.3090209960938)",290,3
1490,doc3_page291_5.jpeg,"(208.96200561523438, 270.37298583984375, 439.3380126953125, 513.4089965820312)",291,3
1491,doc3_page293_2.jpeg,"(28.152000427246094, 107.20301818847656, 231.88800048828125, 249.46902465820312)",293,3
1492,doc3_page293_3.jpeg,"(235.06199645996094, 106.45301818847656, 463.9079895019531, 249.58901977539062)",293,3
1493,doc3_page293_4.jpeg,"(234.70199584960938, 251.7130126953125, 464.9580078125, 400.489013671875)",293,3
1494,doc3_page293_5.jpeg,"(28.152000427246094, 251.7130126953125, 232.8179931640625, 400.5190124511719)",293,3
1495,doc3_page293_6.jpeg,"(226.36199951171875, 403.0030212402344, 464.447998046875, 557.1190185546875)",293,3
1496,doc3_page293_7.jpeg,"(28.152000427246094, 403.0030517578125, 223.75799560546875, 556.3990478515625)",293,3
1497,doc3_page295_5.png,"(343.3919982910156, 460.1529846191406, 462.4679870605469, 546.5889892578125)",295,3
1498,doc3_page295_7.png,"(30.91200065612793, 468.7929992675781, 172.54800415039062, 546.5889892578125)",295,3
1499,doc3_page295_9.png,"(204.4320068359375, 577.5130004882812, 350.38800048828125, 642.3489990234375)",295,3
1500,doc3_page295_11.png,"(246.6719970703125, 475.51300048828125, 337.9079895019531, 546.5889892578125)",295,3
1501,doc3_page296_14.jpeg,"(289.12200927734375, 98.05303192138672, 419.2380065917969, 148.759033203125)",296,3
1502,doc3_page297_7.jpeg,"(65.11199951171875, 303.343017578125, 308.927978515625, 458.1490173339844)",297,3
1503,doc3_page297_8.jpeg,"(65.11199951171875, 459.8830261230469, 308.927978515625, 613.009033203125)",297,3
1504,doc3_page297_9.jpeg,"(266.47198486328125, 170.5330047607422, 476.2079772949219, 300.91900634765625)",297,3
1505,doc3_page297_10.jpeg,"(65.1719970703125, 170.5330047607422, 263.68798828125, 300.8890075683594)",297,3
1506,doc3_page298_6.jpeg,"(239.3520050048828, 188.68299865722656, 333.76800537109375, 280.8489990234375)",298,3
1507,doc3_page298_7.jpeg,"(333.552001953125, 188.68299865722656, 427.968017578125, 280.8489990234375)",298,3
1508,doc3_page298_8.jpeg,"(239.3520050048828, 280.6029968261719, 396.5880126953125, 342.1090087890625)",298,3
1509,doc3_page298_9.jpeg,"(396.37200927734375, 280.6029968261719, 427.968017578125, 342.1090087890625)",298,3
1510,doc3_page299_16.jpeg,"(54.13199996948242, 67.06301879882812, 179.50799560546875, 242.89901733398438)",299,3
1511,doc3_page300_2.jpeg,"(320.50201416015625, 220.3030242919922, 427.75799560546875, 393.55902099609375)",300,3
1512,doc3_page300_5.jpeg,"(202.24200439453125, 455.8330078125, 464.718017578125, 629.9290161132812)",300,3
1513,doc3_page302_12.jpeg,"(184.24200439453125, 168.85299682617188, 266.2080078125, 273.22900390625)",302,3
1514,doc3_page302_13.jpeg,"(66.19200134277344, 177.85302734375, 145.39801025390625, 273.4990234375)",302,3
1515,doc3_page302_18.jpeg,"(171.8820037841797, 393.3730163574219, 287.1780090332031, 494.8990173339844)",302,3
1516,doc3_page302_19.jpeg,"(313.24200439453125, 168.85301208496094, 397.27801513671875, 273.04901123046875)",302,3
1517,doc3_page303_1.jpeg,"(64.75199890136719, 59.14301300048828, 144.13800048828125, 162.739013671875)",303,3
1518,doc3_page303_2.jpeg,"(64.75199890136719, 172.30300903320312, 144.13800048828125, 289.3990173339844)",303,3
1519,doc4_page1_0.png,"(208.0, 222.0, 233.0, 299.0)",1,4
1520,doc4_page1_1.png,"(105.0, 247.0, 209.0, 275.0)",1,4
1521,doc4_page1_2.png,"(207.62399291992188, 246.89500427246094, 233.67599487304688, 275.4670104980469)",1,4
1522,doc4_page1_3.png,"(232.0, 247.0, 364.0, 275.0)",1,4
1523,doc4_page1_4.png,"(494.0, 247.0, 626.0, 275.0)",1,4
1524,doc4_page1_5.png,"(363.0, 222.0, 389.0, 299.0)",1,4
1525,doc4_page1_6.png,"(469.0, 222.0, 495.0, 299.0)",1,4
1526,doc4_page1_7.png,"(388.0, 247.0, 470.0, 275.0)",1,4
1527,doc4_page1_8.png,"(362.78399658203125, 246.89500427246094, 388.83599853515625, 275.4670104980469)",1,4
1528,doc4_page1_9.png,"(469.16400146484375, 246.89500427246094, 495.21600341796875, 275.4670104980469)",1,4
1529,doc4_page1_10.png,"(625.0, 222.0, 650.0, 299.0)",1,4
1530,doc4_page1_11.png,"(649.0, 247.0, 732.0, 275.0)",1,4
1531,doc4_page1_12.png,"(624.8040161132812, 246.89500427246094, 650.8560180664062, 275.4670104980469)",1,4
1532,doc4_page1_13.png,"(731.0, 222.0, 757.0, 299.0)",1,4
1533,doc4_page1_14.png,"(755.364013671875, 246.89500427246094, 757.2360229492188, 275.4670104980469)",1,4
1534,doc4_page1_15.png,"(731.1840209960938, 246.89500427246094, 756.8160400390625, 275.4670104980469)",1,4
1535,doc4_page1_16.png,"(731.0, 251.0, 744.0, 271.0)",1,4
1536,doc4_page1_17.png,"(2.0, 247.0, 82.0, 275.0)",1,4
1537,doc4_page1_18.png,"(81.0, 222.0, 106.0, 299.0)",1,4
1538,doc4_page1_19.png,"(80.36399841308594, 246.89500427246094, 106.41600036621094, 275.4670104980469)",1,4
1539,doc4_page1_21.jpeg,"(411.02398681640625, 33.175018310546875, 590.10498046875, 126.00701904296875)",1,4
1540,doc4_page1_22.jpeg,"(38.24399948120117, 571.3150024414062, 107.34100341796875, 656.3469848632812)",1,4
1541,doc4_page1_26.jpeg,"(46.40399932861328, 468.9549865722656, 132.37399291992188, 527.0469970703125)",1,4
1542,doc4_page1_33.jpeg,"(815.4840087890625, 532.6150512695312, 930.5759887695312, 596.6470336914062)",1,4
1543,doc4_page1_34.png,"(713.0, 34.0, 802.0, 86.0)",1,4
1544,doc4_page1_35.png,"(803.0, 34.0, 805.0, 86.0)",1,4
1545,doc4_page1_36.jpeg,"(713.0040283203125, 35.215023040771484, 805.176025390625, 85.38702392578125)",1,4
1546,doc4_page1_37.jpeg,"(848.7239990234375, 40.375, 918.2760009765625, 88.98699951171875)",1,4
1547,doc4_page1_39.jpeg,"(48.32400131225586, 97.5550308227539, 143.79600524902344, 170.76702880859375)",1,4
1548,doc4_page1_41.jpeg,"(234.26400756835938, 53.574981689453125, 359.97601318359375, 185.406982421875)",1,4
1549,doc4_page1_42.png,"(151.0, 185.0, 374.0, 190.0)",1,4
1550,doc4_page1_43.png,"(140.0, 181.0, 159.0, 195.0)",1,4
1551,doc4_page1_44.png,"(366.0, 181.0, 385.0, 195.0)",1,4
1552,doc4_page1_50.jpeg,"(780.4439697265625, 451.9750061035156, 815.4359741210938, 509.3470153808594)",1,4
1553,doc4_page1_52.jpeg,"(704.4240112304688, 581.0950317382812, 775.9200439453125, 664.0270385742188)",1,4
1554,doc4_page1_54.jpeg,"(815.4240112304688, 158.3350067138672, 917.196044921875, 208.86700439453125)",1,4
1555,doc4_page1_56.jpeg,"(110.66400146484375, 315.3550109863281, 259.76898193359375, 414.00701904296875)",1,4
1556,doc4_page1_59.jpeg,"(166.76400756835938, 424.0749816894531, 227.31600952148438, 482.22698974609375)",1,4
1557,doc4_page1_60.png,"(169.0, 484.0, 378.0, 490.0)",1,4
1558,doc4_page1_61.png,"(158.0, 480.0, 177.0, 494.0)",1,4
1559,doc4_page1_62.png,"(370.0, 480.0, 389.0, 494.0)",1,4
1560,doc4_page1_65.png,"(43.0, 411.0, 367.0, 416.0)",1,4
1561,doc4_page1_66.png,"(33.0, 406.0, 51.0, 420.0)",1,4
1562,doc4_page1_67.png,"(359.0, 406.0, 377.0, 420.0)",1,4
1563,doc4_page1_69.jpeg,"(413.90399169921875, 462.59503173828125, 497.8559875488281, 506.88702392578125)",1,4
1564,doc4_page1_71.jpeg,"(770.843994140625, 307.8550109863281, 899.1699829101562, 391.0270080566406)",1,4
1565,doc4_page1_73.png,"(639.0, 305.0, 920.0, 310.0)",1,4
1566,doc4_page1_74.png,"(629.0, 301.0, 648.0, 315.0)",1,4
1567,doc4_page1_75.png,"(912.0, 301.0, 930.0, 315.0)",1,4
1568,doc4_page1_77.png,"(425.0, 354.0, 600.0, 357.0)",1,4
1569,doc4_page1_78.png,"(595.0, 351.0, 606.0, 359.0)",1,4
1570,doc4_page1_80.jpeg,"(534.3839721679688, 370.2550048828125, 636.156005859375, 448.2070007324219)",1,4
1571,doc4_page1_81.jpeg,"(584.1840209960938, 157.375, 689.2969970703125, 210.24700927734375)",1,4
1572,doc4_page1_83.jpeg,"(371.0639953613281, 305.45501708984375, 404.135986328125, 339.3070068359375)",1,4
1573,doc4_page1_84.jpeg,"(712.9439697265625, 33.655033111572266, 805.0559692382812, 86.70703125)",1,4
1574,doc4_page1_85.jpeg,"(290.843994140625, 506.5150146484375, 333.59698486328125, 562.2670288085938)",1,4
1575,doc4_page1_86.jpeg,"(208.6439971923828, 561.8349609375, 251.39700317382812, 620.3469848632812)",1,4
1576,doc4_page1_87.jpeg,"(664.9439697265625, 401.9949951171875, 767.0919799804688, 450.24700927734375)",1,4
1577,doc4_page1_88.jpeg,"(611.7839965820312, 545.3350219726562, 670.8519897460938, 591.427001953125)",1,4
1578,doc4_page12_12.jpeg,"(36.59400177001953, 374.09503173828125, 122.10600280761719, 464.40704345703125)",12,4
1579,doc4_page12_13.jpeg,"(179.33399963378906, 513.4149780273438, 270.0660095214844, 617.3469848632812)",12,4
1580,doc4_page12_14.jpeg,"(36.83399963378906, 513.4749755859375, 160.74600219726562, 615.427001953125)",12,4
1581,doc4_page12_15.jpeg,"(247.31399536132812, 347.21502685546875, 330.3059997558594, 473.40704345703125)",12,4
1582,doc4_page12_16.jpeg,"(335.3340148925781, 347.21502685546875, 418.3860168457031, 473.3470458984375)",12,4
1583,doc4_page12_17.jpeg,"(133.4340057373047, 347.2149963378906, 212.24801635742188, 455.6470031738281)",12,4
1584,doc4_page12_18.jpeg,"(295.79400634765625, 506.6950378417969, 419.58599853515625, 608.70703125)",12,4
1585,doc4_page18_7.jpeg,"(187.85400390625, 55.73499298095703, 289.6860046386719, 152.10699462890625)",18,4
1586,doc4_page18_9.jpeg,"(308.15399169921875, 57.655006408691406, 404.0459899902344, 150.24700927734375)",18,4
1587,doc4_page18_10.jpeg,"(206.87399291992188, 267.05499267578125, 419.64599609375, 396.18701171875)",18,4
1588,doc4_page19_6.jpeg,"(284.4540100097656, 185.8150177001953, 447.1240234375, 404.1670227050781)",19,4
1589,doc4_page19_7.jpeg,"(62.63399887084961, 425.875, 242.76600646972656, 605.1669921875)",19,4
1590,doc4_page21_5.jpeg,"(62.33399963378906, 56.63502502441406, 342.60601806640625, 224.10702514648438)",21,4
1591,doc4_page22_6.jpeg,"(155.1540069580078, 117.47500610351562, 420.24603271484375, 316.0870056152344)",22,4
1592,doc4_page22_7.jpeg,"(20.45400047302246, 476.09503173828125, 160.5659942626953, 612.18701171875)",22,4
1593,doc4_page22_8.jpeg,"(308.9339904785156, 477.05499267578125, 421.6259765625, 612.18701171875)",22,4
1594,doc4_page22_9.jpeg,"(164.33399963378906, 475.5550231933594, 300.84600830078125, 612.0670166015625)",22,4
1595,doc4_page25_2.jpeg,"(62.33399963378906, 58.735015869140625, 209.70599365234375, 270.00701904296875)",25,4
1596,doc4_page25_3.jpeg,"(308.3940124511719, 58.735015869140625, 456.666015625, 270.00701904296875)",25,4
1597,doc4_page26_3.jpeg,"(145.91400146484375, 125.63502502441406, 435.84600830078125, 272.2870178222656)",26,4
1598,doc4_page27_6.jpeg,"(62.09400177001953, 514.6749877929688, 244.81399536132812, 633.2470092773438)",27,4
1599,doc4_page27_8.jpeg,"(382.2539978027344, 542.9949951171875, 438.84600830078125, 625.6270141601562)",27,4
1600,doc4_page27_11.jpeg,"(252.29400634765625, 464.81500244140625, 296.9460144042969, 584.947021484375)",27,4
1601,doc4_page28_9.jpeg,"(37.49399948120117, 482.155029296875, 420.3299865722656, 619.447021484375)",28,4
1602,doc4_page29_7.jpeg,"(250.6739959716797, 268.19500732421875, 443.61297607421875, 358.74700927734375)",29,4
1603,doc4_page30_10.jpeg,"(245.3939971923828, 303.95501708984375, 421.7139892578125, 421.0270080566406)",30,4
1604,doc4_page30_12.jpeg,"(35.39400100708008, 302.9350280761719, 234.12599182128906, 419.2270202636719)",30,4
1605,doc4_page30_14.jpeg,"(312.17401123046875, 479.5749816894531, 418.6000061035156, 602.406982421875)",30,4
1606,doc4_page32_15.jpeg,"(267.593994140625, 184.25502014160156, 328.10699462890625, 262.5670166015625)",32,4
1607,doc4_page32_16.jpeg,"(333.0539855957031, 184.25502014160156, 419.82598876953125, 243.72702026367188)",32,4
1608,doc4_page32_17.jpeg,"(333.0539855957031, 247.91502380371094, 419.82598876953125, 307.38702392578125)",32,4
1609,doc4_page33_5.jpeg,"(61.25400161743164, 481.9749755859375, 355.32598876953125, 621.6669921875)",33,4
1610,doc4_page33_7.jpeg,"(317.8739929199219, 78.23501586914062, 416.70599365234375, 203.34701538085938)",33,4
1611,doc4_page35_6.jpeg,"(317.03399658203125, 148.4949951171875, 416.4419860839844, 273.36700439453125)",35,4
1612,doc4_page36_7.jpeg,"(36.83399963378906, 95.75502014160156, 325.02398681640625, 260.1070251464844)",36,4
1613,doc4_page41_3.jpeg,"(62.33399963378906, 147.1750030517578, 429.53497314453125, 347.8269958496094)",41,4
1614,doc4_page42_2.jpeg,"(36.83399963378906, 355.614990234375, 220.14599609375, 459.5469970703125)",42,4
1615,doc4_page42_3.jpeg,"(226.73399353027344, 355.6150207519531, 419.58599853515625, 461.947021484375)",42,4
1616,doc4_page42_8.jpeg,"(226.73399353027344, 487.614990234375, 419.58599853515625, 591.4869995117188)",42,4
1617,doc4_page42_9.jpeg,"(35.75400161743164, 487.67498779296875, 222.42599487304688, 590.0469970703125)",42,4
1618,doc4_page42_14.jpeg,"(290.7539978027344, 79.55502319335938, 394.2659912109375, 203.947021484375)",42,4
1619,doc4_page43_4.jpeg,"(62.33399963378906, 339.3550109863281, 280.8739929199219, 439.0270080566406)",43,4
1620,doc4_page44_2.jpeg,"(306.7139892578125, 56.63502502441406, 418.0479736328125, 214.447021484375)",44,4
1621,doc4_page44_4.jpeg,"(36.83399963378906, 56.63502502441406, 292.0350036621094, 199.50701904296875)",44,4
1622,doc4_page45_11.jpeg,"(239.87399291992188, 354.83502197265625, 455.885986328125, 447.00701904296875)",45,4
1623,doc4_page45_15.jpeg,"(281.7539978027344, 508.3150329589844, 415.08599853515625, 596.5870361328125)",45,4
1624,doc4_page45_17.jpeg,"(368.9339904785156, 567.0549926757812, 446.1659851074219, 600.8469848632812)",45,4
1625,doc4_page47_22.jpeg,"(71.09400177001953, 515.2150268554688, 162.36599731445312, 626.467041015625)",47,4
1626,doc4_page50_2.jpeg,"(283.0140075683594, 56.154998779296875, 418.68402099609375, 187.86700439453125)",50,4
1627,doc4_page50_3.jpeg,"(33.17399978637695, 57.65503692626953, 270.5, 181.14703369140625)",50,4
1628,doc4_page51_5.jpeg,"(61.9739990234375, 469.135009765625, 249.7259979248047, 594.4869995117188)",51,4
1629,doc4_page51_6.jpeg,"(283.91400146484375, 468.0550231933594, 434.9020080566406, 593.7670288085938)",51,4
1630,doc4_page52_17.jpeg,"(297.0539855957031, 475.4949951171875, 420.8529968261719, 627.1270141601562)",52,4
1631,doc4_page53_7.jpeg,"(61.13399887084961, 56.93501281738281, 445.24700927734375, 214.02700805664062)",53,4
1632,doc4_page53_12.jpeg,"(276.9540100097656, 512.5150146484375, 444.9720153808594, 605.467041015625)",53,4
1633,doc4_page56_6.jpeg,"(310.3139953613281, 56.81501770019531, 419.64599609375, 225.66702270507812)",56,4
1634,doc4_page56_9.jpeg,"(298.7340087890625, 412.0150146484375, 398.46600341796875, 526.68701171875)",56,4
1635,doc4_page57_7.jpeg,"(62.33399963378906, 362.81500244140625, 421.9110107421875, 603.7869873046875)",57,4
1636,doc4_page58_4.jpeg,"(235.25399780273438, 56.154998779296875, 419.83001708984375, 186.427001953125)",58,4
1637,doc4_page58_6.jpeg,"(35.75400161743164, 56.154998779296875, 225.30599975585938, 186.60699462890625)",58,4
1638,doc4_page59_12.jpeg,"(238.07400512695312, 151.55502319335938, 445.32598876953125, 257.1670227050781)",59,4
1639,doc4_page60_6.jpeg,"(292.79400634765625, 441.41497802734375, 385.4880065917969, 563.64697265625)",60,4
1640,doc4_page60_8.jpeg,"(60.77399826049805, 239.8150177001953, 161.04600524902344, 354.00701904296875)",60,4
1641,doc4_page61_10.jpeg,"(87.29399871826172, 62.99504089355469, 182.73899841308594, 158.467041015625)",61,4
1642,doc4_page62_8.jpeg,"(45.05400085449219, 177.83502197265625, 206.17599487304688, 284.1670227050781)",62,4
1643,doc4_page62_9.jpeg,"(221.33399963378906, 176.09500122070312, 414.84600830078125, 284.8269958496094)",62,4
1644,doc4_page62_14.jpeg,"(326.7539978027344, 481.2550048828125, 411.6409912109375, 603.1270141601562)",62,4
1645,doc4_page63_5.jpeg,"(353.6340026855469, 509.9949951171875, 438.1109924316406, 631.68701171875)",63,4
1646,doc4_page63_6.jpeg,"(62.33399963378906, 509.9949951171875, 151.09500122070312, 631.927001953125)",63,4
1647,doc4_page63_7.jpeg,"(161.51400756835938, 509.9949951171875, 247.9390106201172, 632.1069946289062)",63,4
1648,doc4_page64_7.jpeg,"(322.2539978027344, 452.45501708984375, 412.56597900390625, 574.20703125)",64,4
1649,doc4_page64_9.jpeg,"(332.7539978027344, 267.7750244140625, 415.7510070800781, 390.8470153808594)",64,4
1650,doc4_page65_4.jpeg,"(189.1739959716797, 295.2550048828125, 313.44598388671875, 440.88702392578125)",65,4
1651,doc4_page65_7.jpeg,"(332.2139892578125, 477.17498779296875, 444.4259948730469, 607.927001953125)",65,4
1652,doc4_page65_8.jpeg,"(60.83399963378906, 477.17498779296875, 171.6060028076172, 605.1669921875)",65,4
1653,doc4_page65_11.jpeg,"(333.17401123046875, 296.39501953125, 447.2460021972656, 438.36700439453125)",65,4
1654,doc4_page65_12.jpeg,"(61.194000244140625, 295.2550048828125, 179.7659912109375, 440.10699462890625)",65,4
1655,doc4_page65_14.jpeg,"(181.6739959716797, 477.17498779296875, 322.68597412109375, 606.427001953125)",65,4
1656,doc4_page66_5.jpeg,"(36.83399963378906, 55.61500549316406, 259.56597900390625, 193.927001953125)",66,4
1657,doc4_page66_7.jpeg,"(41.874000549316406, 438.41497802734375, 413.2859802246094, 642.6069946289062)",66,4
1658,doc4_page67_6.jpeg,"(274.91400146484375, 57.17503356933594, 445.32598876953125, 160.20703125)",67,4
1659,doc4_page67_8.png,"(70.73400115966797, 466.614990234375, 435.48602294921875, 563.5269775390625)",67,4
1660,doc4_page67_9.png,"(95.93399810791016, 470.57501220703125, 421.8059997558594, 481.447021484375)",67,4
1661,doc4_page67_11.png,"(422.093994140625, 475.614990234375, 425.406005859375, 477.48699951171875)",67,4
1662,doc4_page67_13.png,"(73.61399841308594, 482.81500244140625, 401.2860107421875, 494.0469970703125)",67,4
1663,doc4_page67_15.png,"(405.53399658203125, 483.5350036621094, 427.5660095214844, 492.24700927734375)",67,4
1664,doc4_page67_17.png,"(428.5740051269531, 489.6549987792969, 432.2460021972656, 492.24700927734375)",67,4
1665,doc4_page67_19.png,"(73.9739990234375, 495.4150085449219, 432.2460021972656, 506.6470031738281)",67,4
1666,doc4_page67_21.png,"(73.9739990234375, 507.655029296875, 427.5660095214844, 518.8870239257812)",67,4
1667,doc4_page67_23.png,"(427.85400390625, 513.0549926757812, 431.5260009765625, 514.927001953125)",67,4
1668,doc4_page67_25.png,"(73.9739990234375, 520.2550048828125, 432.2460021972656, 531.4869995117188)",67,4
1669,doc4_page67_27.png,"(73.9739990234375, 532.8550415039062, 432.2460021972656, 544.0870361328125)",67,4
1670,doc4_page67_29.png,"(73.9739990234375, 545.4550170898438, 219.48599243164062, 556.3270263671875)",67,4
1671,doc4_page68_5.jpeg,"(36.83399963378906, 56.635009765625, 419.97100830078125, 276.12701416015625)",68,4
1672,doc4_page68_13.jpeg,"(62.33399963378906, 118.31501007080078, 91.58899688720703, 133.74700927734375)",68,4
1673,doc4_page69_6.jpeg,"(215.03399658203125, 331.9750061035156, 446.82598876953125, 468.36700439453125)",69,4
1674,doc4_page70_2.jpeg,"(339.29400634765625, 56.63501739501953, 418.1080017089844, 178.62701416015625)",70,4
1675,doc4_page70_5.jpeg,"(36.83399963378906, 56.635009765625, 128.16600036621094, 178.8070068359375)",70,4
1676,doc4_page70_6.jpeg,"(127.49400329589844, 56.63502502441406, 216.67401123046875, 178.447021484375)",70,4
1677,doc4_page73_17.jpeg,"(69.23400115966797, 343.135009765625, 183.07000732421875, 431.0469970703125)",73,4
1678,doc4_page74_4.jpeg,"(58.61399841308594, 57.41502380371094, 164.5260009765625, 203.22702026367188)",74,4
1679,doc4_page74_5.jpeg,"(209.1540069580078, 55.43501281738281, 412.5660095214844, 203.22702026367188)",74,4
1680,doc4_page74_7.jpeg,"(45.83399963378906, 293.0350341796875, 151.4459991455078, 407.28704833984375)",74,4
1681,doc4_page74_9.jpeg,"(88.91400146484375, 414.83502197265625, 176.70599365234375, 548.70703125)",74,4
1682,doc4_page74_11.jpeg,"(245.33399963378906, 414.8349609375, 417.0159912109375, 546.906982421875)",74,4
1683,doc4_page75_8.jpeg,"(271.3739929199219, 180.41500854492188, 442.2659912109375, 291.7870178222656)",75,4
1684,doc4_page78_6.jpeg,"(44.99399948120117, 544.6749877929688, 109.28599548339844, 627.3070068359375)",78,4
1685,doc4_page78_9.jpeg,"(228.41400146484375, 533.6949462890625, 292.70599365234375, 619.0269775390625)",78,4
1686,doc4_page78_11.jpeg,"(246.41400146484375, 318.1750183105469, 330.84698486328125, 423.6070251464844)",78,4
1687,doc4_page79_5.png,"(70.25399780273438, 383.2149658203125, 435.0060119628906, 512.5269775390625)",79,4
1688,doc4_page79_6.png,"(95.4540023803711, 387.8949890136719, 249.24600219726562, 399.48699951171875)",79,4
1689,doc4_page79_8.png,"(248.45399475097656, 388.2550048828125, 425.64599609375, 399.48699951171875)",79,4
1690,doc4_page79_10.png,"(73.49400329589844, 398.69500732421875, 431.7659912109375, 411.7270202636719)",79,4
1691,doc4_page79_12.png,"(73.49400329589844, 413.0950012207031, 431.7659912109375, 424.3269958496094)",79,4
1692,doc4_page79_14.png,"(73.49400329589844, 425.3349914550781, 431.7659912109375, 436.927001953125)",79,4
1693,doc4_page79_16.png,"(74.5739974975586, 437.93499755859375, 431.7659912109375, 449.5270080566406)",79,4
1694,doc4_page79_18.png,"(73.49400329589844, 450.5350341796875, 431.7659912109375, 461.76702880859375)",79,4
1695,doc4_page79_20.png,"(73.49400329589844, 462.7749938964844, 431.7659912109375, 474.36700439453125)",79,4
1696,doc4_page79_22.png,"(73.49400329589844, 475.7349853515625, 431.7659912109375, 486.60699462890625)",79,4
1697,doc4_page79_24.png,"(73.13400268554688, 487.97503662109375, 431.7659912109375, 499.20703125)",79,4
1698,doc4_page79_26.png,"(76.3740005493164, 500.2149963378906, 421.6860046386719, 511.8070068359375)",79,4
1699,doc4_page81_8.jpeg,"(69.17400360107422, 374.39501953125, 153.60699462890625, 482.64703369140625)",81,4
1700,doc4_page82_7.jpeg,"(36.77399826049805, 55.555023193359375, 339.8299865722656, 217.38702392578125)",82,4
1701,doc4_page84_6.jpeg,"(36.17399978637695, 412.19500732421875, 229.92599487304688, 518.8270263671875)",84,4
1702,doc4_page84_7.jpeg,"(238.01400756835938, 412.1950378417969, 419.406005859375, 518.3470458984375)",84,4
1703,doc4_page84_8.jpeg,"(36.83399963378906, 522.9549560546875, 218.28599548339844, 632.2869873046875)",84,4
1704,doc4_page84_9.jpeg,"(223.61399841308594, 522.7750244140625, 419.82598876953125, 631.9869995117188)",84,4
1705,doc4_page86_15.jpeg,"(60.83399963378906, 380.3949890136719, 161.1060028076172, 498.72698974609375)",86,4
1706,doc4_page87_8.jpeg,"(61.31399917602539, 56.63499450683594, 308.34600830078125, 217.98699951171875)",87,4
1707,doc4_page88_5.jpeg,"(266.3940124511719, 55.31501770019531, 419.56903076171875, 258.18701171875)",88,4
1708,doc4_page88_8.jpeg,"(266.3940124511719, 427.2550048828125, 419.64599609375, 514.8670043945312)",88,4
1709,doc4_page89_5.jpeg,"(211.79400634765625, 507.6549987792969, 437.19500732421875, 616.927001953125)",89,4
1710,doc4_page89_8.jpeg,"(209.45399475097656, 364.85504150390625, 303.989013671875, 488.8270263671875)",89,4
1711,doc4_page89_9.jpeg,"(62.33399963378906, 56.635009765625, 199.0260009765625, 212.40701293945312)",89,4
1712,doc4_page94_7.jpeg,"(65.15399932861328, 388.3150329589844, 382.2659912109375, 604.1470336914062)",94,4
1713,doc4_page95_4.jpeg,"(62.33399963378906, 191.8150177001953, 338.406005859375, 364.447021484375)",95,4
1714,doc4_page98_5.jpeg,"(36.83399963378906, 298.8550109863281, 321.48602294921875, 487.0270080566406)",98,4
1715,doc4_page99_5.jpeg,"(62.39400100708008, 496.2550048828125, 371.3290100097656, 631.5070190429688)",99,4
1716,doc4_page101_8.jpeg,"(250.79400634765625, 229.85501098632812, 428.4440002441406, 352.0870056152344)",101,4
1717,doc4_page101_9.jpeg,"(98.39399719238281, 229.97500610351562, 197.7659912109375, 352.0270080566406)",101,4
1718,doc4_page101_12.jpeg,"(263.4540100097656, 478.135009765625, 446.2860107421875, 608.0469970703125)",101,4
1719,doc4_page101_13.jpeg,"(63.354000091552734, 479.27496337890625, 237.54600524902344, 606.906982421875)",101,4
1720,doc4_page102_8.jpeg,"(36.83399963378906, 521.5150146484375, 255.77499389648438, 617.8270263671875)",102,4
1721,doc4_page103_8.jpeg,"(62.33399963378906, 56.63499450683594, 165.00599670410156, 218.82699584960938)",103,4
1722,doc4_page103_9.jpeg,"(342.41400146484375, 56.63502502441406, 445.08599853515625, 216.78701782226562)",103,4
1723,doc4_page104_3.jpeg,"(290.2139892578125, 205.4949951171875, 418.45098876953125, 361.2669982910156)",104,4
1724,doc4_page104_4.jpeg,"(289.1940002441406, 447.0550231933594, 420.1860046386719, 564.1270141601562)",104,4
1725,doc4_page104_7.png,"(45.23400115966797, 583.0150146484375, 409.98602294921875, 626.2869873046875)",104,4
1726,doc4_page104_8.png,"(70.43399810791016, 586.614990234375, 400.6259765625, 597.8469848632812)",104,4
1727,doc4_page104_10.png,"(48.4739990234375, 599.2150268554688, 402.4259948730469, 610.447021484375)",104,4
1728,doc4_page104_12.png,"(402.35400390625, 604.614990234375, 406.0260009765625, 606.1270141601562)",104,4
1729,doc4_page104_14.png,"(48.4739990234375, 611.8150024414062, 227.1060028076172, 620.8870239257812)",104,4
1730,doc4_page105_4.jpeg,"(61.25400161743164, 175.375, 159.70399475097656, 302.7070007324219)",105,4
1731,doc4_page106_6.jpeg,"(35.81399917602539, 188.69500732421875, 207.1859893798828, 292.86700439453125)",106,4
1732,doc4_page106_7.jpeg,"(218.21400451660156, 189.71499633789062, 420.947998046875, 290.0469970703125)",106,4
1733,doc4_page107_15.jpeg,"(245.87399291992188, 499.3750305175781, 444.18597412109375, 616.0870361328125)",107,4
1734,doc4_page108_7.jpeg,"(255.0540008544922, 489.95501708984375, 419.2860107421875, 603.3670043945312)",108,4
1735,doc4_page110_6.jpeg,"(238.07400512695312, 497.8149719238281, 418.135009765625, 611.406982421875)",110,4
1736,doc4_page110_9.jpeg,"(320.27398681640625, 76.67501068115234, 419.58599853515625, 199.68701171875)",110,4
1737,doc4_page111_6.jpeg,"(331.2539978027344, 270.2950134277344, 447.864013671875, 385.74700927734375)",111,4
1738,doc4_page116_5.jpeg,"(326.3940124511719, 92.45500946044922, 404.10601806640625, 201.96701049804688)",116,4
1739,doc4_page118_15.jpeg,"(266.3940124511719, 346.4949951171875, 419.58599853515625, 481.68701171875)",118,4
1740,doc4_page120_4.jpeg,"(179.9340057373047, 477.0550537109375, 421.12701416015625, 594.967041015625)",120,4
1741,doc4_page121_6.jpeg,"(226.73399353027344, 363.655029296875, 445.4429931640625, 514.3270263671875)",121,4
1742,doc4_page122_5.jpeg,"(36.4739990234375, 461.81500244140625, 254.9459991455078, 606.3670043945312)",122,4
1743,doc4_page125_7.jpeg,"(62.57400131225586, 265.2550048828125, 181.68600463867188, 424.68701171875)",125,4
1744,doc4_page125_9.jpeg,"(322.91400146484375, 431.09503173828125, 442.0260009765625, 592.68701171875)",125,4
1745,doc4_page126_7.jpeg,"(276.35400390625, 56.635009765625, 418.98602294921875, 175.74700927734375)",126,4
1746,doc4_page126_8.jpeg,"(276.35400390625, 181.79501342773438, 420.05999755859375, 263.4670104980469)",126,4
1747,doc4_page127_6.jpeg,"(290.8139953613281, 56.63501739501953, 446.406005859375, 178.62701416015625)",127,4
1748,doc4_page127_8.jpeg,"(71.09400177001953, 338.45501708984375, 165.76499938964844, 458.947021484375)",127,4
1749,doc4_page127_9.jpeg,"(61.91400146484375, 473.7550354003906, 296.9389953613281, 611.6470336914062)",127,4
1750,doc4_page128_10.jpeg,"(43.55400085449219, 152.21502685546875, 123.72599792480469, 254.947021484375)",128,4
1751,doc4_page129_7.jpeg,"(302.5740051269531, 65.57498168945312, 446.166015625, 156.906982421875)",129,4
1752,doc4_page130_15.jpeg,"(218.21400451660156, 512.6950073242188, 419.885986328125, 609.2470092773438)",130,4
1753,doc4_page131_9.jpeg,"(61.9739990234375, 168.83499145507812, 226.68600463867188, 282.427001953125)",131,4
1754,doc4_page131_10.jpeg,"(314.6340026855469, 415.7350158691406, 445.08599853515625, 586.6270141601562)",131,4
1755,doc4_page132_3.jpeg,"(259.67401123046875, 56.394989013671875, 420.0660095214844, 203.82699584960938)",132,4
1756,doc4_page132_5.jpeg,"(259.3139953613281, 249.71502685546875, 419.41400146484375, 402.6070251464844)",132,4
1757,doc4_page132_7.jpeg,"(259.614013671875, 473.33502197265625, 420.96600341796875, 589.5670166015625)",132,4
1758,doc4_page133_4.jpeg,"(63.354000091552734, 276.655029296875, 184.91400146484375, 429.78704833984375)",133,4
1759,doc4_page133_5.jpeg,"(328.614013671875, 276.655029296875, 445.6260070800781, 429.967041015625)",133,4
1760,doc4_page133_8.jpeg,"(323.093994140625, 442.0150146484375, 445.08599853515625, 603.6069946289062)",133,4
1761,doc4_page134_4.jpeg,"(36.83399963378906, 56.635009765625, 174.67799377441406, 245.34701538085938)",134,4
1762,doc4_page134_5.jpeg,"(183.593994140625, 426.41497802734375, 298.6159973144531, 588.6069946289062)",134,4
1763,doc4_page134_6.jpeg,"(301.79400634765625, 425.5749816894531, 422.1440124511719, 588.7869873046875)",134,4
1764,doc4_page134_7.jpeg,"(41.09400177001953, 425.57501220703125, 162.875, 585.3070068359375)",134,4
1765,doc4_page141_7.jpeg,"(323.093994140625, 361.31500244140625, 445.08599853515625, 519.6069946289062)",141,4
1766,doc4_page142_4.jpeg,"(59.874000549316406, 77.57501220703125, 166.38600158691406, 184.62701416015625)",142,4
1767,doc4_page142_8.jpeg,"(306.114013671875, 463.7349853515625, 420.906005859375, 607.8070068359375)",142,4
1768,doc4_page143_12.jpeg,"(62.63399887084961, 517.3150024414062, 445.1920166015625, 630.0670166015625)",143,4
1769,doc4_page144_5.jpeg,"(256.2539978027344, 203.3350067138672, 420.96600341796875, 375.48699951171875)",144,4
1770,doc4_page145_5.jpeg,"(237.0540008544922, 55.49497985839844, 446.5889892578125, 195.906982421875)",145,4
1771,doc4_page146_7.png,"(346.0, 458.0, 351.0, 469.0)",146,4
1772,doc4_page146_8.png,"(347.0, 455.0, 354.0, 465.0)",146,4
1773,doc4_page146_9.png,"(349.0, 452.0, 356.0, 463.0)",146,4
1774,doc4_page146_10.png,"(345.0, 460.0, 350.0, 472.0)",146,4
1775,doc4_page146_11.png,"(343.0, 466.0, 347.0, 478.0)",146,4
1776,doc4_page146_12.png,"(342.0, 469.0, 345.0, 482.0)",146,4
1777,doc4_page146_13.png,"(344.0, 463.0, 348.0, 475.0)",146,4
1778,doc4_page146_14.png,"(355.0, 458.0, 360.0, 465.0)",146,4
1779,doc4_page146_15.png,"(354.0, 458.0, 359.0, 466.0)",146,4
1780,doc4_page146_16.png,"(352.0, 457.0, 358.0, 465.0)",146,4
1781,doc4_page146_17.png,"(351.0, 454.0, 356.0, 461.0)",146,4
1782,doc4_page146_18.png,"(351.0, 453.0, 357.0, 462.0)",146,4
1783,doc4_page146_19.png,"(351.0, 456.0, 356.0, 465.0)",146,4
1784,doc4_page146_20.png,"(355.0, 455.0, 360.0, 462.0)",146,4
1785,doc4_page146_21.png,"(351.0, 464.0, 357.0, 473.0)",146,4
1786,doc4_page146_22.png,"(353.0, 461.0, 359.0, 470.0)",146,4
1787,doc4_page146_23.png,"(354.0, 458.0, 360.0, 467.0)",146,4
1788,doc4_page146_24.png,"(346.0, 469.0, 356.0, 521.0)",146,4
1789,doc4_page146_25.png,"(348.0, 461.0, 352.0, 470.0)",146,4
1790,doc4_page146_26.png,"(345.0, 467.0, 350.0, 475.0)",146,4
1791,doc4_page146_27.png,"(345.0, 470.0, 349.0, 478.0)",146,4
1792,doc4_page146_28.png,"(344.0, 473.0, 348.0, 482.0)",146,4
1793,doc4_page146_29.png,"(342.0, 482.0, 347.0, 491.0)",146,4
1794,doc4_page146_30.png,"(350.0, 459.0, 353.0, 466.0)",146,4
1795,doc4_page146_31.png,"(352.1940002441406, 460.614990234375, 352.6738586425781, 462.36700439453125)",146,4
1796,doc4_page146_32.png,"(352.4339904785156, 461.155029296875, 352.91351318359375, 462.7870178222656)",146,4
1797,doc4_page146_33.png,"(344.6940002441406, 473.2749938964844, 345.2460021972656, 474.36700439453125)",146,4
1798,doc4_page146_34.png,"(344.8739929199219, 472.31500244140625, 345.8346252441406, 474.9070129394531)",146,4
1799,doc4_page146_35.png,"(345.0539855957031, 473.1549987792969, 345.6059875488281, 474.6669921875)",146,4
1800,doc4_page146_36.png,"(344.5140075683594, 473.7550048828125, 345.9554138183594, 476.0469970703125)",146,4
1801,doc4_page146_37.png,"(345.65399169921875, 470.2750244140625, 346.1335144042969, 471.00701904296875)",146,4
1802,doc4_page146_38.png,"(345.77398681640625, 469.135009765625, 346.734619140625, 471.36700439453125)",146,4
1803,doc4_page146_39.png,"(346.0140075683594, 470.2749938964844, 346.4935302734375, 471.3070068359375)",146,4
1804,doc4_page146_40.png,"(346.3139953613281, 470.93499755859375, 346.7944641113281, 471.36700439453125)",146,4
1805,doc4_page146_41.png,"(345.35400390625, 470.57501220703125, 346.7939147949219, 472.62701416015625)",146,4
1806,doc4_page146_42.png,"(346.1340026855469, 471.7149963378906, 346.6138610839844, 472.0870056152344)",146,4
1807,doc4_page146_43.png,"(345.35400390625, 471.7749938964844, 346.7962951660156, 473.6470031738281)",146,4
1808,doc4_page146_44.png,"(346.7340087890625, 467.33502197265625, 347.2860107421875, 468.24700927734375)",146,4
1809,doc4_page146_45.png,"(346.3739929199219, 467.7550354003906, 347.3346252441406, 469.447021484375)",146,4
1810,doc4_page146_46.png,"(346.3139953613281, 468.5950012207031, 347.7525939941406, 471.12701416015625)",146,4
1811,doc4_page146_47.png,"(348.17401123046875, 464.5149841308594, 348.72601318359375, 465.5469970703125)",146,4
1812,doc4_page146_48.png,"(348.35400390625, 463.4950256347656, 349.7939147949219, 465.9070129394531)",146,4
1813,doc4_page146_49.png,"(351.0, 460.0, 357.0, 466.0)",146,4
1814,doc4_page146_50.png,"(352.85400390625, 461.2750244140625, 355.2511901855469, 463.20703125)",146,4
1815,doc4_page146_51.png,"(353.27398681640625, 462.71502685546875, 353.7538757324219, 463.0870056152344)",146,4
1816,doc4_page146_52.png,"(354.29400634765625, 462.35498046875, 355.73260498046875, 464.1669921875)",146,4
1817,doc4_page146_53.png,"(352.4939880371094, 461.45501708984375, 354.8927001953125, 463.0870056152344)",146,4
1818,doc4_page146_54.png,"(352.5539855957031, 462.7749938964844, 354.9555969238281, 464.5270080566406)",146,4
1819,doc4_page146_55.png,"(352.614013671875, 462.7750244140625, 353.57373046875, 463.50701904296875)",146,4
1820,doc4_page146_56.png,"(352.614013671875, 462.7750244140625, 354.0526123046875, 463.74700927734375)",146,4
1821,doc4_page146_57.png,"(354.2340087890625, 463.7950134277344, 354.7138671875, 464.1669921875)",146,4
1822,doc4_page146_58.png,"(353.6940002441406, 463.67498779296875, 354.2460021972656, 464.22698974609375)",146,4
1823,doc4_page146_59.png,"(349.0, 460.0, 353.0, 468.0)",146,4
1824,doc4_page146_60.png,"(351.4739990234375, 461.7550048828125, 352.91259765625, 464.10699462890625)",146,4
1825,doc4_page146_61.png,"(350.093994140625, 462.8949890136719, 350.5738830566406, 464.10699462890625)",146,4
1826,doc4_page146_62.png,"(352.0140075683594, 462.1150207519531, 352.9737243652344, 464.3470153808594)",146,4
1827,doc4_page146_63.png,"(350.3940124511719, 463.6750183105469, 353.2781982421875, 465.8470153808594)",146,4
1828,doc4_page146_64.png,"(352.0140075683594, 463.7950134277344, 352.5060119628906, 464.8270263671875)",146,4
1829,doc4_page146_65.png,"(352.4339904785156, 463.97503662109375, 352.9138488769531, 464.70703125)",146,4
1830,doc4_page146_66.png,"(350.0, 463.0, 357.0, 468.0)",146,4
1831,doc4_page146_67.png,"(353.4540100097656, 464.9350280761719, 355.3763122558594, 466.38702392578125)",146,4
1832,doc4_page146_68.png,"(353.3940124511719, 465.71502685546875, 353.8738708496094, 466.1470031738281)",146,4
1833,doc4_page146_69.png,"(351.65399169921875, 464.2149963378906, 354.5314025878906, 465.60699462890625)",146,4
1834,doc4_page146_70.png,"(352.1340026855469, 465.114990234375, 352.6138610839844, 465.5469970703125)",146,4
1835,doc4_page146_71.png,"(353.8739929199219, 465.71502685546875, 354.8337097167969, 466.447021484375)",146,4
1836,doc4_page146_72.png,"(350.9939880371094, 465.2349853515625, 353.87689208984375, 467.0469970703125)",146,4
1837,doc4_page146_73.png,"(353.27398681640625, 465.89501953125, 353.7659912109375, 466.447021484375)",146,4
1838,doc4_page146_74.png,"(352.85400390625, 465.83502197265625, 353.81390380859375, 466.447021484375)",146,4
1839,doc4_page146_75.png,"(351.0539855957031, 465.2350158691406, 352.4953918457031, 466.26702880859375)",146,4
1840,doc4_page146_76.png,"(351.0539855957031, 465.2350158691406, 352.9770812988281, 466.447021484375)",146,4
1841,doc4_page146_77.png,"(348.0, 462.0, 352.0, 471.0)",146,4
1842,doc4_page146_78.png,"(349.0, 466.0, 355.0, 471.0)",146,4
1843,doc4_page146_79.png,"(351.35400390625, 466.5550231933594, 353.7513122558594, 467.70703125)",146,4
1844,doc4_page146_80.png,"(352.2539978027344, 468.2350158691406, 353.6923828125, 469.38702392578125)",146,4
1845,doc4_page146_81.png,"(352.1340026855469, 468.5350341796875, 353.0946350097656, 469.3270263671875)",146,4
1846,doc4_page146_82.png,"(351.114013671875, 466.4350280761719, 353.035400390625, 467.4070129394531)",146,4
1847,doc4_page146_83.png,"(351.29400634765625, 468.4150085449219, 352.7362976074219, 469.74700927734375)",146,4
1848,doc4_page146_84.png,"(351.593994140625, 469.0150146484375, 352.5539245605469, 469.62701416015625)",146,4
1849,doc4_page146_85.png,"(347.0, 468.0, 354.0, 475.0)",146,4
1850,doc4_page146_86.png,"(351.593994140625, 470.7550048828125, 353.0317077636719, 472.0270080566406)",146,4
1851,doc4_page146_87.png,"(346.0, 468.0, 350.0, 476.0)",146,4
1852,doc4_page146_88.png,"(346.4339904785156, 471.5350036621094, 346.91351318359375, 472.62701416015625)",146,4
1853,doc4_page146_89.png,"(346.67401123046875, 472.2550048828125, 347.1539001464844, 472.86700439453125)",146,4
1854,doc4_page146_90.png,"(347.03399658203125, 472.3750305175781, 347.9939270019531, 473.3470153808594)",146,4
1855,doc4_page146_91.png,"(347.0, 471.0, 353.0, 477.0)",146,4
1856,doc4_page146_92.png,"(351.0, 466.0, 356.0, 475.0)",146,4
1857,doc4_page146_93.png,"(349.0, 471.0, 354.0, 481.0)",146,4
1858,doc4_page146_94.png,"(349.0, 474.0, 353.0, 484.0)",146,4
1859,doc4_page146_95.png,"(348.0, 480.0, 351.0, 487.0)",146,4
1860,doc4_page146_96.png,"(350.0, 468.0, 355.0, 478.0)",146,4
1861,doc4_page146_97.png,"(345.0, 471.0, 349.0, 479.0)",146,4
1862,doc4_page146_98.png,"(346.614013671875, 473.09503173828125, 347.5727233886719, 474.0670166015625)",146,4
1863,doc4_page146_99.png,"(345.53399658203125, 474.5350036621094, 346.08599853515625, 475.74700927734375)",146,4
1864,doc4_page146_100.png,"(344.0, 474.0, 349.0, 483.0)",146,4
1865,doc4_page146_101.png,"(345.8940124511719, 476.2750244140625, 346.37353515625, 476.70703125)",146,4
1866,doc4_page146_102.png,"(345.8340148925781, 479.0950012207031, 346.7939453125, 480.427001953125)",146,4
1867,doc4_page146_103.png,"(346.0, 476.0, 351.0, 483.0)",146,4
1868,doc4_page146_104.png,"(347.2139892578125, 479.57501220703125, 347.7659912109375, 480.12701416015625)",146,4
1869,doc4_page146_105.png,"(349.0140075683594, 479.0350036621094, 350.4554138183594, 480.427001953125)",146,4
1870,doc4_page146_106.png,"(348.77398681640625, 479.5149841308594, 349.7339172363281, 480.427001953125)",146,4
1871,doc4_page146_107.png,"(346.3139953613281, 479.635009765625, 349.67669677734375, 481.86700439453125)",146,4
1872,doc4_page146_108.png,"(346.614013671875, 479.7550354003906, 348.0526123046875, 481.3270263671875)",146,4
1873,doc4_page146_109.png,"(348.41400146484375, 480.1150207519531, 349.3727111816406, 480.7870178222656)",146,4
1874,doc4_page146_110.png,"(344.0, 477.0, 348.0, 485.0)",146,4
1875,doc4_page146_111.png,"(345.8940124511719, 480.4150085449219, 346.8549499511719, 481.68701171875)",146,4
1876,doc4_page146_112.png,"(346.0740051269531, 481.375, 347.03497314453125, 483.12701416015625)",146,4
1877,doc4_page146_113.png,"(346.7340087890625, 481.3749694824219, 347.6937255859375, 482.1669921875)",146,4
1878,doc4_page146_114.png,"(346.3739929199219, 481.31500244140625, 347.33392333984375, 482.5270080566406)",146,4
1879,doc4_page146_115.png,"(346.3139953613281, 481.375, 347.2741394042969, 482.5270080566406)",146,4
1880,doc4_page146_116.png,"(345.0, 479.0, 351.0, 486.0)",146,4
1881,doc4_page146_117.png,"(346.9739990234375, 480.71502685546875, 349.3756103515625, 482.8270263671875)",146,4
1882,doc4_page146_118.png,"(348.9540100097656, 481.7950134277344, 349.9146423339844, 483.24700927734375)",146,4
1883,doc4_page146_119.png,"(346.1340026855469, 480.95501708984375, 348.5329895019531, 483.427001953125)",146,4
1884,doc4_page146_120.png,"(346.1340026855469, 482.2750244140625, 349.4967041015625, 484.50701904296875)",146,4
1885,doc4_page146_121.png,"(346.3739929199219, 482.4549865722656, 347.8153991699219, 483.72698974609375)",146,4
1886,doc4_page146_122.png,"(346.4339904785156, 482.57501220703125, 347.8717041015625, 483.9670104980469)",146,4
1887,doc4_page146_123.png,"(346.1340026855469, 483.05499267578125, 346.6138610839844, 483.427001953125)",146,4
1888,doc4_page146_124.png,"(343.0, 481.0, 348.0, 488.0)",146,4
1889,doc4_page146_125.png,"(346.1940002441406, 483.7149963378906, 346.6860046386719, 484.447021484375)",146,4
1890,doc4_page146_126.png,"(346.1940002441406, 484.135009765625, 347.15496826171875, 484.98699951171875)",146,4
1891,doc4_page146_127.png,"(346.3139953613281, 484.135009765625, 346.8659973144531, 484.8070068359375)",146,4
1892,doc4_page146_128.png,"(345.0, 482.0, 350.0, 489.0)",146,4
1893,doc4_page146_129.png,"(348.0539855957031, 484.135009765625, 349.49627685546875, 485.88702392578125)",146,4
1894,doc4_page146_130.png,"(347.9339904785156, 485.33502197265625, 348.4144592285156, 485.70703125)",146,4
1895,doc4_page146_131.png,"(346.3139953613281, 483.83502197265625, 348.2353820800781, 485.70703125)",146,4
1896,doc4_page146_132.png,"(348.4739990234375, 485.0350036621094, 349.43414306640625, 485.8270263671875)",146,4
1897,doc4_page146_133.png,"(346.1940002441406, 485.155029296875, 348.59130859375, 487.447021484375)",146,4
1898,doc4_page146_134.png,"(347.8739929199219, 485.4549865722656, 348.4259948730469, 486.12701416015625)",146,4
1899,doc4_page146_135.png,"(347.5140075683594, 485.39501953125, 348.4737243652344, 486.24700927734375)",146,4
1900,doc4_page146_136.png,"(343.0, 483.0, 348.0, 492.0)",146,4
1901,doc4_page146_137.png,"(345.0, 485.0, 350.0, 492.0)",146,4
1902,doc4_page146_138.png,"(345.8940124511719, 486.2349853515625, 348.7759094238281, 489.48699951171875)",146,4
1903,doc4_page146_139.png,"(346.3139953613281, 487.9750061035156, 347.2738952636719, 489.18701171875)",146,4
1904,doc4_page146_140.png,"(348.35400390625, 487.7350158691406, 349.313720703125, 488.947021484375)",146,4
1905,doc4_page146_141.png,"(347.9339904785156, 488.2750244140625, 348.8937072753906, 489.24700927734375)",146,4
1906,doc4_page146_142.png,"(346.1340026855469, 486.2950134277344, 348.0520935058594, 488.4670104980469)",146,4
1907,doc4_page146_143.png,"(345.77398681640625, 488.57501220703125, 348.6504821777344, 490.927001953125)",146,4
1908,doc4_page146_144.png,"(345.8940124511719, 488.8750305175781, 346.8539123535156, 490.5670166015625)",146,4
1909,doc4_page146_145.png,"(347.8139953613281, 488.875, 348.29351806640625, 489.36700439453125)",146,4
1910,doc4_page146_146.png,"(343.0, 487.0, 347.0, 494.0)",146,4
1911,doc4_page146_147.png,"(346.1340026855469, 490.55499267578125, 347.0937194824219, 491.22698974609375)",146,4
1912,doc4_page146_148.png,"(345.77398681640625, 490.5550231933594, 346.7339172363281, 491.8270263671875)",146,4
1913,doc4_page146_149.png,"(345.0, 487.0, 350.0, 496.0)",146,4
1914,doc4_page146_150.png,"(346.0140075683594, 489.3550109863281, 348.4129943847656, 493.0270080566406)",146,4
1915,doc4_page146_151.png,"(346.1940002441406, 491.45501708984375, 347.63360595703125, 493.1470031738281)",146,4
1916,doc4_page146_152.png,"(348.35400390625, 490.2550048828125, 349.7926025390625, 492.427001953125)",146,4
1917,doc4_page146_153.png,"(347.6940002441406, 492.35498046875, 348.1860046386719, 492.9670104980469)",146,4
1918,doc4_page146_154.png,"(345.77398681640625, 489.655029296875, 348.1726989746094, 492.8470153808594)",146,4
1919,doc4_page146_155.png,"(345.77398681640625, 492.7149963378906, 347.69537353515625, 494.10699462890625)",146,4
1920,doc4_page146_156.png,"(345.8340148925781, 492.7149963378906, 346.3860168457031, 493.68701171875)",146,4
1921,doc4_page146_157.png,"(345.8940124511719, 492.7149963378906, 346.8537292480469, 493.86700439453125)",146,4
1922,doc4_page146_158.png,"(343.0, 491.0, 347.0, 497.0)",146,4
1923,doc4_page146_159.png,"(346.1340026855469, 493.7350158691406, 347.09393310546875, 494.5870056152344)",146,4
1924,doc4_page146_160.png,"(346.3739929199219, 494.0350036621094, 346.8659973144531, 494.5870056152344)",146,4
1925,doc4_page146_161.png,"(345.2340087890625, 493.7950134277344, 347.1571044921875, 496.0870056152344)",146,4
1926,doc4_page146_162.png,"(346.0, 491.0, 350.0, 497.0)",146,4
1927,doc4_page146_163.png,"(346.4939880371094, 492.6549987792969, 348.4158935546875, 495.18701171875)",146,4
1928,doc4_page146_164.png,"(346.85400390625, 494.0350036621094, 347.8127136230469, 494.947021484375)",146,4
1929,doc4_page146_165.png,"(347.9339904785156, 493.31500244140625, 349.37359619140625, 495.24700927734375)",146,4
1930,doc4_page146_166.png,"(346.0740051269531, 492.8349914550781, 347.99468994140625, 495.60699462890625)",146,4
1931,doc4_page146_167.png,"(345.8940124511719, 494.39501953125, 348.29119873046875, 496.38702392578125)",146,4
1932,doc4_page146_168.png,"(346.3139953613281, 494.6949768066406, 347.2741394042969, 495.72698974609375)",146,4
1933,doc4_page146_169.png,"(346.3139953613281, 494.57501220703125, 347.27392578125, 496.0270080566406)",146,4
1934,doc4_page146_170.png,"(346.1340026855469, 497.3949890136719, 346.6860046386719, 497.947021484375)",146,4
1935,doc4_page146_171.png,"(346.3739929199219, 496.375, 346.8544616699219, 496.68701171875)",146,4
1936,doc4_page146_172.png,"(346.1940002441406, 495.8949890136719, 347.1527099609375, 496.68701171875)",146,4
1937,doc4_page146_173.png,"(346.0, 494.0, 349.0, 498.0)",146,4
1938,doc4_page146_174.png,"(346.614013671875, 494.9949951171875, 348.0538024902344, 496.98699951171875)",146,4
1939,doc4_page146_175.png,"(346.67401123046875, 495.8949890136719, 347.6341857910156, 497.0469970703125)",146,4
1940,doc4_page146_176.png,"(347.6940002441406, 495.6549987792969, 348.1860046386719, 496.62701416015625)",146,4
1941,doc4_page146_177.png,"(347.5140075683594, 496.0150146484375, 348.0660095214844, 496.68701171875)",146,4
1942,doc4_page146_178.png,"(346.4939880371094, 495.05499267578125, 347.9324951171875, 496.8070068359375)",146,4
1943,doc4_page146_179.png,"(346.3739929199219, 497.6349792480469, 347.33392333984375, 498.24700927734375)",146,4
1944,doc4_page146_180.png,"(346.3739929199219, 497.39501953125, 346.8659973144531, 497.947021484375)",146,4
1945,doc4_page146_181.png,"(346.4339904785156, 497.39501953125, 346.91351318359375, 497.8270263671875)",146,4
1946,doc4_page146_182.png,"(346.614013671875, 496.7349853515625, 347.5727233886719, 497.5270080566406)",146,4
1947,doc4_page146_183.png,"(346.67401123046875, 496.7349853515625, 347.1539001464844, 497.2870178222656)",146,4
1948,doc4_page146_184.png,"(346.0, 496.0, 349.0, 499.0)",146,4
1949,doc4_page146_185.png,"(346.67401123046875, 496.4950256347656, 348.1139221191406, 497.8270263671875)",146,4
1950,doc4_page146_186.png,"(346.67401123046875, 497.0350036621094, 347.6349792480469, 497.947021484375)",146,4
1951,doc4_page146_187.png,"(346.85400390625, 496.7950134277344, 348.29559326171875, 498.18701171875)",146,4
1952,doc4_page146_188.png,"(346.85400390625, 497.3349914550781, 347.81390380859375, 498.12701416015625)",146,4
1953,doc4_page146_189.png,"(346.614013671875, 496.4950256347656, 348.0517272949219, 497.8270263671875)",146,4
1954,doc4_page146_190.png,"(332.0, 457.0, 335.0, 467.0)",146,4
1955,doc4_page146_191.png,"(332.0, 453.0, 334.0, 464.0)",146,4
1956,doc4_page146_192.png,"(332.0, 451.0, 334.0, 461.0)",146,4
1957,doc4_page146_193.png,"(332.0, 460.0, 335.0, 469.0)",146,4
1958,doc4_page146_194.png,"(333.0, 465.0, 336.0, 475.0)",146,4
1959,doc4_page146_195.png,"(333.0, 468.0, 336.0, 478.0)",146,4
1960,doc4_page146_196.png,"(334.0, 474.0, 337.0, 481.0)",146,4
1961,doc4_page146_197.png,"(332.0, 463.0, 335.0, 472.0)",146,4
1962,doc4_page146_198.png,"(339.0, 453.0, 341.0, 460.0)",146,4
1963,doc4_page146_199.png,"(339.0, 453.0, 340.0, 462.0)",146,4
1964,doc4_page146_200.png,"(337.0, 453.0, 338.0, 462.0)",146,4
1965,doc4_page146_201.png,"(333.0, 452.0, 335.0, 459.0)",146,4
1966,doc4_page146_202.png,"(334.0, 451.0, 336.0, 460.0)",146,4
1967,doc4_page146_203.png,"(335.0, 454.0, 337.0, 462.0)",146,4
1968,doc4_page146_204.png,"(337.0, 450.0, 339.0, 458.0)",146,4
1969,doc4_page146_205.png,"(340.0, 458.0, 342.0, 468.0)",146,4
1970,doc4_page146_206.png,"(340.0, 456.0, 342.0, 465.0)",146,4
1971,doc4_page146_207.png,"(340.0, 453.0, 341.0, 463.0)",146,4
1972,doc4_page146_208.png,"(337.0, 466.0, 351.0, 511.0)",146,4
1973,doc4_page146_209.png,"(333.0, 460.0, 339.0, 466.0)",146,4
1974,doc4_page146_210.png,"(333.8940124511719, 462.2350158691406, 334.4460144042969, 462.9070129394531)",146,4
1975,doc4_page146_211.png,"(333.0, 463.0, 338.0, 469.0)",146,4
1976,doc4_page146_212.png,"(334.3139953613281, 464.69500732421875, 334.79388427734375, 465.12701416015625)",146,4
1977,doc4_page146_213.png,"(333.0, 466.0, 339.0, 471.0)",146,4
1978,doc4_page146_214.png,"(334.0, 468.0, 339.0, 474.0)",146,4
1979,doc4_page146_215.png,"(334.0, 471.0, 341.0, 477.0)",146,4
1980,doc4_page146_216.png,"(335.15399169921875, 473.2750244140625, 335.6335144042969, 473.76702880859375)",146,4
1981,doc4_page146_217.png,"(334.0, 473.0, 340.0, 480.0)",146,4
1982,doc4_page146_218.png,"(335.5740051269531, 476.155029296875, 336.05352783203125, 476.70703125)",146,4
1983,doc4_page146_219.png,"(335.0, 476.0, 341.0, 482.0)",146,4
1984,doc4_page146_220.png,"(335.0, 479.0, 342.0, 485.0)",146,4
1985,doc4_page146_221.png,"(334.0, 457.0, 338.0, 463.0)",146,4
1986,doc4_page146_222.png,"(335.27398681640625, 458.3949890136719, 336.7162780761719, 459.72698974609375)",146,4
1987,doc4_page146_223.png,"(335.27398681640625, 473.93499755859375, 335.7535095214844, 474.5469970703125)",146,4
1988,doc4_page146_224.png,"(335.27398681640625, 472.9750061035156, 336.715576171875, 474.9070129394531)",146,4
1989,doc4_page146_225.png,"(335.27398681640625, 473.45501708984375, 336.71258544921875, 474.7870178222656)",146,4
1990,doc4_page146_226.png,"(335.27398681640625, 474.114990234375, 337.19708251953125, 476.1669921875)",146,4
1991,doc4_page146_227.png,"(335.5740051269531, 475.31500244140625, 336.1260070800781, 476.1669921875)",146,4
1992,doc4_page146_228.png,"(334.79400634765625, 471.0550231933594, 335.7527160644531, 471.9070129394531)",146,4
1993,doc4_page146_229.png,"(334.79400634765625, 470.0350036621094, 336.2339172363281, 472.0870056152344)",146,4
1994,doc4_page146_230.png,"(334.9739990234375, 470.81500244140625, 336.41259765625, 471.9670104980469)",146,4
1995,doc4_page146_231.png,"(334.85400390625, 471.4150085449219, 336.2926025390625, 473.3470153808594)",146,4
1996,doc4_page146_232.png,"(335.3340148925781, 472.6750183105469, 336.2939453125, 474.0670166015625)",146,4
1997,doc4_page146_233.png,"(334.4339904785156, 468.4150085449219, 334.91351318359375, 469.0270080566406)",146,4
1998,doc4_page146_234.png,"(334.4339904785156, 467.3349914550781, 335.87469482421875, 469.1470031738281)",146,4
1999,doc4_page146_235.png,"(334.614013671875, 468.2950134277344, 335.57373046875, 469.0870056152344)",146,4
2000,doc4_page146_236.png,"(335.093994140625, 468.71502685546875, 335.5738830566406, 469.0870056152344)",146,4
2001,doc4_page146_237.png,"(334.4339904785156, 468.5950012207031, 335.8755798339844, 470.3470153808594)",146,4
2002,doc4_page146_238.png,"(335.3940124511719, 469.31500244140625, 335.8744812011719, 469.68701171875)",146,4
2003,doc4_page146_239.png,"(334.85400390625, 469.375, 336.2936096191406, 471.12701416015625)",146,4
2004,doc4_page146_240.png,"(334.1940002441406, 465.71502685546875, 334.7460021972656, 466.50701904296875)",146,4
2005,doc4_page146_241.png,"(334.1940002441406, 464.69500732421875, 335.63629150390625, 466.68701171875)",146,4
2006,doc4_page146_242.png,"(334.3739929199219, 464.8150329589844, 335.3349609375, 466.26702880859375)",146,4
2007,doc4_page146_243.png,"(334.3139953613281, 465.5350036621094, 335.2737121582031, 466.5670166015625)",146,4
2008,doc4_page146_244.png,"(334.1940002441406, 466.135009765625, 335.6339111328125, 467.6470031738281)",146,4
2009,doc4_page146_245.png,"(334.4939880371094, 466.5550231933594, 335.9353942871094, 468.9070129394531)",146,4
2010,doc4_page146_246.png,"(335.03399658203125, 466.7950134277344, 335.58599853515625, 467.2870178222656)",146,4
2011,doc4_page146_247.png,"(334.0740051269531, 463.07501220703125, 335.03271484375, 463.86700439453125)",146,4
2012,doc4_page146_248.png,"(334.0740051269531, 461.875, 335.51470947265625, 464.10699462890625)",146,4
2013,doc4_page146_249.png,"(334.1340026855469, 462.5350036621094, 335.0946350097656, 463.86700439453125)",146,4
2014,doc4_page146_250.png,"(334.1340026855469, 463.3750305175781, 335.57391357421875, 465.00701904296875)",146,4
2015,doc4_page146_251.png,"(334.3739929199219, 464.39501953125, 335.3349609375, 466.0870056152344)",146,4
2016,doc4_page146_252.png,"(334.7340087890625, 465.5350036621094, 335.2135314941406, 466.0870056152344)",146,4
2017,doc4_page146_253.png,"(334.9739990234375, 464.2149963378906, 335.4538879394531, 464.5270080566406)",146,4
2018,doc4_page146_254.png,"(335.6340026855469, 475.8550109863281, 337.0754089355469, 477.18701171875)",146,4
2019,doc4_page146_255.png,"(336.2340087890625, 476.635009765625, 336.72601318359375, 477.18701171875)",146,4
2020,doc4_page146_256.png,"(335.6340026855469, 476.39501953125, 336.59417724609375, 477.12701416015625)",146,4
2021,doc4_page146_257.png,"(335.6340026855469, 476.69500732421875, 337.5520935058594, 479.1669921875)",146,4
2022,doc4_page146_258.png,"(335.7539978027344, 475.43499755859375, 337.1954040527344, 477.24700927734375)",146,4
2023,doc4_page146_259.png,"(335.7539978027344, 475.8550109863281, 337.193603515625, 477.24700927734375)",146,4
2024,doc4_page146_260.png,"(336.41400146484375, 476.875, 337.3741760253906, 477.48699951171875)",146,4
2025,doc4_page146_261.png,"(336.0, 456.0, 340.0, 463.0)",146,4
2026,doc4_page146_262.png,"(334.0, 458.0, 339.0, 464.0)",146,4
2027,doc4_page146_263.png,"(335.27398681640625, 459.5350036621094, 337.1962890625, 460.86700439453125)",146,4
2028,doc4_page146_264.png,"(334.7340087890625, 461.0350036621094, 335.6937255859375, 462.0670166015625)",146,4
2029,doc4_page146_265.png,"(335.27398681640625, 461.5150146484375, 336.23370361328125, 462.3070068359375)",146,4
2030,doc4_page146_266.png,"(335.6940002441406, 461.0350036621094, 337.13238525390625, 463.0270080566406)",146,4
2031,doc4_page146_267.png,"(334.0, 461.0, 340.0, 467.0)",146,4
2032,doc4_page146_268.png,"(335.6340026855469, 462.3550109863281, 337.07391357421875, 463.50701904296875)",146,4
2033,doc4_page146_269.png,"(334.79400634765625, 463.3150329589844, 336.23541259765625, 464.8270263671875)",146,4
2034,doc4_page146_270.png,"(334.0, 464.0, 339.0, 470.0)",146,4
2035,doc4_page146_271.png,"(335.27398681640625, 465.5350036621094, 336.7162780761719, 467.5270080566406)",146,4
2036,doc4_page146_272.png,"(335.15399169921875, 466.31500244140625, 336.1137390136719, 467.3470153808594)",146,4
2037,doc4_page146_273.png,"(334.0, 466.0, 340.0, 472.0)",146,4
2038,doc4_page146_274.png,"(335.5740051269531, 469.135009765625, 336.53271484375, 469.98699951171875)",146,4
2039,doc4_page146_275.png,"(341.0, 461.0, 342.0, 471.0)",146,4
2040,doc4_page146_276.png,"(341.0, 466.0, 343.0, 476.0)",146,4
2041,doc4_page146_277.png,"(342.0, 469.0, 343.0, 479.0)",146,4
2042,doc4_page146_278.png,"(342.0, 474.0, 344.0, 481.0)",146,4
2043,doc4_page146_279.png,"(341.0, 463.0, 343.0, 473.0)",146,4
2044,doc4_page146_280.png,"(335.0, 469.0, 340.0, 475.0)",146,4
2045,doc4_page146_281.png,"(335.0, 471.0, 342.0, 478.0)",146,4
2046,doc4_page146_282.png,"(338.0, 471.0, 342.0, 478.0)",146,4
2047,doc4_page146_283.png,"(341.093994140625, 473.9350280761719, 342.0537109375, 475.26702880859375)",146,4
2048,doc4_page146_284.png,"(338.0, 474.0, 343.0, 481.0)",146,4
2049,doc4_page146_285.png,"(335.6340026855469, 480.4750061035156, 341.8656005859375, 492.00701904296875)",146,4
2050,doc4_page146_286.png,"(336.0539855957031, 480.2349853515625, 337.49627685546875, 482.22698974609375)",146,4
2051,doc4_page146_287.png,"(330.0, 482.0, 335.0, 490.0)",146,4
2052,doc4_page146_288.png,"(330.0, 479.0, 334.0, 488.0)",146,4
2053,doc4_page146_289.png,"(329.0, 477.0, 333.0, 486.0)",146,4
2054,doc4_page146_290.png,"(331.0, 484.0, 336.0, 492.0)",146,4
2055,doc4_page146_291.png,"(333.0, 488.0, 338.0, 496.0)",146,4
2056,doc4_page146_292.png,"(334.0, 491.0, 339.0, 498.0)",146,4
2057,doc4_page146_293.png,"(336.0, 495.0, 340.0, 500.0)",146,4
2058,doc4_page146_294.png,"(332.0, 487.0, 337.0, 494.0)",146,4
2059,doc4_page146_295.png,"(335.0, 477.0, 338.0, 483.0)",146,4
2060,doc4_page146_296.png,"(335.0, 478.0, 338.0, 484.0)",146,4
2061,doc4_page146_297.png,"(333.0, 478.0, 336.0, 485.0)",146,4
2062,doc4_page146_298.png,"(330.0, 478.0, 334.0, 485.0)",146,4
2063,doc4_page146_299.png,"(330.0, 477.0, 334.0, 484.0)",146,4
2064,doc4_page146_300.png,"(332.0, 479.0, 336.0, 485.0)",146,4
2065,doc4_page146_301.png,"(333.0, 475.0, 336.0, 482.0)",146,4
2066,doc4_page146_302.png,"(337.0, 481.0, 340.0, 489.0)",146,4
2067,doc4_page146_303.png,"(336.0, 479.0, 340.0, 487.0)",146,4
2068,doc4_page146_304.png,"(335.0, 477.0, 339.0, 485.0)",146,4
2069,doc4_page146_305.png,"(337.0, 488.0, 358.0, 520.0)",146,4
2070,doc4_page146_306.png,"(332.0, 484.0, 338.0, 488.0)",146,4
2071,doc4_page146_307.png,"(333.0539855957031, 485.9949645996094, 333.6059875488281, 486.5469970703125)",146,4
2072,doc4_page146_308.png,"(333.0, 486.0, 338.0, 491.0)",146,4
2073,doc4_page146_309.png,"(333.8940124511719, 487.7349853515625, 334.3739013671875, 488.22698974609375)",146,4
2074,doc4_page146_310.png,"(333.0, 488.0, 339.0, 492.0)",146,4
2075,doc4_page146_311.png,"(334.0, 490.0, 340.0, 494.0)",146,4
2076,doc4_page146_312.png,"(335.0, 492.0, 342.0, 496.0)",146,4
2077,doc4_page146_313.png,"(336.0, 494.0, 342.0, 498.0)",146,4
2078,doc4_page146_314.png,"(337.7340087890625, 496.375, 338.2135314941406, 496.8070068359375)",146,4
2079,doc4_page146_315.png,"(337.0, 496.0, 343.0, 500.0)",146,4
2080,doc4_page146_316.png,"(338.8139953613281, 498.2349853515625, 339.29388427734375, 498.6669921875)",146,4
2081,doc4_page146_317.png,"(338.0, 498.0, 345.0, 502.0)",146,4
2082,doc4_page146_318.png,"(339.77398681640625, 499.9750061035156, 340.32598876953125, 500.5270080566406)",146,4
2083,doc4_page146_319.png,"(340.0, 500.0, 345.0, 504.0)",146,4
2084,doc4_page146_320.png,"(335.8739929199219, 492.5350341796875, 336.833740234375, 493.20703125)",146,4
2085,doc4_page146_321.png,"(335.6940002441406, 491.7550354003906, 337.13238525390625, 493.26702880859375)",146,4
2086,doc4_page146_322.png,"(335.9939880371094, 492.83502197265625, 337.43389892578125, 494.2870178222656)",146,4
2087,doc4_page146_323.png,"(334.9739990234375, 490.614990234375, 335.4535217285156, 491.10699462890625)",146,4
2088,doc4_page146_324.png,"(334.7340087890625, 489.7149963378906, 336.1739196777344, 491.10699462890625)",146,4
2089,doc4_page146_325.png,"(335.093994140625, 490.4949951171875, 336.0537109375, 491.10699462890625)",146,4
2090,doc4_page146_326.png,"(335.5740051269531, 490.67498779296875, 336.0538635253906, 490.98699951171875)",146,4
2091,doc4_page146_327.png,"(335.03399658203125, 490.6750183105469, 336.4739074707031, 492.0670166015625)",146,4
2092,doc4_page146_328.png,"(335.6940002441406, 491.1549987792969, 336.6539001464844, 492.60699462890625)",146,4
2093,doc4_page146_329.png,"(334.1340026855469, 488.57501220703125, 335.09417724609375, 489.18701171875)",146,4
2094,doc4_page146_330.png,"(333.9540100097656, 487.7350158691406, 335.3939208984375, 489.18701171875)",146,4
2095,doc4_page146_331.png,"(333.9540100097656, 487.7950134277344, 335.3954162597656, 488.88702392578125)",146,4
2096,doc4_page146_332.png,"(334.1340026855469, 488.3949890136719, 335.09393310546875, 489.18701171875)",146,4
2097,doc4_page146_333.png,"(334.3139953613281, 488.875, 335.75469970703125, 490.0270080566406)",146,4
2098,doc4_page146_334.png,"(334.614013671875, 489.05499267578125, 336.0539245605469, 490.927001953125)",146,4
2099,doc4_page146_335.png,"(335.03399658203125, 489.2349853515625, 335.58599853515625, 489.60699462890625)",146,4
2100,doc4_page146_336.png,"(333.35400390625, 486.5350036621094, 334.313720703125, 487.1470031738281)",146,4
2101,doc4_page146_337.png,"(333.2340087890625, 485.5750427246094, 334.6739196777344, 487.20703125)",146,4
2102,doc4_page146_338.png,"(333.29400634765625, 486.17498779296875, 334.73260498046875, 487.0870056152344)",146,4
2103,doc4_page146_339.png,"(333.4739990234375, 486.8349914550781, 334.9137878417969, 488.0469970703125)",146,4
2104,doc4_page146_340.png,"(333.9540100097656, 487.4350280761719, 335.39361572265625, 488.76702880859375)",146,4
2105,doc4_page146_341.png,"(334.4339904785156, 488.2750244140625, 334.9859924316406, 488.76702880859375)",146,4
2106,doc4_page146_342.png,"(334.3739929199219, 487.19500732421875, 334.8538818359375, 487.50701904296875)",146,4
2107,doc4_page146_343.png,"(340.0740051269531, 500.5150146484375, 341.0337219238281, 501.0670166015625)",146,4
2108,doc4_page146_344.png,"(340.0140075683594, 500.1549987792969, 341.45391845703125, 501.0670166015625)",146,4
2109,doc4_page146_345.png,"(340.0140075683594, 500.2149963378906, 341.4554138183594, 501.0670166015625)",146,4
2110,doc4_page146_346.png,"(340.1940002441406, 500.7550048828125, 342.5929870605469, 503.2870178222656)",146,4
2111,doc4_page146_347.png,"(340.91400146484375, 501.5950012207031, 342.35260009765625, 502.74700927734375)",146,4
2112,doc4_page146_348.png,"(338.8739929199219, 498.17498779296875, 339.8346252441406, 499.0270080566406)",146,4
2113,doc4_page146_349.png,"(338.8739929199219, 498.3550109863281, 339.8346252441406, 499.0270080566406)",146,4
2114,doc4_page146_350.png,"(339.0539855957031, 498.6549987792969, 340.9770812988281, 500.4670104980469)",146,4
2115,doc4_page146_351.png,"(340.0140075683594, 499.7950134277344, 341.9371032714844, 501.0670166015625)",146,4
2116,doc4_page146_352.png,"(337.79400634765625, 496.0749816894531, 339.2336120605469, 497.0469970703125)",146,4
2117,doc4_page146_353.png,"(338.3340148925781, 496.614990234375, 338.8260192871094, 496.98699951171875)",146,4
2118,doc4_page146_354.png,"(337.79400634765625, 496.4349670410156, 338.7527160644531, 497.0469970703125)",146,4
2119,doc4_page146_355.png,"(337.91400146484375, 496.67498779296875, 339.83709716796875, 498.48699951171875)",146,4
2120,doc4_page146_356.png,"(338.8739929199219, 497.57501220703125, 340.31390380859375, 499.0270080566406)",146,4
2121,doc4_page146_357.png,"(339.35400390625, 498.6549987792969, 339.906005859375, 499.0270080566406)",146,4
2122,doc4_page146_358.png,"(339.35400390625, 498.4749755859375, 340.313720703125, 499.0270080566406)",146,4
2123,doc4_page146_359.png,"(339.4739990234375, 498.71502685546875, 340.4349670410156, 499.20703125)",146,4
2124,doc4_page146_360.png,"(334.0, 480.0, 337.0, 486.0)",146,4
2125,doc4_page146_361.png,"(332.0, 483.0, 337.0, 487.0)",146,4
2126,doc4_page146_362.png,"(333.35400390625, 484.85498046875, 334.3139343261719, 485.5870056152344)",146,4
2127,doc4_page146_363.png,"(334.85400390625, 485.45501708984375, 335.8149719238281, 485.947021484375)",146,4
2128,doc4_page146_364.png,"(335.0, 481.0, 338.0, 487.0)",146,4
2129,doc4_page146_365.png,"(335.3940124511719, 484.31500244140625, 337.7956237792969, 486.3070068359375)",146,4
2130,doc4_page146_366.png,"(335.6340026855469, 485.3949890136719, 336.1138916015625, 486.00701904296875)",146,4
2131,doc4_page146_367.png,"(333.0, 485.0, 339.0, 489.0)",146,4
2132,doc4_page146_368.png,"(334.4339904785156, 485.6349792480469, 336.35467529296875, 486.72698974609375)",146,4
2133,doc4_page146_369.png,"(334.0740051269531, 486.5350036621094, 335.5154113769531, 487.68701171875)",146,4
2134,doc4_page146_370.png,"(334.9739990234375, 485.6349792480469, 336.89208984375, 486.5469970703125)",146,4
2135,doc4_page146_371.png,"(335.27398681640625, 486.2349853515625, 336.7138977050781, 488.0469970703125)",146,4
2136,doc4_page146_372.png,"(335.8739929199219, 486.29498291015625, 336.8341369628906, 486.8470153808594)",146,4
2137,doc4_page146_373.png,"(335.6340026855469, 487.4949951171875, 336.1138610839844, 487.86700439453125)",146,4
2138,doc4_page146_374.png,"(334.0, 487.0, 339.0, 491.0)",146,4
2139,doc4_page146_375.png,"(334.85400390625, 488.2149963378906, 336.2923889160156, 489.60699462890625)",146,4
2140,doc4_page146_376.png,"(335.6940002441406, 488.93499755859375, 336.65496826171875, 489.60699462890625)",146,4
2141,doc4_page146_377.png,"(335.6940002441406, 487.7950134277344, 336.6546325683594, 488.4670104980469)",146,4
2142,doc4_page146_378.png,"(335.03399658203125, 488.8749694824219, 335.9949645996094, 489.60699462890625)",146,4
2143,doc4_page146_379.png,"(334.0, 489.0, 340.0, 493.0)",146,4
2144,doc4_page146_380.png,"(338.0, 483.0, 341.0, 491.0)",146,4
2145,doc4_page146_381.png,"(340.0, 487.0, 343.0, 495.0)",146,4
2146,doc4_page146_382.png,"(341.0, 489.0, 344.0, 497.0)",146,4
2147,doc4_page146_383.png,"(342.0, 493.0, 345.0, 498.0)",146,4
2148,doc4_page146_384.png,"(339.0, 485.0, 342.0, 493.0)",146,4
2149,doc4_page146_385.png,"(335.0, 491.0, 341.0, 495.0)",146,4
2150,doc4_page146_386.png,"(337.0, 495.0, 343.0, 499.0)",146,4
2151,doc4_page146_387.png,"(339.41400146484375, 496.7950134277344, 340.3741760253906, 497.2870178222656)",146,4
2152,doc4_page146_388.png,"(339.53399658203125, 496.67498779296875, 340.49371337890625, 497.22698974609375)",146,4
2153,doc4_page146_389.png,"(339.0539855957031, 496.9150085449219, 339.6059875488281, 497.2870178222656)",146,4
2154,doc4_page146_390.png,"(340.0740051269531, 496.4949951171875, 341.513916015625, 497.2870178222656)",146,4
2155,doc4_page146_391.png,"(341.0, 493.0, 344.0, 499.0)",146,4
2156,doc4_page146_392.png,"(341.093994140625, 496.31500244140625, 341.5735168457031, 497.3470153808594)",146,4
2157,doc4_page146_393.png,"(341.15399169921875, 495.655029296875, 343.5527038574219, 497.76702880859375)",146,4
2158,doc4_page146_394.png,"(341.15399169921875, 496.9750061035156, 341.63446044921875, 497.3470153808594)",146,4
2159,doc4_page146_395.png,"(338.0, 497.0, 344.0, 500.0)",146,4
2160,doc4_page146_396.png,"(339.77398681640625, 497.2749938964844, 342.1728820800781, 498.0670166015625)",146,4
2161,doc4_page146_397.png,"(339.8340148925781, 498.5350036621094, 340.7939147949219, 499.20703125)",146,4
2162,doc4_page146_398.png,"(340.3739929199219, 498.7149963378906, 341.333740234375, 499.26702880859375)",146,4
2163,doc4_page146_399.png,"(340.3139953613281, 497.0950012207031, 342.23480224609375, 497.88702392578125)",146,4
2164,doc4_page146_400.png,"(340.85400390625, 497.5150146484375, 342.2923889160156, 499.3270263671875)",146,4
2165,doc4_page146_401.png,"(341.3940124511719, 497.6349792480469, 342.3537292480469, 498.24700927734375)",146,4
2166,doc4_page146_402.png,"(341.5740051269531, 497.57501220703125, 342.53271484375, 498.0670166015625)",146,4
2167,doc4_page146_403.png,"(339.0, 498.0, 346.0, 502.0)",146,4
2168,doc4_page146_404.png,"(341.03399658203125, 499.1349792480469, 342.4739074707031, 499.8070068359375)",146,4
2169,doc4_page146_405.png,"(340.7340087890625, 500.1549987792969, 342.1739196777344, 501.12701416015625)",146,4
2170,doc4_page146_406.png,"(340.0, 500.0, 346.0, 504.0)",146,4
2171,doc4_page146_407.png,"(345.0, 501.0, 348.0, 506.0)",146,4
2172,doc4_page146_408.png,"(346.67401123046875, 502.1350402832031, 347.166015625, 503.70703125)",146,4
2173,doc4_page146_409.png,"(346.1940002441406, 505.67498779296875, 346.7460021972656, 506.0469970703125)",146,4
2174,doc4_page146_410.png,"(346.0, 503.0, 348.0, 506.0)",146,4
2175,doc4_page146_411.png,"(346.9739990234375, 503.9349670410156, 347.4544677734375, 504.72698974609375)",146,4
2176,doc4_page146_412.png,"(346.91400146484375, 504.17498779296875, 347.39447021484375, 504.8470153808594)",146,4
2177,doc4_page146_413.png,"(346.4339904785156, 505.7349853515625, 346.91351318359375, 506.10699462890625)",146,4
2178,doc4_page146_414.png,"(346.3739929199219, 505.614990234375, 346.8659973144531, 506.0469970703125)",146,4
2179,doc4_page146_415.png,"(346.4339904785156, 505.4949645996094, 346.91351318359375, 505.98699951171875)",146,4
2180,doc4_page146_416.png,"(346.3739929199219, 504.9549865722656, 347.3341369628906, 505.68701171875)",146,4
2181,doc4_page146_417.png,"(346.91400146484375, 505.7349853515625, 347.39447021484375, 506.0469970703125)",146,4
2182,doc4_page146_418.png,"(346.0, 504.0, 348.0, 506.0)",146,4
2183,doc4_page146_419.png,"(346.614013671875, 504.5350036621094, 347.5727233886719, 505.8070068359375)",146,4
2184,doc4_page146_420.png,"(346.67401123046875, 505.0749816894531, 347.166015625, 505.98699951171875)",146,4
2185,doc4_page146_421.png,"(346.85400390625, 504.6549987792969, 347.813720703125, 506.0469970703125)",146,4
2186,doc4_page146_422.png,"(346.7340087890625, 505.1949768066406, 347.6941833496094, 505.98699951171875)",146,4
2187,doc4_page146_423.png,"(346.4939880371094, 504.6549987792969, 347.45269775390625, 505.927001953125)",146,4
2188,doc4_page146_424.jpeg,"(335.8739929199219, 457.79498291015625, 341.6390075683594, 497.22698974609375)",146,4
2189,doc4_page146_425.jpeg,"(346.7340087890625, 463.614990234375, 352.49432373046875, 480.427001953125)",146,4
2190,doc4_page146_426.jpeg,"(341.27398681640625, 475.2550048828125, 347.03900146484375, 505.98699951171875)",146,4
2191,doc4_page146_427.png,"(332.27398681640625, 481.5550231933594, 336.1165771484375, 486.12701416015625)",146,4
2192,doc4_page146_428.jpeg,"(374.2139892578125, 449.69500732421875, 416.0050048828125, 524.8870239257812)",146,4
2193,doc4_page146_429.png,"(272.0, 454.0, 282.0, 482.0)",146,4
2194,doc4_page146_430.png,"(277.2539978027344, 468.5350036621094, 281.64599609375, 481.68701171875)",146,4
2195,doc4_page146_431.png,"(280.1340026855469, 480.05499267578125, 281.64599609375, 483.1269836425781)",146,4
2196,doc4_page146_432.png,"(278.2139892578125, 479.09503173828125, 281.64599609375, 482.64703369140625)",146,4
2197,doc4_page146_433.png,"(278.2140197753906, 480.05499267578125, 279.72601318359375, 481.6869812011719)",146,4
2198,doc4_page146_434.png,"(279.17401123046875, 481.9750061035156, 281.64599609375, 486.00701904296875)",146,4
2199,doc4_page146_435.png,"(278.2139892578125, 481.4949951171875, 281.1659851074219, 486.0069885253906)",146,4
2200,doc4_page146_436.png,"(277.7340087890625, 481.0150146484375, 279.72601318359375, 484.0870056152344)",146,4
2201,doc4_page146_437.png,"(277.7340087890625, 481.0150146484375, 279.2460021972656, 484.0870056152344)",146,4
2202,doc4_page146_438.png,"(280.1340026855469, 481.0150146484375, 281.64599609375, 483.12701416015625)",146,4
2203,doc4_page146_439.png,"(278.2139892578125, 480.05499267578125, 281.64599609375, 483.1269836425781)",146,4
2204,doc4_page146_440.png,"(278.2140197753906, 480.05499267578125, 279.72601318359375, 481.6869812011719)",146,4
2205,doc4_page146_441.png,"(278.2140197753906, 480.05499267578125, 279.72601318359375, 481.6869812011719)",146,4
2206,doc4_page146_442.png,"(280.1340026855469, 481.4949951171875, 281.64599609375, 483.1269836425781)",146,4
2207,doc4_page146_443.png,"(278.2139892578125, 480.05499267578125, 281.64599609375, 483.1269836425781)",146,4
2208,doc4_page146_444.png,"(278.2140197753906, 480.05499267578125, 279.72601318359375, 481.6869812011719)",146,4
2209,doc4_page146_445.png,"(278.2140197753906, 480.05499267578125, 279.72601318359375, 481.6869812011719)",146,4
2210,doc4_page146_446.png,"(277.2539978027344, 484.8550109863281, 280.6860046386719, 488.88702392578125)",146,4
2211,doc4_page146_447.png,"(277.2539978027344, 482.93499755859375, 280.6860046386719, 488.406982421875)",146,4
2212,doc4_page146_448.png,"(277.2539978027344, 486.7750244140625, 278.7659912109375, 488.88702392578125)",146,4
2213,doc4_page146_449.png,"(277.2539978027344, 482.93499755859375, 279.2460021972656, 488.406982421875)",146,4
2214,doc4_page146_450.png,"(277.2539978027344, 486.7750244140625, 278.7659912109375, 488.88702392578125)",146,4
2215,doc4_page146_451.png,"(277.2539978027344, 482.93499755859375, 279.2460021972656, 488.406982421875)",146,4
2216,doc4_page146_452.png,"(279.17401123046875, 484.375, 280.6860046386719, 486.48699951171875)",146,4
2217,doc4_page146_453.png,"(278.2140197753906, 482.45501708984375, 280.6860046386719, 486.00701904296875)",146,4
2218,doc4_page146_454.png,"(277.7340087890625, 482.45501708984375, 279.72601318359375, 484.5670166015625)",146,4
2219,doc4_page146_455.png,"(277.7340087890625, 482.45501708984375, 279.2460021972656, 484.0870056152344)",146,4
2220,doc4_page146_456.png,"(279.17401123046875, 484.375, 280.6860046386719, 486.48699951171875)",146,4
2221,doc4_page146_457.png,"(277.7340087890625, 482.93499755859375, 280.6860046386719, 486.48699951171875)",146,4
2222,doc4_page146_458.png,"(277.7340087890625, 482.45501708984375, 279.72601318359375, 484.5670166015625)",146,4
2223,doc4_page146_459.png,"(277.7340087890625, 482.45501708984375, 279.2460021972656, 484.5670166015625)",146,4
2224,doc4_page146_460.png,"(270.0539855957031, 451.7950134277344, 278.7659912109375, 470.2270202636719)",146,4
2225,doc4_page146_461.png,"(276.77398681640625, 468.5350036621094, 280.20599365234375, 480.72698974609375)",146,4
2226,doc4_page146_462.png,"(278.2140197753906, 479.09503173828125, 279.72601318359375, 481.6870422363281)",146,4
2227,doc4_page146_463.png,"(270.0539855957031, 462.83502197265625, 277.8059997558594, 470.2270202636719)",146,4
2228,doc4_page146_464.png,"(275.8139953613281, 468.5350036621094, 279.2460021972656, 480.24700927734375)",146,4
2229,doc4_page146_465.png,"(277.7340087890625, 478.614990234375, 279.2460021972656, 480.2469787597656)",146,4
2230,doc4_page146_466.png,"(270.05401611328125, 460.9150085449219, 278.2860107421875, 470.2270202636719)",146,4
2231,doc4_page146_467.png,"(276.29400634765625, 468.5350036621094, 279.72601318359375, 480.72698974609375)",146,4
2232,doc4_page146_468.png,"(278.2140197753906, 478.614990234375, 279.72601318359375, 481.6869812011719)",146,4
2233,doc4_page146_469.png,"(276.29400634765625, 469.0150146484375, 279.72601318359375, 480.24700927734375)",146,4
2234,doc4_page146_470.png,"(277.7340087890625, 478.614990234375, 279.72601318359375, 481.6869812011719)",146,4
2235,doc4_page146_471.png,"(278.2140197753906, 480.05499267578125, 279.72601318359375, 481.6869812011719)",146,4
2236,doc4_page146_472.png,"(278.2140197753906, 480.05499267578125, 279.72601318359375, 481.6869812011719)",146,4
2237,doc4_page146_473.png,"(272.0, 450.0, 286.0, 458.0)",146,4
2238,doc4_page146_474.png,"(277.7340087890625, 451.31500244140625, 285.0060119628906, 457.74700927734375)",146,4
2239,doc4_page146_475.png,"(273.89398193359375, 449.875, 282.6059875488281, 456.3070068359375)",146,4
2240,doc4_page146_476.png,"(272.0, 449.0, 284.0, 453.0)",146,4
2241,doc4_page146_477.png,"(271.4940185546875, 448.43499755859375, 285.96600341796875, 456.3070068359375)",146,4
2242,doc4_page146_478.png,"(238.0, 481.0, 246.0, 496.0)",146,4
2243,doc4_page146_479.jpeg,"(237.53399658203125, 479.57501220703125, 243.8459930419922, 496.0870056152344)",146,4
2244,doc4_page146_480.jpeg,"(236.57400512695312, 479.57501220703125, 242.88600158691406, 495.6070251464844)",146,4
2245,doc4_page146_481.jpeg,"(237.0540008544922, 479.57501220703125, 243.36599731445312, 496.0870056152344)",146,4
2246,doc4_page146_482.jpeg,"(237.0540008544922, 479.57501220703125, 243.36599731445312, 496.0870056152344)",146,4
2247,doc4_page146_483.png,"(237.0, 480.0, 243.0, 496.0)",146,4
2248,doc4_page146_484.jpeg,"(235.61399841308594, 478.614990234375, 242.88600158691406, 495.60699462890625)",146,4
2249,doc4_page146_485.png,"(238.01400756835938, 491.0350036621094, 239.5260009765625, 492.72698974609375)",146,4
2250,doc4_page146_486.png,"(236.57400512695312, 488.21502685546875, 241.4459991455078, 495.6070251464844)",146,4
2251,doc4_page146_487.png,"(235.614013671875, 478.135009765625, 242.406005859375, 495.60699462890625)",146,4
2252,doc4_page146_488.png,"(251.3939971923828, 454.19500732421875, 255.30599975585938, 463.0270080566406)",146,4
2253,doc4_page146_489.png,"(252.35400390625, 460.43499755859375, 255.30599975585938, 463.0270080566406)",146,4
2254,doc4_page146_490.png,"(243.0, 467.0, 270.0, 487.0)",146,4
2255,doc4_page146_491.png,"(264.35400390625, 482.45501708984375, 267.7860107421875, 485.5270080566406)",146,4
2256,doc4_page146_492.png,"(259.5539855957031, 482.93499755859375, 265.8659973144531, 487.927001953125)",146,4
2257,doc4_page146_493.png,"(266.7539978027344, 482.45501708984375, 269.70599365234375, 484.0870056152344)",146,4
2258,doc4_page146_494.png,"(266.27398681640625, 482.45501708984375, 268.2659912109375, 485.5270080566406)",146,4
2259,doc4_page146_495.png,"(266.7539978027344, 482.45501708984375, 268.2659912109375, 484.0870056152344)",146,4
2260,doc4_page146_496.png,"(246.0, 479.0, 265.0, 487.0)",146,4
2261,doc4_page146_497.png,"(264.35400390625, 482.93499755859375, 266.34600830078125, 485.5270080566406)",146,4
2262,doc4_page146_498.png,"(259.5539855957031, 486.2950134277344, 261.5459899902344, 487.927001953125)",146,4
2263,doc4_page146_499.png,"(259.55401611328125, 482.93499755859375, 266.34600830078125, 487.927001953125)",146,4
2264,doc4_page146_500.png,"(251.0, 462.0, 279.0, 489.0)",146,4
2265,doc4_page146_501.png,"(267.65399169921875, 466.135009765625, 272.58599853515625, 483.60699462890625)",146,4
2266,doc4_page146_502.png,"(271.4939880371094, 477.1750183105469, 274.9859924316406, 482.1670227050781)",146,4
2267,doc4_page146_503.png,"(272.9339904785156, 477.655029296875, 276.4259948730469, 480.7270202636719)",146,4
2268,doc4_page146_504.png,"(270.53399658203125, 465.1750183105469, 277.32598876953125, 479.2870178222656)",146,4
2269,doc4_page146_505.png,"(272.4540100097656, 468.5350036621094, 279.2460021972656, 480.24700927734375)",146,4
2270,doc4_page146_506.png,"(275.3340148925781, 478.614990234375, 279.2460021972656, 480.2469787597656)",146,4
2271,doc4_page146_507.png,"(270.05401611328125, 465.655029296875, 273.0660095214844, 482.64703369140625)",146,4
2272,doc4_page146_508.png,"(277.7340087890625, 478.614990234375, 279.2460021972656, 481.6869812011719)",146,4
2273,doc4_page146_509.png,"(268.6139831542969, 481.9750061035156, 271.14599609375, 485.0469970703125)",146,4
2274,doc4_page146_510.png,"(266.7539978027344, 482.45501708984375, 269.70599365234375, 485.5270080566406)",146,4
2275,doc4_page146_511.png,"(268.1340026855469, 481.9750061035156, 270.1860046386719, 485.0469970703125)",146,4
2276,doc4_page146_512.png,"(269.5740051269531, 481.0150146484375, 272.58599853515625, 484.5670166015625)",146,4
2277,doc4_page146_513.png,"(271.4939880371094, 479.09503173828125, 274.9859924316406, 482.1670227050781)",146,4
2278,doc4_page146_514.png,"(273.41400146484375, 478.614990234375, 276.4259948730469, 480.72698974609375)",146,4
2279,doc4_page146_515.png,"(271.4939880371094, 479.09503173828125, 274.9859924316406, 483.1270446777344)",146,4
2280,doc4_page146_516.png,"(273.41400146484375, 478.614990234375, 278.2860107421875, 482.1669921875)",146,4
2281,doc4_page146_517.png,"(274.85400390625, 478.614990234375, 276.84600830078125, 480.2469787597656)",146,4
2282,doc4_page146_518.png,"(274.85400390625, 478.614990234375, 279.2460021972656, 481.6869812011719)",146,4
2283,doc4_page146_519.png,"(271.0140075683594, 480.5350036621094, 273.0660095214844, 483.60699462890625)",146,4
2284,doc4_page146_520.png,"(266.7539978027344, 482.45501708984375, 268.2659912109375, 485.5270080566406)",146,4
2285,doc4_page146_521.png,"(277.7340087890625, 478.614990234375, 279.72601318359375, 481.6869812011719)",146,4
2286,doc4_page146_522.png,"(266.7539978027344, 482.45501708984375, 268.2659912109375, 485.5270080566406)",146,4
2287,doc4_page146_523.png,"(277.2539978027344, 481.0150146484375, 279.2460021972656, 484.0870056152344)",146,4
2288,doc4_page146_524.png,"(271.9740295410156, 481.4949951171875, 275.9460144042969, 486.96697998046875)",146,4
2289,doc4_page146_525.png,"(273.8940124511719, 481.0150146484375, 279.2460021972656, 484.5670166015625)",146,4
2290,doc4_page146_526.png,"(277.7340087890625, 481.0150146484375, 279.2460021972656, 484.0870056152344)",146,4
2291,doc4_page146_527.png,"(277.7340087890625, 480.05499267578125, 279.2460021972656, 481.6869812011719)",146,4
2292,doc4_page146_528.png,"(270.53399658203125, 481.9750061035156, 272.58599853515625, 484.5670166015625)",146,4
2293,doc4_page146_529.png,"(271.4939880371094, 480.5350036621094, 274.9859924316406, 483.60699462890625)",146,4
2294,doc4_page146_530.png,"(273.41400146484375, 480.05499267578125, 278.7659912109375, 482.1669921875)",146,4
2295,doc4_page146_531.png,"(276.7740173339844, 480.05499267578125, 279.2460021972656, 481.6869812011719)",146,4
2296,doc4_page146_532.png,"(271.0140075683594, 481.4949951171875, 273.0660095214844, 484.0870056152344)",146,4
2297,doc4_page146_533.png,"(277.7340087890625, 480.05499267578125, 279.72601318359375, 481.6869812011719)",146,4
2298,doc4_page146_534.png,"(277.7340087890625, 480.05499267578125, 279.72601318359375, 481.6869812011719)",146,4
2299,doc4_page146_535.png,"(277.7340087890625, 480.05499267578125, 279.2460021972656, 481.6869812011719)",146,4
2300,doc4_page146_536.png,"(277.2539978027344, 480.05499267578125, 278.7659912109375, 481.6869812011719)",146,4
2301,doc4_page146_537.png,"(277.2539978027344, 480.05499267578125, 279.2460021972656, 481.6869812011719)",146,4
2302,doc4_page146_538.png,"(277.7340087890625, 480.05499267578125, 279.72601318359375, 481.6869812011719)",146,4
2303,doc4_page146_539.png,"(277.7340087890625, 480.05499267578125, 279.2460021972656, 481.6869812011719)",146,4
2304,doc4_page146_540.png,"(276.29400634765625, 486.7750244140625, 278.7659912109375, 488.88702392578125)",146,4
2305,doc4_page146_541.png,"(276.7740173339844, 482.93499755859375, 279.2460021972656, 488.406982421875)",146,4
2306,doc4_page146_542.png,"(274.85400390625, 486.7750244140625, 278.7659912109375, 488.88702392578125)",146,4
2307,doc4_page146_543.png,"(274.85400390625, 486.7750244140625, 276.4259948730469, 488.88702392578125)",146,4
2308,doc4_page146_544.png,"(272.93402099609375, 482.93499755859375, 278.2860107421875, 488.406982421875)",146,4
2309,doc4_page146_545.png,"(274.3739929199219, 482.45501708984375, 278.7659912109375, 488.4070129394531)",146,4
2310,doc4_page146_546.png,"(274.3739929199219, 486.7750244140625, 277.8059997558594, 488.88702392578125)",146,4
2311,doc4_page146_547.png,"(274.85400390625, 487.2550048828125, 278.7659912109375, 489.36700439453125)",146,4
2312,doc4_page146_548.png,"(277.2539978027344, 486.7750244140625, 278.7659912109375, 488.88702392578125)",146,4
2313,doc4_page146_549.png,"(277.2539978027344, 482.93499755859375, 279.2460021972656, 488.406982421875)",146,4
2314,doc4_page146_550.png,"(274.85400390625, 487.2550048828125, 278.7659912109375, 489.36700439453125)",146,4
2315,doc4_page146_551.png,"(274.85400390625, 486.7750244140625, 276.4259948730469, 488.88702392578125)",146,4
2316,doc4_page146_552.png,"(274.85400390625, 487.2550048828125, 276.4259948730469, 488.8869934082031)",146,4
2317,doc4_page146_553.png,"(277.2539978027344, 482.45501708984375, 279.2460021972656, 484.0870056152344)",146,4
2318,doc4_page146_554.png,"(272.93402099609375, 482.93499755859375, 275.9460144042969, 486.9670104980469)",146,4
2319,doc4_page146_555.png,"(274.3739929199219, 482.45501708984375, 278.7659912109375, 484.5670166015625)",146,4
2320,doc4_page146_556.png,"(277.7340087890625, 482.45501708984375, 279.2460021972656, 484.0870056152344)",146,4
2321,doc4_page146_557.png,"(277.2539978027344, 482.45501708984375, 279.2460021972656, 484.5670166015625)",146,4
2322,doc4_page146_558.png,"(272.93402099609375, 482.93499755859375, 275.9460144042969, 486.9670104980469)",146,4
2323,doc4_page146_559.png,"(274.3739929199219, 482.45501708984375, 278.7659912109375, 484.5670166015625)",146,4
2324,doc4_page146_560.png,"(277.7340087890625, 482.45501708984375, 279.2460021972656, 484.5670166015625)",146,4
2325,doc4_page146_561.png,"(248.99400329589844, 459.4750061035156, 271.6260070800781, 468.3070068359375)",146,4
2326,doc4_page146_562.png,"(270.0539855957031, 460.9150085449219, 277.8059997558594, 470.2270202636719)",146,4
2327,doc4_page146_563.png,"(276.29400634765625, 468.5350036621094, 277.8059997558594, 470.7070007324219)",146,4
2328,doc4_page146_564.png,"(269.5740051269531, 460.9150085449219, 271.6260070800781, 464.4670104980469)",146,4
2329,doc4_page146_565.png,"(252.35400390625, 460.9150085449219, 255.30599975585938, 463.98699951171875)",146,4
2330,doc4_page146_566.png,"(251.87400817871094, 461.39501953125, 254.8260040283203, 464.4670104980469)",146,4
2331,doc4_page146_567.png,"(250.43399047851562, 464.7550048828125, 265.8659973144531, 469.74700927734375)",146,4
2332,doc4_page146_568.png,"(250.43399047851562, 464.7550048828125, 265.8659973144531, 468.7870178222656)",146,4
2333,doc4_page146_569.png,"(270.0539855957031, 460.9150085449219, 277.8059997558594, 470.2270202636719)",146,4
2334,doc4_page146_570.png,"(276.29400634765625, 468.5350036621094, 278.2860107421875, 470.7070007324219)",146,4
2335,doc4_page146_571.png,"(261.9540100097656, 458.9949951171875, 271.14599609375, 462.5469970703125)",146,4
2336,doc4_page146_572.png,"(270.0539855957031, 460.9150085449219, 277.8059997558594, 470.2270202636719)",146,4
2337,doc4_page146_573.png,"(276.29400634765625, 468.5350036621094, 278.7659912109375, 472.62701416015625)",146,4
2338,doc4_page146_574.png,"(269.5740051269531, 460.9150085449219, 271.6260070800781, 462.5469970703125)",146,4
2339,doc4_page146_575.png,"(248.99400329589844, 461.39501953125, 253.38600158691406, 465.9070129394531)",146,4
2340,doc4_page146_576.png,"(252.35400390625, 460.9150085449219, 255.30599975585938, 463.0270080566406)",146,4
2341,doc4_page146_577.png,"(251.87399291992188, 461.39501953125, 253.86599731445312, 463.50701904296875)",146,4
2342,doc4_page146_578.png,"(251.3939971923828, 467.09503173828125, 253.86599731445312, 468.7870178222656)",146,4
2343,doc4_page146_579.png,"(250.9139862060547, 466.614990234375, 254.3459930419922, 469.2669982910156)",146,4
2344,doc4_page146_580.png,"(277.2539978027344, 470.93499755859375, 279.2460021972656, 474.9670104980469)",146,4
2345,doc4_page146_581.png,"(238.0, 460.0, 253.0, 480.0)",146,4
2346,doc4_page146_582.png,"(241.0, 468.0, 245.0, 477.0)",146,4
2347,doc4_page146_583.png,"(242.75399780273438, 463.7950134277344, 252.906005859375, 478.3270263671875)",146,4
2348,doc4_page146_584.png,"(242.75399780273438, 468.5350036621094, 246.24600219726562, 475.927001953125)",146,4
2349,doc4_page146_585.png,"(236.093994140625, 460.43499755859375, 241.92599487304688, 471.18701171875)",146,4
2350,doc4_page146_586.png,"(239.45399475097656, 467.57501220703125, 243.36599731445312, 471.18701171875)",146,4
2351,doc4_page146_587.png,"(241.37399291992188, 478.614990234375, 248.64599609375, 485.5269775390625)",146,4
2352,doc4_page146_588.png,"(242.0, 479.0, 244.0, 482.0)",146,4
2353,doc4_page146_589.png,"(240.8939971923828, 473.81500244140625, 244.3260040283203, 480.72698974609375)",146,4
2354,doc4_page146_590.png,"(240.8939971923828, 474.7750244140625, 243.8459930419922, 477.3670349121094)",146,4
2355,doc4_page146_591.png,"(241.37400817871094, 469.0150146484375, 244.3260040283203, 477.36700439453125)",146,4
2356,doc4_page146_592.png,"(239.9340057373047, 469.0150146484375, 242.406005859375, 476.4070129394531)",146,4
2357,doc4_page146_593.png,"(239.45401000976562, 467.57501220703125, 244.3260040283203, 477.36700439453125)",146,4
2358,doc4_page146_594.png,"(236.0, 454.0, 248.0, 462.0)",146,4
2359,doc4_page146_595.png,"(236.093994140625, 453.71502685546875, 241.4459991455078, 461.1070251464844)",146,4
2360,doc4_page146_596.png,"(242.75399780273438, 453.71502685546875, 248.16600036621094, 461.5870361328125)",146,4
2361,doc4_page146_597.png,"(239.45401000976562, 453.71502685546875, 245.76600646972656, 460.62701416015625)",146,4
2362,doc4_page146_598.png,"(247.0, 456.0, 248.0, 457.0)",146,4
2363,doc4_page146_599.jpeg,"(235.13400268554688, 452.2750244140625, 248.64599609375, 462.0670166015625)",146,4
2364,doc4_page146_600.png,"(254.0, 455.0, 267.0, 479.0)",146,4
2365,doc4_page146_601.png,"(257.6340026855469, 475.7350158691406, 260.1059875488281, 477.8470153808594)",146,4
2366,doc4_page146_602.png,"(255.71998596191406, 462.83502197265625, 265.8599853515625, 478.8070068359375)",146,4
2367,doc4_page146_603.png,"(252.83399963378906, 455.155029296875, 256.7460021972656, 471.6670227050781)",146,4
2368,doc4_page146_604.png,"(252.0, 448.0, 265.0, 457.0)",146,4
2369,doc4_page146_605.png,"(259.0740051269531, 448.9150085449219, 264.906005859375, 456.3070068359375)",146,4
2370,doc4_page146_606.png,"(251.87400817871094, 449.875, 258.1860046386719, 456.7869873046875)",146,4
2371,doc4_page146_607.png,"(255.23399353027344, 448.9150085449219, 261.5459899902344, 455.8269958496094)",146,4
2372,doc4_page146_608.png,"(252.0, 452.0, 253.0, 453.0)",146,4
2373,doc4_page146_609.jpeg,"(251.87400817871094, 447.95501708984375, 264.906005859375, 455.3470153808594)",146,4
2374,doc4_page146_610.png,"(284.0, 498.0, 296.0, 515.0)",146,4
2375,doc4_page146_611.jpeg,"(288.77398681640625, 498.2350158691406, 296.0459899902344, 509.947021484375)",146,4
2376,doc4_page146_612.png,"(284.9339904785156, 502.5550231933594, 290.7659912109375, 514.7470092773438)",146,4
2377,doc4_page146_613.jpeg,"(284.4540100097656, 489.6570129394531, 296.0400085449219, 514.7440185546875)",146,4
2378,doc4_page146_614.png,"(285.41400146484375, 490.07501220703125, 288.84600830078125, 493.68701171875)",146,4
2379,doc4_page146_615.png,"(285.41400146484375, 490.55499267578125, 288.3659973144531, 493.2070007324219)",146,4
2380,doc4_page146_616.png,"(258.0, 485.0, 291.0, 525.0)",146,4
2381,doc4_page146_617.png,"(272.4540100097656, 517.375, 276.4259948730469, 522.427001953125)",146,4
2382,doc4_page146_618.png,"(265.3139953613281, 515.4550170898438, 270.6659851074219, 521.467041015625)",146,4
2383,doc4_page146_619.png,"(269.093994140625, 514.9749755859375, 274.0260009765625, 524.7669677734375)",146,4
2384,doc4_page146_620.jpeg,"(269.093994140625, 498.71502685546875, 281.1659851074219, 519.0670166015625)",146,4
2385,doc4_page146_621.png,"(271.9739990234375, 516.4150390625, 275.46600341796875, 519.0670166015625)",146,4
2386,doc4_page146_622.png,"(268.6139831542969, 516.4150390625, 270.6659851074219, 518.5870361328125)",146,4
2387,doc4_page146_623.png,"(269.093994140625, 514.4949951171875, 273.5459899902344, 519.0670166015625)",146,4
2388,doc4_page146_624.png,"(274.85400390625, 498.2350158691406, 278.7659912109375, 508.50701904296875)",146,4
2389,doc4_page146_625.png,"(274.3739929199219, 498.71502685546875, 278.7659912109375, 508.9870300292969)",146,4
2390,doc4_page146_626.png,"(274.3739929199219, 498.2350158691406, 278.7659912109375, 508.50701904296875)",146,4
2391,doc4_page146_627.png,"(280.6139831542969, 498.23504638671875, 289.32598876953125, 503.70703125)",146,4
2392,doc4_page146_628.png,"(280.13397216796875, 497.2750244140625, 287.885986328125, 502.26702880859375)",146,4
2393,doc4_page146_629.png,"(284.9339904785156, 497.7550048828125, 288.3659973144531, 500.8269958496094)",146,4
2394,doc4_page146_630.png,"(280.1340026855469, 500.635009765625, 282.1260070800781, 502.74700927734375)",146,4
2395,doc4_page146_631.png,"(285.41400146484375, 497.7550048828125, 287.885986328125, 500.3470153808594)",146,4
2396,doc4_page146_632.png,"(280.1340026855469, 500.635009765625, 282.1260070800781, 502.2669982910156)",146,4
2397,doc4_page146_633.png,"(282.05401611328125, 500.635009765625, 285.0060119628906, 503.2270202636719)",146,4
2398,doc4_page146_634.jpeg,"(277.2539978027344, 501.1150207519531, 287.406005859375, 516.18701171875)",146,4
2399,doc4_page146_635.png,"(280.6139831542969, 501.114990234375, 286.9259948730469, 503.7070007324219)",146,4
2400,doc4_page146_636.png,"(279.17401123046875, 508.31500244140625, 281.64599609375, 511.3869934082031)",146,4
2401,doc4_page146_637.png,"(278.2139892578125, 500.635009765625, 281.64599609375, 505.62701416015625)",146,4
2402,doc4_page146_638.png,"(280.1340026855469, 500.635009765625, 281.64599609375, 502.2669982910156)",146,4
2403,doc4_page146_639.png,"(277.7340087890625, 501.114990234375, 282.1260070800781, 507.0669860839844)",146,4
2404,doc4_page146_640.png,"(280.1340026855469, 500.635009765625, 282.1260070800781, 502.74700927734375)",146,4
2405,doc4_page146_641.png,"(278.2139892578125, 500.635009765625, 281.64599609375, 506.10699462890625)",146,4
2406,doc4_page146_642.png,"(280.1340026855469, 500.635009765625, 281.64599609375, 502.74700927734375)",146,4
2407,doc4_page146_643.png,"(278.6940002441406, 507.35504150390625, 285.4859924316406, 512.8270263671875)",146,4
2408,doc4_page146_644.png,"(279.0, 502.0, 286.0, 511.0)",146,4
2409,doc4_page146_645.png,"(279.0, 503.0, 285.0, 509.0)",146,4
2410,doc4_page146_646.png,"(279.65399169921875, 503.5150146484375, 281.64599609375, 505.62701416015625)",146,4
2411,doc4_page146_647.png,"(280.1340026855469, 503.5150146484375, 282.1260070800781, 505.62701416015625)",146,4
2412,doc4_page146_648.png,"(281.093994140625, 505.9150085449219, 284.0459899902344, 508.50701904296875)",146,4
2413,doc4_page146_649.png,"(280.6139831542969, 505.43499755859375, 284.0459899902344, 508.5069885253906)",146,4
2414,doc4_page146_650.png,"(262.91400146484375, 493.43499755859375, 275.9460144042969, 501.3070068359375)",146,4
2415,doc4_page146_651.png,"(274.3740234375, 498.71502685546875, 275.9460144042969, 500.3470153808594)",146,4
2416,doc4_page146_652.png,"(267.1739807128906, 492.95501708984375, 270.6659851074219, 495.12701416015625)",146,4
2417,doc4_page146_653.png,"(269.093994140625, 492.95501708984375, 271.14599609375, 495.12701416015625)",146,4
2418,doc4_page146_654.png,"(268.6139831542969, 492.95501708984375, 270.6659851074219, 495.12701416015625)",146,4
2419,doc4_page146_655.png,"(269.093994140625, 492.95501708984375, 271.14599609375, 495.12701416015625)",146,4
2420,doc4_page146_656.png,"(266.2740173339844, 493.43499755859375, 276.84600830078125, 499.86700439453125)",146,4
2421,doc4_page146_657.png,"(274.3739929199219, 498.2350158691406, 276.4259948730469, 499.86700439453125)",146,4
2422,doc4_page146_658.png,"(270.05401611328125, 493.43499755859375, 274.0260009765625, 495.60699462890625)",146,4
2423,doc4_page146_659.png,"(266.7539978027344, 492.95501708984375, 271.14599609375, 495.6070251464844)",146,4
2424,doc4_page146_660.png,"(266.2740173339844, 493.43499755859375, 274.5060119628906, 496.0870056152344)",146,4
2425,doc4_page146_661.png,"(266.2740173339844, 493.43499755859375, 274.5060119628906, 496.0870056152344)",146,4
2426,doc4_page146_662.png,"(269.5740051269531, 492.95501708984375, 271.6260070800781, 495.12701416015625)",146,4
2427,doc4_page146_663.png,"(269.093994140625, 493.43499755859375, 272.1059875488281, 495.60699462890625)",146,4
2428,doc4_page146_664.png,"(269.5740051269531, 493.9150085449219, 271.6260070800781, 495.60699462890625)",146,4
2429,doc4_page146_665.png,"(269.093994140625, 493.43499755859375, 272.1059875488281, 495.60699462890625)",146,4
2430,doc4_page146_666.png,"(269.093994140625, 492.95501708984375, 271.14599609375, 495.12701416015625)",146,4
2431,doc4_page146_667.png,"(269.093994140625, 493.43499755859375, 271.14599609375, 495.1269836425781)",146,4
2432,doc4_page146_668.png,"(265.79400634765625, 493.43499755859375, 275.9460144042969, 500.34698486328125)",146,4
2433,doc4_page146_669.png,"(273.8940124511719, 498.2350158691406, 275.9460144042969, 500.3470153808594)",146,4
2434,doc4_page146_670.png,"(269.5740051269531, 492.95501708984375, 271.6260070800781, 495.12701416015625)",146,4
2435,doc4_page146_671.png,"(269.5740051269531, 493.43499755859375, 271.14599609375, 495.1269836425781)",146,4
2436,doc4_page146_672.png,"(266.2740173339844, 493.9150085449219, 275.9460144042969, 499.86700439453125)",146,4
2437,doc4_page146_673.png,"(273.89398193359375, 497.7550048828125, 276.4259948730469, 500.3470153808594)",146,4
2438,doc4_page146_674.png,"(267.6540222167969, 498.2350158691406, 271.6260070800781, 500.8270263671875)",146,4
2439,doc4_page146_675.png,"(263.4010009765625, 498.2350158691406, 274.9809875488281, 516.18701171875)",146,4
2440,doc4_page146_676.png,"(264.833984375, 498.2350158691406, 273.5459899902344, 501.3070068359375)",146,4
2441,doc4_page146_677.png,"(265.3139953613281, 505.91497802734375, 273.5459899902344, 512.3469848632812)",146,4
2442,doc4_page146_678.png,"(265.0, 500.0, 274.0, 510.0)",146,4
2443,doc4_page146_679.png,"(266.0, 500.0, 273.0, 508.0)",146,4
2444,doc4_page146_680.png,"(266.7539978027344, 501.59503173828125, 268.7460021972656, 503.2270202636719)",146,4
2445,doc4_page146_681.png,"(266.7539978027344, 501.59503173828125, 269.70599365234375, 503.70703125)",146,4
2446,doc4_page146_682.png,"(268.614013671875, 503.9949951171875, 271.6260070800781, 507.0669860839844)",146,4
2447,doc4_page146_683.png,"(268.1340026855469, 503.5150146484375, 271.14599609375, 506.5870056152344)",146,4
2448,doc4_page146_684.png,"(257.15399169921875, 483.4150085449219, 272.1059875488281, 509.4670104980469)",146,4
2449,doc4_page146_685.png,"(271.4939880371094, 484.375, 273.5459899902344, 486.9670104980469)",146,4
2450,doc4_page146_686.png,"(269.093994140625, 483.4150085449219, 272.1059875488281, 488.4070129394531)",146,4
2451,doc4_page146_687.png,"(246.0, 486.0, 261.0, 516.0)",146,4
2452,doc4_page146_688.png,"(259.5539855957031, 507.83502197265625, 262.9859924316406, 514.7470092773438)",146,4
2453,doc4_page146_689.jpeg,"(248.99398803710938, 502.0750427246094, 261.5459899902344, 515.70703125)",146,4
2454,doc4_page146_690.png,"(248.0340118408203, 499.1950378417969, 257.22601318359375, 515.70703125)",146,4
2455,doc4_page146_691.png,"(248.5139923095703, 504.4749755859375, 252.42599487304688, 512.3469848632812)",146,4
2456,doc4_page146_692.png,"(245.0, 486.0, 258.0, 502.0)",146,4
2457,doc4_page146_693.jpeg,"(244.6739959716797, 485.81500244140625, 260.58599853515625, 504.6669921875)",146,4
2458,doc4_page146_694.png,"(266.0, 480.0, 285.0, 495.0)",146,4
2459,doc4_page146_695.png,"(280.1340026855469, 482.45501708984375, 282.1260070800781, 485.5270080566406)",146,4
2460,doc4_page146_696.png,"(279.65399169921875, 481.4949951171875, 281.64599609375, 484.0870056152344)",146,4
2461,doc4_page146_697.png,"(278.2139892578125, 480.5350036621094, 281.1659851074219, 483.60699462890625)",146,4
2462,doc4_page146_698.png,"(280.1340026855469, 481.9750061035156, 281.64599609375, 484.0870056152344)",146,4
2463,doc4_page146_699.png,"(277.7340087890625, 480.5350036621094, 279.2460021972656, 482.6470031738281)",146,4
2464,doc4_page146_700.png,"(271.0140075683594, 482.45501708984375, 272.58599853515625, 484.5670166015625)",146,4
2465,doc4_page146_701.png,"(271.4940185546875, 480.5350036621094, 275.46600341796875, 485.5270080566406)",146,4
2466,doc4_page146_702.png,"(273.8940124511719, 480.05499267578125, 279.2460021972656, 483.1269836425781)",146,4
2467,doc4_page146_703.png,"(271.0140075683594, 481.9750061035156, 273.0660095214844, 485.0469970703125)",146,4
2468,doc4_page146_704.png,"(277.7340087890625, 480.5350036621094, 279.72601318359375, 483.12701416015625)",146,4
2469,doc4_page146_705.png,"(277.7340087890625, 480.5350036621094, 279.72601318359375, 482.6470031738281)",146,4
2470,doc4_page146_706.png,"(277.7340087890625, 480.5350036621094, 279.72601318359375, 482.6470031738281)",146,4
2471,doc4_page146_707.png,"(265.79400634765625, 485.33502197265625, 273.0660095214844, 494.64703369140625)",146,4
2472,doc4_page146_708.png,"(269.5740051269531, 482.93499755859375, 273.0660095214844, 487.927001953125)",146,4
2473,doc4_page146_709.png,"(271.01397705078125, 482.45501708984375, 273.5459899902344, 486.00701904296875)",146,4
2474,doc4_page146_710.png,"(265.79400634765625, 488.69500732421875, 269.70599365234375, 495.12701416015625)",146,4
2475,doc4_page146_711.png,"(280.1340026855469, 481.9750061035156, 282.6059875488281, 486.9670104980469)",146,4
2476,doc4_page146_712.png,"(279.65399169921875, 481.4949951171875, 281.64599609375, 483.60699462890625)",146,4
2477,doc4_page146_713.png,"(278.2139892578125, 480.05499267578125, 281.64599609375, 483.1269836425781)",146,4
2478,doc4_page146_714.png,"(280.1340026855469, 481.4949951171875, 281.64599609375, 484.0870056152344)",146,4
2479,doc4_page146_715.png,"(277.7340087890625, 480.05499267578125, 279.2460021972656, 482.1669921875)",146,4
2480,doc4_page146_716.png,"(277.7340087890625, 480.05499267578125, 279.2460021972656, 481.6869812011719)",146,4
2481,doc4_page146_717.png,"(271.0140075683594, 482.45501708984375, 272.58599853515625, 484.5670166015625)",146,4
2482,doc4_page146_718.png,"(271.4940185546875, 480.5350036621094, 275.46600341796875, 483.60699462890625)",146,4
2483,doc4_page146_719.png,"(273.41400146484375, 480.05499267578125, 279.2460021972656, 482.1669921875)",146,4
2484,doc4_page146_720.png,"(277.2539978027344, 480.05499267578125, 279.2460021972656, 481.6869812011719)",146,4
2485,doc4_page146_721.png,"(271.0140075683594, 481.9750061035156, 273.0660095214844, 484.0870056152344)",146,4
2486,doc4_page146_722.png,"(278.2140197753906, 480.05499267578125, 279.72601318359375, 482.1669921875)",146,4
2487,doc4_page146_723.png,"(278.2140197753906, 480.05499267578125, 279.72601318359375, 482.1669921875)",146,4
2488,doc4_page146_724.png,"(277.7340087890625, 480.05499267578125, 279.72601318359375, 482.1669921875)",146,4
2489,doc4_page146_725.png,"(277.7340087890625, 480.05499267578125, 279.2460021972656, 481.6869812011719)",146,4
2490,doc4_page146_726.png,"(265.79400634765625, 486.2950134277344, 271.14599609375, 494.6470031738281)",146,4
2491,doc4_page146_727.png,"(269.5740051269531, 482.93499755859375, 272.58599853515625, 487.927001953125)",146,4
2492,doc4_page146_728.png,"(270.53399658203125, 482.45501708984375, 272.58599853515625, 485.0470275878906)",146,4
2493,doc4_page146_729.png,"(265.79400634765625, 492.95501708984375, 267.7860107421875, 494.6470031738281)",146,4
2494,doc4_page146_730.png,"(265.79400634765625, 492.95501708984375, 267.7860107421875, 495.12701416015625)",146,4
2495,doc4_page146_731.png,"(265.79400634765625, 492.95501708984375, 267.7860107421875, 494.6470031738281)",146,4
2496,doc4_page146_732.png,"(265.79400634765625, 493.43499755859375, 267.7860107421875, 495.1269836425781)",146,4
2497,doc4_page146_733.png,"(265.79400634765625, 493.43499755859375, 267.3059997558594, 495.1269836425781)",146,4
2498,doc4_page146_734.png,"(265.79400634765625, 492.95501708984375, 267.7860107421875, 495.12701416015625)",146,4
2499,doc4_page146_735.png,"(265.79400634765625, 492.95501708984375, 267.3059997558594, 494.6470031738281)",146,4
2500,doc4_page146_736.png,"(269.0, 483.0, 283.0, 495.0)",146,4
2501,doc4_page146_737.png,"(272.0, 483.0, 280.0, 491.0)",146,4
2502,doc4_page146_738.png,"(272.0, 483.0, 277.0, 491.0)",146,4
2503,doc4_page146_739.png,"(275.0, 483.0, 280.0, 490.0)",146,4
2504,doc4_page146_740.png,"(266.0, 490.0, 289.0, 508.0)",146,4
2505,doc4_page146_741.png,"(276.77398681640625, 499.6750183105469, 281.1659851074219, 507.0670166015625)",146,4
2506,doc4_page146_742.png,"(275.8139953613281, 500.635009765625, 279.2460021972656, 508.0270080566406)",146,4
2507,doc4_page146_743.png,"(278.6940002441406, 500.635009765625, 281.1659851074219, 504.18701171875)",146,4
2508,doc4_page146_744.png,"(280.6139831542969, 500.635009765625, 282.6059875488281, 502.2669982910156)",146,4
2509,doc4_page146_745.png,"(276.77398681640625, 492.95501708984375, 286.9259948730469, 501.3070068359375)",146,4
2510,doc4_page146_746.png,"(280.1340026855469, 500.635009765625, 281.64599609375, 502.2669982910156)",146,4
2511,doc4_page146_747.png,"(279.65399169921875, 500.635009765625, 281.64599609375, 502.2669982910156)",146,4
2512,doc4_page146_748.png,"(280.1340026855469, 500.635009765625, 281.64599609375, 502.2669982910156)",146,4
2513,doc4_page146_749.png,"(277.2539978027344, 499.19500732421875, 281.1659851074219, 502.2669982910156)",146,4
2514,doc4_page146_750.png,"(279.65399169921875, 500.635009765625, 281.64599609375, 502.2669982910156)",146,4
2515,doc4_page146_751.png,"(279.65399169921875, 500.635009765625, 281.64599609375, 502.2669982910156)",146,4
2516,doc4_page146_752.png,"(279.65399169921875, 500.635009765625, 281.64599609375, 502.2669982910156)",146,4
2517,doc4_page146_753.png,"(280.614013671875, 500.635009765625, 282.1260070800781, 502.2669982910156)",146,4
2518,doc4_page146_754.png,"(280.1340026855469, 500.635009765625, 282.1260070800781, 502.2669982910156)",146,4
2519,doc4_page146_755.png,"(284.93402099609375, 490.07501220703125, 286.4460144042969, 492.24700927734375)",146,4
2520,doc4_page146_756.png,"(285.41400146484375, 490.55499267578125, 287.885986328125, 492.72698974609375)",146,4
2521,doc4_page146_757.png,"(284.9339904785156, 490.55499267578125, 286.9259948730469, 492.2469787597656)",146,4
2522,doc4_page146_758.png,"(281.5740051269531, 491.0350036621094, 289.8059997558594, 498.9670104980469)",146,4
2523,doc4_page146_759.png,"(284.4540100097656, 490.55499267578125, 288.84600830078125, 493.6869812011719)",146,4
2524,doc4_page146_760.png,"(283.4940185546875, 490.07501220703125, 285.96600341796875, 492.24700927734375)",146,4
2525,doc4_page146_761.png,"(282.0539855957031, 490.55499267578125, 285.4859924316406, 493.2070007324219)",146,4
2526,doc4_page146_762.png,"(282.53399658203125, 490.07501220703125, 285.96600341796875, 492.24700927734375)",146,4
2527,doc4_page146_763.png,"(270.53399658203125, 490.55499267578125, 283.08599853515625, 495.1269836425781)",146,4
2528,doc4_page146_764.png,"(270.53399658203125, 493.43499755859375, 272.58599853515625, 495.1269836425781)",146,4
2529,doc4_page146_765.png,"(284.4540100097656, 490.07501220703125, 286.4460144042969, 492.24700927734375)",146,4
2530,doc4_page146_766.png,"(284.93402099609375, 490.55499267578125, 286.4460144042969, 492.2469787597656)",146,4
2531,doc4_page146_767.png,"(280.614013671875, 491.0350036621094, 285.96600341796875, 493.68701171875)",146,4
2532,doc4_page146_768.png,"(284.4540100097656, 490.55499267578125, 286.4460144042969, 492.72698974609375)",146,4
2533,doc4_page146_769.png,"(283.9740295410156, 490.07501220703125, 286.4460144042969, 492.24700927734375)",146,4
2534,doc4_page146_770.png,"(280.614013671875, 490.55499267578125, 285.96600341796875, 493.6869812011719)",146,4
2535,doc4_page146_771.png,"(283.9739990234375, 490.55499267578125, 285.96600341796875, 492.72698974609375)",146,4
2536,doc4_page146_772.png,"(270.0539855957031, 489.59503173828125, 284.0459899902344, 494.64703369140625)",146,4
2537,doc4_page146_773.png,"(270.05401611328125, 492.95501708984375, 271.6260070800781, 495.12701416015625)",146,4
2538,doc4_page146_774.png,"(270.53399658203125, 490.55499267578125, 284.5260009765625, 495.1269836425781)",146,4
2539,doc4_page146_775.png,"(270.53399658203125, 492.95501708984375, 272.1059875488281, 495.12701416015625)",146,4
2540,doc4_page146_776.png,"(281.5740051269531, 491.5150146484375, 284.5260009765625, 493.68701171875)",146,4
2541,doc4_page146_777.png,"(270.05401611328125, 490.07501220703125, 284.5260009765625, 494.6470031738281)",146,4
2542,doc4_page146_778.png,"(270.0539855957031, 492.95501708984375, 272.1059875488281, 495.12701416015625)",146,4
2543,doc4_page146_779.png,"(269.5740051269531, 489.59503173828125, 279.72601318359375, 494.64703369140625)",146,4
2544,doc4_page146_780.png,"(278.2139892578125, 489.59503173828125, 283.08599853515625, 492.7270202636719)",146,4
2545,doc4_page146_781.png,"(287.8139953613281, 493.43499755859375, 289.32598876953125, 495.1269836425781)",146,4
2546,doc4_page146_782.png,"(284.4540100097656, 490.07501220703125, 286.9259948730469, 492.24700927734375)",146,4
2547,doc4_page146_783.png,"(285.41400146484375, 490.55499267578125, 288.3659973144531, 493.2070007324219)",146,4
2548,doc4_page146_784.png,"(284.9339904785156, 490.07501220703125, 286.9259948730469, 492.24700927734375)",146,4
2549,doc4_page146_785.png,"(286.85400390625, 491.9949951171875, 289.8059997558594, 498.96697998046875)",146,4
2550,doc4_page146_786.png,"(286.3739929199219, 491.0350036621094, 289.32598876953125, 494.1669921875)",146,4
2551,doc4_page146_787.png,"(283.0140075683594, 490.07501220703125, 285.4859924316406, 491.7669982910156)",146,4
2552,doc4_page146_788.png,"(282.0539855957031, 490.55499267578125, 284.0459899902344, 492.2469787597656)",146,4
2553,doc4_page146_789.png,"(282.05401611328125, 490.07501220703125, 285.0060119628906, 492.24700927734375)",146,4
2554,doc4_page146_790.png,"(283.9740295410156, 490.07501220703125, 286.4460144042969, 491.7669982910156)",146,4
2555,doc4_page146_791.png,"(283.4940185546875, 490.07501220703125, 285.96600341796875, 491.7669982910156)",146,4
2556,doc4_page146_792.png,"(269.5740051269531, 489.59503173828125, 283.5660095214844, 494.64703369140625)",146,4
2557,doc4_page146_793.png,"(270.05401611328125, 492.95501708984375, 271.6260070800781, 494.6470031738281)",146,4
2558,doc4_page146_794.png,"(282.05401611328125, 490.55499267578125, 283.5660095214844, 492.2469787597656)",146,4
2559,doc4_page146_795.png,"(281.5740051269531, 490.55499267578125, 283.5660095214844, 492.72698974609375)",146,4
2560,doc4_page146_796.png,"(268.0, 492.0, 272.0, 496.0)",146,4
2561,doc4_page146_797.png,"(277.0, 495.0, 287.0, 502.0)",146,4
2562,doc4_page146_798.png,"(278.2139892578125, 497.7550048828125, 286.9259948730469, 501.7870178222656)",146,4
2563,doc4_page146_799.png,"(276.77398681640625, 493.9150085449219, 287.885986328125, 502.2669982910156)",146,4
2564,doc4_page146_800.jpeg,"(40.70900344848633, 307.0150146484375, 84.4260025024414, 374.1670227050781)",146,4
2565,doc4_page146_810.jpeg,"(315.4739990234375, 319.9150085449219, 362.9840087890625, 357.5469970703125)",146,4
2566,doc4_page146_811.jpeg,"(362.3940124511719, 309.1750183105469, 425.22601318359375, 364.0270080566406)",146,4
2567,doc4_page146_812.png,"(362.27398681640625, 319.9150085449219, 365.63128662109375, 357.7870178222656)",146,4
2568,doc4_page146_817.png,"(60.0, 422.0, 95.0, 440.0)",146,4
2569,doc4_page146_818.png,"(60.0, 412.0, 95.0, 439.0)",146,4
2570,doc4_page146_819.png,"(61.0, 428.0, 66.0, 433.0)",146,4
2571,doc4_page146_820.png,"(65.0, 428.0, 67.0, 429.0)",146,4
2572,doc4_page146_821.png,"(61.0, 427.0, 66.0, 431.0)",146,4
2573,doc4_page146_822.png,"(65.0, 426.0, 66.0, 428.0)",146,4
2574,doc4_page146_823.png,"(62.0, 426.0, 66.0, 429.0)",146,4
2575,doc4_page146_824.png,"(65.0, 426.0, 66.0, 427.0)",146,4
2576,doc4_page146_825.png,"(63.0, 425.0, 66.0, 427.0)",146,4
2577,doc4_page146_826.png,"(65.0, 425.0, 66.0, 426.0)",146,4
2578,doc4_page146_827.png,"(63.0, 424.0, 66.0, 426.0)",146,4
2579,doc4_page146_828.png,"(65.0, 424.0, 66.0, 425.0)",146,4
2580,doc4_page146_829.png,"(63.0, 423.0, 66.0, 425.0)",146,4
2581,doc4_page146_830.png,"(65.0, 422.0, 66.0, 424.0)",146,4
2582,doc4_page146_831.png,"(64.0, 422.0, 66.0, 424.0)",146,4
2583,doc4_page146_832.png,"(63.0, 422.0, 66.0, 424.0)",146,4
2584,doc4_page146_833.png,"(63.0, 421.0, 66.0, 423.0)",146,4
2585,doc4_page146_834.png,"(64.0, 420.0, 66.0, 422.0)",146,4
2586,doc4_page146_835.png,"(64.0, 419.0, 66.0, 421.0)",146,4
2587,doc4_page146_836.png,"(64.0, 418.0, 66.0, 419.0)",146,4
2588,doc4_page146_837.png,"(65.0, 417.0, 66.0, 418.0)",146,4
2589,doc4_page146_838.png,"(65.0, 416.0, 66.0, 417.0)",146,4
2590,doc4_page146_839.png,"(65.0, 415.0, 66.0, 417.0)",146,4
2591,doc4_page146_840.png,"(65.0, 415.0, 66.0, 416.0)",146,4
2592,doc4_page146_841.png,"(65.0, 414.0, 66.0, 415.0)",146,4
2593,doc4_page146_842.png,"(62.0, 429.0, 66.0, 434.0)",146,4
2594,doc4_page146_843.png,"(65.0, 428.0, 67.0, 430.0)",146,4
2595,doc4_page146_844.png,"(64.0, 430.0, 66.0, 434.0)",146,4
2596,doc4_page146_845.png,"(65.0, 430.0, 67.0, 432.0)",146,4
2597,doc4_page146_846.png,"(65.0, 432.0, 67.0, 435.0)",146,4
2598,doc4_page146_847.png,"(66.0, 431.0, 68.0, 433.0)",146,4
2599,doc4_page146_848.png,"(65.0, 433.0, 68.0, 435.0)",146,4
2600,doc4_page146_849.png,"(67.0, 432.0, 68.0, 434.0)",146,4
2601,doc4_page146_850.png,"(66.0, 434.0, 68.0, 436.0)",146,4
2602,doc4_page146_851.png,"(67.0, 433.0, 69.0, 435.0)",146,4
2603,doc4_page146_852.png,"(67.0, 435.0, 69.0, 437.0)",146,4
2604,doc4_page146_853.png,"(68.0, 434.0, 70.0, 436.0)",146,4
2605,doc4_page146_854.png,"(68.0, 435.0, 70.0, 437.0)",146,4
2606,doc4_page146_855.png,"(69.0, 435.0, 71.0, 436.0)",146,4
2607,doc4_page146_856.png,"(69.0, 436.0, 71.0, 438.0)",146,4
2608,doc4_page146_857.png,"(70.0, 436.0, 72.0, 437.0)",146,4
2609,doc4_page146_858.png,"(70.0, 437.0, 72.0, 438.0)",146,4
2610,doc4_page146_859.png,"(71.0, 436.0, 73.0, 438.0)",146,4
2611,doc4_page146_860.png,"(71.0, 437.0, 74.0, 439.0)",146,4
2612,doc4_page146_861.png,"(73.0, 437.0, 75.0, 438.0)",146,4
2613,doc4_page146_862.png,"(72.0, 438.0, 75.0, 439.0)",146,4
2614,doc4_page146_863.png,"(74.0, 437.0, 76.0, 439.0)",146,4
2615,doc4_page146_864.png,"(74.0, 438.0, 77.0, 440.0)",146,4
2616,doc4_page146_865.png,"(76.0, 438.0, 78.0, 439.0)",146,4
2617,doc4_page146_866.png,"(76.0, 438.0, 79.0, 440.0)",146,4
2618,doc4_page146_867.png,"(78.0, 438.0, 80.0, 439.0)",146,4
2619,doc4_page146_868.png,"(78.0, 438.0, 81.0, 440.0)",146,4
2620,doc4_page146_869.png,"(79.0, 438.0, 81.0, 439.0)",146,4
2621,doc4_page146_870.png,"(80.0, 438.0, 83.0, 440.0)",146,4
2622,doc4_page146_871.png,"(81.0, 437.0, 83.0, 439.0)",146,4
2623,doc4_page146_872.png,"(81.0, 437.0, 85.0, 440.0)",146,4
2624,doc4_page146_873.png,"(83.0, 437.0, 85.0, 438.0)",146,4
2625,doc4_page146_874.png,"(84.0, 437.0, 87.0, 440.0)",146,4
2626,doc4_page146_875.png,"(85.0, 436.0, 87.0, 438.0)",146,4
2627,doc4_page146_876.png,"(85.0, 436.0, 88.0, 439.0)",146,4
2628,doc4_page146_877.png,"(87.0, 436.0, 89.0, 437.0)",146,4
2629,doc4_page146_878.png,"(87.0, 435.0, 90.0, 438.0)",146,4
2630,doc4_page146_879.png,"(89.0, 435.0, 90.0, 436.0)",146,4
2631,doc4_page146_880.png,"(89.0, 435.0, 92.0, 437.0)",146,4
2632,doc4_page146_881.png,"(90.0, 434.0, 92.0, 436.0)",146,4
2633,doc4_page146_882.png,"(91.0, 434.0, 93.0, 437.0)",146,4
2634,doc4_page146_883.png,"(91.0, 434.0, 93.0, 435.0)",146,4
2635,doc4_page146_884.png,"(92.0, 433.0, 94.0, 436.0)",146,4
2636,doc4_page146_885.png,"(93.0, 433.0, 94.0, 435.0)",146,4
2637,doc4_page146_886.png,"(93.0, 433.0, 95.0, 434.0)",146,4
2638,doc4_page146_887.png,"(93.0, 432.0, 95.0, 434.0)",146,4
2639,doc4_page146_888.png,"(100.0, 419.0, 105.0, 428.0)",146,4
2640,doc4_page146_889.png,"(99.0, 417.0, 106.0, 428.0)",146,4
2641,doc4_page146_890.png,"(102.0, 419.0, 106.0, 426.0)",146,4
2642,doc4_page146_891.png,"(104.1073989868164, 419.1549987792969, 105.5459976196289, 422.7070007324219)",146,4
2643,doc4_page146_892.png,"(65.0, 400.0, 87.0, 407.0)",146,4
2644,doc4_page146_893.png,"(64.0, 399.0, 90.0, 409.0)",146,4
2645,doc4_page146_894.png,"(65.0, 400.0, 67.0, 406.0)",146,4
2646,doc4_page146_895.png,"(65.0, 400.0, 68.0, 409.0)",146,4
2647,doc4_page146_896.png,"(66.0, 401.0, 68.0, 407.0)",146,4
2648,doc4_page146_897.png,"(67.0, 406.0, 69.0, 408.0)",146,4
2649,doc4_page146_898.png,"(67.0, 401.0, 70.0, 406.0)",146,4
2650,doc4_page146_899.png,"(69.0, 405.0, 71.0, 407.0)",146,4
2651,doc4_page146_900.png,"(67.0, 401.0, 71.0, 406.0)",146,4
2652,doc4_page146_901.png,"(70.0, 405.0, 72.0, 406.0)",146,4
2653,doc4_page146_902.png,"(69.0, 402.0, 73.0, 405.0)",146,4
2654,doc4_page146_903.png,"(72.0, 404.0, 74.0, 405.0)",146,4
2655,doc4_page146_904.png,"(69.0, 402.0, 75.0, 404.0)",146,4
2656,doc4_page146_905.png,"(73.0, 403.0, 76.0, 405.0)",146,4
2657,doc4_page146_906.png,"(70.0, 402.0, 76.0, 404.0)",146,4
2658,doc4_page146_907.png,"(75.0, 403.0, 77.0, 404.0)",146,4
2659,doc4_page146_908.png,"(73.0, 401.0, 78.0, 403.0)",146,4
2660,doc4_page146_909.png,"(77.0, 402.0, 79.0, 404.0)",146,4
2661,doc4_page146_910.png,"(76.0, 401.0, 80.0, 403.0)",146,4
2662,doc4_page146_911.png,"(79.0, 402.0, 81.0, 404.0)",146,4
2663,doc4_page146_912.png,"(78.0, 401.0, 82.0, 403.0)",146,4
2664,doc4_page146_913.png,"(81.0, 402.0, 83.0, 403.0)",146,4
2665,doc4_page146_914.png,"(78.0, 401.0, 84.0, 403.0)",146,4
2666,doc4_page146_915.png,"(83.0, 402.0, 84.0, 403.0)",146,4
2667,doc4_page146_916.png,"(81.0, 400.0, 86.0, 402.0)",146,4
2668,doc4_page146_917.png,"(85.0, 401.0, 87.0, 403.0)",146,4
2669,doc4_page146_918.png,"(84.0, 400.0, 87.0, 402.0)",146,4
2670,doc4_page146_919.png,"(86.0, 401.0, 88.0, 403.0)",146,4
2671,doc4_page146_920.png,"(66.0, 400.0, 69.0, 407.0)",146,4
2672,doc4_page146_921.png,"(68.0, 405.0, 70.0, 407.0)",146,4
2673,doc4_page146_922.png,"(97.0, 406.0, 106.0, 413.0)",146,4
2674,doc4_page146_923.png,"(88.0, 417.0, 97.0, 428.0)",146,4
2675,doc4_page146_924.png,"(91.0, 419.0, 97.0, 427.0)",146,4
2676,doc4_page146_925.png,"(92.09989929199219, 419.2149963378906, 96.4260025024414, 421.86700439453125)",146,4
2677,doc4_page146_926.png,"(88.0, 416.0, 98.0, 428.0)",146,4
2678,doc4_page146_927.png,"(95.0, 419.0, 97.0, 425.0)",146,4
2679,doc4_page146_928.png,"(96.00611877441406, 420.5950012207031, 96.48600006103516, 421.5669860839844)",146,4
2680,doc4_page146_929.jpeg,"(170.3939971923828, 379.2550048828125, 217.92599487304688, 454.447021484375)",146,4
2681,doc4_page149_3.jpeg,"(178.9739990234375, 96.41502380371094, 335.5360107421875, 188.8270263671875)",149,4
2682,doc4_page149_4.jpeg,"(340.1340026855469, 56.63499450683594, 444.82598876953125, 190.98699951171875)",149,4
2683,doc4_page149_5.jpeg,"(62.33399963378906, 56.63499450683594, 167.0260009765625, 190.98699951171875)",149,4
2684,doc4_page149_10.jpeg,"(312.9540100097656, 262.67498779296875, 443.406005859375, 347.0469970703125)",149,4
2685,doc4_page151_8.jpeg,"(198.7740020751953, 171.23501586914062, 446.82598876953125, 315.00701904296875)",151,4
2686,doc4_page151_9.jpeg,"(393.9540100097656, 112.4950180053711, 445.3260192871094, 163.5670166015625)",151,4
2687,doc4_page152_5.jpeg,"(37.013999938964844, 163.49501037597656, 178.98599243164062, 307.74700927734375)",152,4
2688,doc4_page154_6.jpeg,"(318.41400146484375, 367.19500732421875, 428.2860107421875, 444.00701904296875)",154,4
2689,doc4_page154_7.jpeg,"(203.33399963378906, 420.5950012207031, 315.5979919433594, 499.927001953125)",154,4
2690,doc4_page154_8.jpeg,"(28.79400062561035, 360.2950134277344, 200.7060089111328, 445.62701416015625)",154,4
2691,doc4_page155_6.jpeg,"(90.71399688720703, 177.41500854492188, 180.00599670410156, 296.7669982910156)",155,4
2692,doc4_page157_8.jpeg,"(193.5540008544922, 404.57501220703125, 447.0059814453125, 542.0469970703125)",157,4
2693,doc4_page161_5.jpeg,"(62.33399963378906, 392.93499755859375, 445.14697265625, 604.6270141601562)",161,4
2694,doc4_page163_4.jpeg,"(61.49399948120117, 194.39500427246094, 314.0459899902344, 328.2070007324219)",163,4
2695,doc4_page165_7.jpeg,"(62.33399963378906, 168.71499633789062, 445.49298095703125, 280.1470031738281)",165,4
2696,doc4_page166_3.jpeg,"(194.9340057373047, 55.615020751953125, 420.60601806640625, 216.60702514648438)",166,4
2697,doc4_page166_6.jpeg,"(36.83399963378906, 516.4750366210938, 419.530029296875, 619.3870239257812)",166,4
2698,doc4_page169_4.jpeg,"(318.35400390625, 292.675048828125, 443.166015625, 458.76702880859375)",169,4
2699,doc4_page169_5.jpeg,"(62.33399963378906, 292.67498779296875, 175.50599670410156, 459.3070068359375)",169,4
2700,doc4_page170_4.jpeg,"(36.83399963378906, 55.55499267578125, 266.64599609375, 208.26699829101562)",170,4
2701,doc4_page172_5.jpeg,"(289.79400634765625, 357.5350341796875, 419.2860107421875, 548.8870239257812)",172,4
2702,doc4_page173_3.jpeg,"(69.35399627685547, 103.25501251220703, 163.80599975585938, 216.84701538085938)",173,4
2703,doc4_page173_4.jpeg,"(176.51400756835938, 103.25501251220703, 257.64599609375, 217.68701171875)",173,4
2704,doc4_page173_5.jpeg,"(277.9739990234375, 103.2550048828125, 347.5260009765625, 216.36700439453125)",173,4
2705,doc4_page173_6.jpeg,"(365.8739929199219, 103.25502014160156, 446.0459899902344, 216.72702026367188)",173,4
2706,doc4_page173_15.jpeg,"(66.35399627685547, 465.4150085449219, 267.84600830078125, 600.3070068359375)",173,4
2707,doc4_page173_16.jpeg,"(275.15399169921875, 465.4150390625, 442.9859924316406, 598.3870239257812)",173,4
2708,doc4_page174_3.jpeg,"(36.83399963378906, 55.79499816894531, 244.0260009765625, 206.82699584960938)",174,4
2709,doc4_page175_6.jpeg,"(262.1940002441406, 355.0150146484375, 445.08599853515625, 447.7270202636719)",175,4
2710,doc4_page177_10.jpeg,"(341.9939880371094, 328.43499755859375, 443.3459777832031, 480.18701171875)",177,4
2711,doc4_page178_15.jpeg,"(308.9339904785156, 348.8949890136719, 419.9419860839844, 459.48699951171875)",178,4
2712,doc4_page179_5.jpeg,"(61.194000244140625, 313.4350280761719, 243.96600341796875, 440.1670227050781)",179,4
2713,doc4_page179_6.jpeg,"(255.0540008544922, 314.39501953125, 445.08599853515625, 440.64703369140625)",179,4
2714,doc4_page180_3.jpeg,"(235.25399780273438, 56.63501739501953, 420.989013671875, 181.50701904296875)",180,4
2715,doc4_page180_11.jpeg,"(36.83399963378906, 56.63501739501953, 223.88099670410156, 181.50701904296875)",180,4
2716,doc4_page181_6.jpeg,"(303.17401123046875, 471.5350036621094, 445.32598876953125, 621.3670043945312)",181,4
2717,doc4_page183_8.jpeg,"(277.9739990234375, 402.4749755859375, 444.72900390625, 571.0269775390625)",183,4
2718,doc4_page186_16.jpeg,"(207.53399658203125, 474.47503662109375, 419.22601318359375, 614.5870361328125)",186,4
2719,doc4_page187_8.png,"(365.6340026855469, 304.7950134277344, 445.32598876953125, 384.24700927734375)",187,4
2720,doc4_page194_0.png,"(217.0, 312.0, 242.0, 389.0)",194,4
2721,doc4_page194_1.png,"(114.0, 337.0, 218.0, 366.0)",194,4
2722,doc4_page194_2.png,"(216.44400024414062, 337.4350280761719, 242.49600219726562, 366.00701904296875)",194,4
2723,doc4_page194_3.png,"(241.0, 337.0, 373.0, 366.0)",194,4
2724,doc4_page194_4.png,"(503.0, 337.0, 635.0, 366.0)",194,4
2725,doc4_page194_5.png,"(372.0, 312.0, 397.0, 389.0)",194,4
2726,doc4_page194_6.png,"(478.0, 312.0, 504.0, 389.0)",194,4
2727,doc4_page194_7.png,"(396.0, 337.0, 479.0, 366.0)",194,4
2728,doc4_page194_8.png,"(371.54400634765625, 337.4350280761719, 397.59600830078125, 366.00701904296875)",194,4
2729,doc4_page194_9.png,"(477.92401123046875, 337.4350280761719, 503.97601318359375, 366.00701904296875)",194,4
2730,doc4_page194_10.png,"(634.0, 312.0, 659.0, 389.0)",194,4
2731,doc4_page194_11.png,"(658.0, 337.0, 741.0, 366.0)",194,4
2732,doc4_page194_12.png,"(633.4439697265625, 337.4350280761719, 659.4959716796875, 366.00701904296875)",194,4
2733,doc4_page194_13.png,"(740.0, 312.0, 765.0, 389.0)",194,4
2734,doc4_page194_14.png,"(763.9439697265625, 337.4350280761719, 765.8159790039062, 366.00701904296875)",194,4
2735,doc4_page194_15.png,"(739.7639770507812, 337.4350280761719, 765.39599609375, 366.00701904296875)",194,4
2736,doc4_page194_16.png,"(740.0, 342.0, 753.0, 361.0)",194,4
2737,doc4_page194_17.png,"(0.0, 337.0, 90.0, 366.0)",194,4
2738,doc4_page194_18.png,"(90.0, 312.0, 115.0, 389.0)",194,4
2739,doc4_page194_19.png,"(89.24400329589844, 337.4350280761719, 115.29600524902344, 366.00701904296875)",194,4
2740,doc4_page194_41.jpeg,"(294.3840026855469, 139.67503356933594, 344.85601806640625, 190.0870361328125)",194,4
2741,doc4_page194_42.jpeg,"(33.02399826049805, 586.0150146484375, 114.63600158691406, 670.20703125)",194,4
2742,doc4_page194_43.jpeg,"(48.32400131225586, 96.05499267578125, 129.87600708007812, 158.1669921875)",194,4
2743,doc4_page194_45.jpeg,"(235.10400390625, 580.85498046875, 287.489990234375, 619.7469482421875)",194,4
2744,doc4_page194_47.jpeg,"(433.4639892578125, 492.2350158691406, 506.9159851074219, 536.7670288085938)",194,4
2745,doc4_page194_48.jpeg,"(429.5639953613281, 213.7750244140625, 519.7559814453125, 255.0670166015625)",194,4
2746,doc4_page194_49.jpeg,"(379.40399169921875, 44.575042724609375, 444.7330017089844, 81.967041015625)",194,4
2747,doc4_page194_51.jpeg,"(580.7039794921875, 163.85501098632812, 674.6839599609375, 216.90701293945312)",194,4
2748,doc4_page194_52.jpeg,"(618.9240112304688, 39.77501678466797, 690.3359985351562, 114.12701416015625)",194,4
2749,doc4_page194_53.jpeg,"(318.02398681640625, 478.9150390625, 386.6159973144531, 533.70703125)",194,4
2750,doc4_page194_54.jpeg,"(529.823974609375, 472.0149841308594, 616.595947265625, 554.2869873046875)",194,4
2751,doc4_page194_55.jpeg,"(706.823974609375, 82.25501251220703, 799.3880004882812, 129.12701416015625)",194,4
2752,doc4_page194_56.jpeg,"(811.9439697265625, 546.5349731445312, 852.2899780273438, 590.1669921875)",194,4
2753,doc4_page194_57.jpeg,"(786.2039794921875, 390.5350036621094, 881.3159790039062, 481.62701416015625)",194,4
2754,doc4_page194_58.jpeg,"(802.5239868164062, 134.87501525878906, 918.5159912109375, 252.12701416015625)",194,4
2755,doc4_page194_59.jpeg,"(629.843994140625, 610.5549926757812, 674.4639892578125, 666.3670043945312)",194,4
2756,doc4_page194_60.jpeg,"(639.864013671875, 403.5550231933594, 732.4559936523438, 462.9670104980469)",194,4
2757,doc4_page194_67.jpeg,"(367.6440124511719, 155.39498901367188, 433.416015625, 195.5469970703125)",194,4
2758,doc4_page194_75.jpeg,"(665.3040161132812, 236.8150177001953, 704.68701171875, 284.2870178222656)",194,4
2759,doc4_page194_77.jpeg,"(277.2239990234375, 210.7750244140625, 365.97601318359375, 263.88702392578125)",194,4
2760,doc4_page194_78.jpeg,"(41.00400161743164, 249.2949981689453, 121.23600769042969, 289.927001953125)",194,4
2761,doc4_page194_79.jpeg,"(151.10400390625, 230.21502685546875, 256.36700439453125, 302.947021484375)",194,4
2762,doc4_page194_80.png,"(153.8040008544922, 298.9150085449219, 248.49899291992188, 300.24700927734375)",194,4
2763,doc4_page194_81.png,"(191.48399353027344, 299.33502197265625, 192.92259216308594, 302.947021484375)",194,4
2764,doc4_page194_82.jpeg,"(47.9640007019043, 485.1549987792969, 100.83599853515625, 536.1069946289062)",194,4
2765,doc5_page0_0.png,"(346.39300537109375, 265.1810302734375, 466.8730163574219, 342.9410400390625)",0,5
2766,doc5_page1_1.png,"(116.93000030517578, 539.6959838867188, 196.25, 619.0159912109375)",1,5
2767,doc5_page3_10.png,"(24.191699981689453, 38.618072509765625, 80.88459777832031, 95.31097412109375)",3,5
2768,doc5_page4_18.png,"(349.6090087890625, 600.369384765625, 406.3019104003906, 657.062255859375)",4,5
2769,doc5_page5_6.png,"(4.1862664222717285, 244.96351623535156, 237.88372802734375, 327.616455078125)",5,5
2770,doc5_page7_9.png,"(22.908199310302734, 128.76010131835938, 79.60110473632812, 185.4530029296875)",7,5
2771,doc5_page7_11.png,"(23.813800811767578, 587.01904296875, 80.50669860839844, 643.7119140625)",7,5
2772,doc5_page11_10.png,"(362.7900085449219, 43.942108154296875, 419.48291015625, 100.635009765625)",11,5
2773,doc5_page12_9.png,"(349.65399169921875, 463.1460876464844, 406.3468933105469, 519.8389892578125)",12,5
2774,doc5_page13_17.jpeg,"(21.875900268554688, 357.5597839355469, 220.23590087890625, 646.1597900390625)",13,5
2775,doc5_page15_15.png,"(22.908199310302734, 77.45211791992188, 79.60110473632812, 134.14501953125)",15,5
2776,doc5_page16_21.png,"(349.6090087890625, 24.950103759765625, 406.3019104003906, 81.64300537109375)",16,5
2777,doc5_page17_1.png,"(22.55459976196289, 429.4999694824219, 221.3275909423828, 593.2849731445312)",17,5
2778,doc5_page17_8.png,"(25.4143009185791, 344.50408935546875, 82.1072006225586, 401.1969909667969)",17,5
2779,doc5_page18_4.png,"(47.43579864501953, 24.100067138671875, 104.12870025634766, 80.79296875)",18,5
2780,doc5_page18_10.jpeg,"(331.3426513671875, 375.9490966796875, 467.5380859375, 540.3096313476562)",18,5
2781,doc5_page18_11.jpeg,"(347.52801513671875, 392.51995849609375, 450.8270263671875, 523.7379760742188)",18,5
2782,doc5_page18_13.png,"(349.6090087890625, 612.869384765625, 406.3019104003906, 669.562255859375)",18,5
2783,doc5_page19_9.png,"(24.8031005859375, 309.569091796875, 81.49600219726562, 366.2619934082031)",19,5
2784,doc5_page21_5.png,"(6.236239910125732, 41.49900817871094, 226.71324157714844, 189.60400390625)",21,5
2785,doc5_page21_11.png,"(262.08099365234375, 252.2554931640625, 320.01287841796875, 298.4469909667969)",21,5
2786,doc5_page21_12.png,"(399.9880065917969, 252.2554931640625, 457.919921875, 298.4469909667969)",21,5
2787,doc5_page21_13.png,"(466.0159912109375, 252.28399658203125, 522.656005859375, 296.6839904785156)",21,5
2788,doc5_page21_14.png,"(337.46600341796875, 295.65399169921875, 394.10601806640625, 340.0539855957031)",21,5
2789,doc5_page21_19.png,"(24.75860023498535, 259.611083984375, 81.45149993896484, 316.3039855957031)",21,5
2790,doc5_page21_32.png,"(23.81369972229004, 333.0130920410156, 80.50659942626953, 389.70599365234375)",21,5
2791,doc5_page23_5.png,"(24.191699981689453, 58.226104736328125, 80.88459777832031, 114.91900634765625)",23,5
2792,doc5_page24_13.png,"(349.6090087890625, 460.3691101074219, 406.3019104003906, 517.06201171875)",24,5
2793,doc5_page25_11.png,"(24.758699417114258, 512.03515625, 81.45159912109375, 568.72802734375)",25,5
2794,doc5_page25_12.jpeg,"(22.604799270629883, 239.76300048828125, 219.15179443359375, 434.1809997558594)",25,5
2795,doc5_page26_2.jpeg,"(347.377685546875, 318.2072448730469, 544.38427734375, 639.8488159179688)",26,5
2796,doc5_page26_4.png,"(47.43579864501953, 43.942108154296875, 104.12870025634766, 100.635009765625)",26,5
2797,doc5_page28_4.png,"(47.43579864501953, 44.793121337890625, 104.12870025634766, 101.48602294921875)",28,5
2798,doc5_page28_6.png,"(387.5929870605469, 454.777099609375, 444.285888671875, 511.4700012207031)",28,5
2799,doc5_page30_11.png,"(48.46139907836914, 612.869384765625, 105.154296875, 669.562255859375)",30,5
2800,doc5_page30_20.png,"(349.0419921875, 77.43807983398438, 405.7348937988281, 134.1309814453125)",30,5
2801,doc5_page31_3.png,"(24.8031005859375, 612.608154296875, 81.49600219726562, 669.301025390625)",31,5
2802,doc5_page32_7.png,"(349.6090087890625, 242.84310913085938, 406.3019104003906, 299.5360107421875)",32,5
2803,doc5_page34_2.png,"(349.6090087890625, 587.869384765625, 406.3019104003906, 644.562255859375)",34,5
2804,doc5_page37_9.png,"(24.191699981689453, 37.767120361328125, 80.88459777832031, 94.46002197265625)",37,5
2805,doc5_page37_14.jpeg,"(244.91299438476562, 462.43670654296875, 521.573974609375, 653.8396606445312)",37,5
2806,doc5_page38_5.png,"(349.6090087890625, 291.735107421875, 406.3019104003906, 348.4280090332031)",38,5
2807,doc5_page38_8.png,"(349.65399169921875, 612.608154296875, 406.3468933105469, 669.301025390625)",38,5
2808,doc5_page38_14.png,"(349.6090087890625, 483.5630798339844, 406.3019104003906, 540.2559814453125)",38,5
2809,doc5_page41_3.png,"(37.040000915527344, 234.22799682617188, 204.739990234375, 454.55999755859375)",41,5
2810,doc5_page41_4.jpeg,"(51.05619812011719, 499.1112060546875, 192.28819274902344, 640.4428100585938)",41,5
2811,doc5_page41_7.png,"(363.08099365234375, 43.793121337890625, 419.7738952636719, 100.48602294921875)",41,5
2812,doc5_page43_16.png,"(24.191699981689453, 38.618072509765625, 80.88459777832031, 95.31097412109375)",43,5
2813,doc5_page44_8.jpeg,"(367.3525390625, 86.5603256225586, 508.096923828125, 317.1578063964844)",44,5
2814,doc5_page44_9.png,"(45.83250045776367, 66.96197509765625, 321.1654968261719, 221.281982421875)",44,5
2815,doc5_page45_12.png,"(48.84479904174805, 310.99896240234375, 192.2248077392578, 502.69097900390625)",45,5
2816,doc5_page45_15.png,"(24.758699417114258, 612.869384765625, 81.45159912109375, 669.562255859375)",45,5
2817,doc5_page48_7.png,"(324.09698486328125, 587.869384765625, 380.7898864746094, 644.562255859375)",48,5
2818,doc5_page50_13.png,"(349.6090087890625, 431.6050720214844, 406.3019104003906, 488.2979736328125)",50,5
2819,doc5_page50_15.png,"(349.0419921875, 39.406097412109375, 405.7348937988281, 96.0989990234375)",50,5
2820,doc5_page51_5.jpeg,"(44.58879852294922, 23.111984252929688, 204.75079345703125, 183.27398681640625)",51,5
2821,doc5_page51_11.png,"(25.27560043334961, 540.2740478515625, 81.968505859375, 596.9669189453125)",51,5
2822,doc5_page51_13.png,"(25.703500747680664, 612.869384765625, 82.39640045166016, 669.562255859375)",51,5
2823,doc5_page52_6.png,"(47.48030090332031, 40.561065673828125, 104.17320251464844, 97.25396728515625)",52,5
2824,doc5_page55_19.png,"(41.235801696777344, 620.1651000976562, 98.22869873046875, 677.1580200195312)",55,5
2825,doc5_page55_20.png,"(201.677001953125, 620.1651000976562, 258.6698913574219, 677.1580200195312)",55,5
2826,doc5_page55_21.png,"(355.8819885253906, 620.1651000976562, 412.8748779296875, 677.1580200195312)",55,5
2827,doc5_page56_1.jpeg,"(38.26969909667969, 45.77001953125, 515.1411743164062, 683.9910278320312)",56,5
2828,doc5_page57_11.png,"(24.191699981689453, 132.16110229492188, 80.88459777832031, 188.85400390625)",57,5
2829,doc5_page57_13.png,"(24.758699417114258, 575.369140625, 81.45159912109375, 632.06201171875)",57,5
2830,doc5_page59_6.png,"(21.65329933166504, 21.6199951171875, 220.4022979736328, 293.0199890136719)",59,5
2831,doc5_page60_6.png,"(44.19329833984375, 21.577011108398438, 189.84930419921875, 163.3690185546875)",60,5
2832,doc5_page61_16.png,"(21.615699768066406, 144.2469940185547, 220.18069458007812, 361.4119873046875)",61,5
2833,doc5_page62_6.png,"(45.75996017456055, 23.093338012695312, 241.7137908935547, 196.07066345214844)",62,5
2834,doc5_page64_12.png,"(351.87701416015625, 52.791107177734375, 408.5699157714844, 109.4840087890625)",64,5
2835,doc5_page64_14.png,"(349.6090087890625, 587.869384765625, 406.3019104003906, 644.562255859375)",64,5
2836,doc5_page64_16.png,"(349.6090087890625, 493.8700866699219, 406.3019104003906, 550.56298828125)",64,5
2837,doc5_page67_7.jpeg,"(22.79354476928711, 490.2861022949219, 166.99435424804688, 640.3204345703125)",67,5
2838,doc5_page67_8.jpeg,"(22.79354476928711, 165.94424438476562, 166.99435424804688, 344.37469482421875)",67,5
2839,doc5_page67_14.png,"(24.75860023498535, 411.04669189453125, 81.45149993896484, 466.1099853515625)",67,5
2840,doc5_page68_7.png,"(373.8900146484375, 395.0028991699219, 517.8900146484375, 537.0829467773438)",68,5
2841,doc5_page68_8.jpeg,"(375.0329895019531, 210.454833984375, 516.8289794921875, 352.37109375)",68,5
2842,doc5_page68_10.png,"(349.6090087890625, 587.869384765625, 406.3019104003906, 642.9326782226562)",68,5
2843,doc5_page69_6.png,"(344.1289978027344, 24.581085205078125, 400.8218994140625, 81.27398681640625)",69,5
2844,doc5_page70_2.png,"(349.6090087890625, 43.942108154296875, 406.3019104003906, 100.635009765625)",70,5
2845,doc5_page71_13.png,"(24.191699981689453, 55.059112548828125, 80.88459777832031, 111.75201416015625)",71,5
2846,doc5_page72_6.jpeg,"(340.9360046386719, 7.683990478515625, 553.260009765625, 270.4490051269531)",72,5
2847,doc5_page72_7.jpeg,"(347.63555908203125, 438.34771728515625, 507.4010314941406, 640.8062133789062)",72,5
2848,doc5_page73_5.png,"(22.87987518310547, 475.8131103515625, 259.2183837890625, 628.7849731445312)",73,5
2849,doc5_page73_6.png,"(283.9880065917969, 475.4679870605469, 522.468017578125, 629.68798828125)",73,5
2850,doc5_page73_11.png,"(24.75860023498535, 120.49307250976562, 81.45149993896484, 177.18597412109375)",73,5
2851,doc5_page73_14.png,"(24.75860023498535, 44.793121337890625, 81.45149993896484, 101.48602294921875)",73,5
2852,doc5_page74_1.jpeg,"(346.7539978027344, 16.350967407226562, 561.5029907226562, 185.10296630859375)",74,5
2853,doc5_page75_3.png,"(24.758699417114258, 614.414794921875, 81.45159912109375, 671.107666015625)",75,5
2854,doc5_page76_7.png,"(45.084861755371094, 36.09663391113281, 266.4566650390625, 167.6409912109375)",76,5
2855,doc5_page78_9.png,"(349.65399169921875, 262.60809326171875, 406.3468933105469, 319.3009948730469)",78,5
2856,doc5_page79_4.jpeg,"(22.595151901245117, 20.837539672851562, 221.78515625, 271.7066345214844)",79,5
2857,doc5_page79_9.png,"(21.513500213623047, 419.4019775390625, 220.4134979248047, 617.5819702148438)",79,5
2858,doc5_page80_2.jpeg,"(347.52801513671875, 23.073089599609375, 544.5287475585938, 332.8509216308594)",80,5
2859,doc5_page80_4.png,"(347.3299865722656, 385.0009765625, 544.449951171875, 640.7830810546875)",80,5
2860,doc5_page81_9.png,"(22.67799949645996, 311.29638671875, 219.6787109375, 524.0386962890625)",81,5
2861,doc5_page81_23.png,"(41.235801696777344, 616.3697509765625, 98.22869873046875, 673.3626708984375)",81,5
2862,doc5_page81_24.png,"(201.677001953125, 616.3697509765625, 258.6698913574219, 673.3626708984375)",81,5
2863,doc5_page81_25.png,"(355.8819885253906, 616.3697509765625, 412.8748779296875, 673.3626708984375)",81,5
2864,doc5_page82_1.png,"(39.449798583984375, 44.33587646484375, 515.90576171875, 682.015869140625)",82,5
2865,doc5_page83_12.png,"(24.191699981689453, 150.30307006835938, 80.88459777832031, 206.9959716796875)",83,5
2866,doc5_page84_5.jpeg,"(45.35430145263672, 22.882705688476562, 203.93014526367188, 181.23231506347656)",84,5
2867,doc5_page84_6.jpeg,"(241.322998046875, 22.607925415039062, 349.9558410644531, 181.47305297851562)",84,5
2868,doc5_page84_7.jpeg,"(379.343994140625, 1.6551856994628906, 553.4255981445312, 175.53997802734375)",84,5
2869,doc5_page84_8.jpeg,"(384.3169860839844, 164.58200073242188, 544.251953125, 327.2279968261719)",84,5
2870,doc5_page84_9.png,"(384.4949951171875, 336.6449890136719, 545.2849731445312, 463.55499267578125)",84,5
2871,doc5_page85_15.png,"(24.191699981689453, 491.9421081542969, 80.88459777832031, 548.635009765625)",85,5
2872,doc5_page86_4.jpeg,"(375.739013671875, 22.882659912109375, 517.3060302734375, 192.5663604736328)",86,5
2873,doc5_page86_6.jpeg,"(345.44000244140625, 235.50099182128906, 544.2520141601562, 375.6059875488281)",86,5
2874,doc5_page87_6.png,"(342.2900085449219, 24.950103759765625, 398.98291015625, 81.64300537109375)",87,5
2875,doc5_page89_15.jpeg,"(20.692899703979492, 346.447998046875, 220.36790466308594, 486.8059997558594)",89,5
2876,doc5_page90_6.png,"(347.7590026855469, 71.78311157226562, 404.451904296875, 128.47601318359375)",90,5
2877,doc5_page91_8.png,"(24.758699417114258, 615.26513671875, 81.45159912109375, 671.9580078125)",91,5
2878,doc5_page93_11.jpeg,"(22.677200317382812, 442.828125, 219.1511993408203, 640.3970336914062)",93,5
2879,doc5_page94_9.png,"(349.65399169921875, 612.608154296875, 406.3468933105469, 669.301025390625)",94,5
2880,doc5_page94_11.png,"(349.6090087890625, 506.7930603027344, 406.3019104003906, 563.4859619140625)",94,5
2881,doc5_page95_15.png,"(31.0, 616.0, 50.0, 623.0)",95,5
2882,doc5_page95_16.png,"(31.0, 599.0, 50.0, 606.0)",95,5
2883,doc5_page95_22.png,"(127.0, 508.0, 187.0, 558.0)",95,5
2884,doc5_page95_23.png,"(96.0, 495.0, 156.0, 552.0)",95,5
2885,doc5_page96_5.png,"(384.7590026855469, 419.9740905761719, 441.451904296875, 476.6669921875)",96,5
2886,doc5_page96_7.png,"(384.7590026855469, 599.869384765625, 441.451904296875, 656.562255859375)",96,5
2887,doc5_page96_9.png,"(45.724857330322266, 23.662521362304688, 225.4359588623047, 160.2465362548828)",96,5
2888,doc5_page97_16.png,"(22.58710289001465, 12.640457153320312, 521.7365112304688, 112.59646606445312)",97,5
2889,doc5_page98_7.png,"(349.0419921875, 71.94210815429688, 405.7348937988281, 128.635009765625)",98,5
2890,doc5_page98_9.png,"(349.6090087890625, 575.1680908203125, 406.3019104003906, 631.8609619140625)",98,5
2891,doc5_page99_8.png,"(24.758699417114258, 614.414794921875, 81.45159912109375, 671.107666015625)",99,5
2892,doc5_page99_12.png,"(24.75860023498535, 538.4691162109375, 81.45149993896484, 595.1619873046875)",99,5
2893,doc5_page100_9.jpeg,"(45.54913330078125, 42.698822021484375, 263.431396484375, 174.8761749267578)",100,5
2894,doc5_page101_12.png,"(23.75860023498535, 44.793121337890625, 80.45149993896484, 101.48602294921875)",101,5
2895,doc5_page102_11.png,"(343.2760009765625, 434.77386474609375, 554.1740112304688, 645.5908813476562)",102,5
2896,doc5_page102_13.png,"(349.0419921875, 51.312103271484375, 405.7348937988281, 108.0050048828125)",102,5
2897,doc5_page105_5.png,"(41.352298736572266, 42.6739501953125, 200.97628784179688, 237.06503295898438)",105,5
2898,doc5_page106_8.png,"(347.77801513671875, 215.64028930664062, 507.4020080566406, 397.4227294921875)",106,5
2899,doc5_page106_10.png,"(347.4939880371094, 439.7239990234375, 507.07952880859375, 628.1451416015625)",106,5
2900,doc5_page109_11.png,"(24.191699981689453, 74.61807250976562, 80.88459777832031, 131.31097412109375)",109,5
2901,doc5_page110_2.png,"(47.43579864501953, 43.942108154296875, 104.12870025634766, 100.635009765625)",110,5
2902,doc5_page110_3.png,"(347.77801513671875, 22.947998046875, 544.0020141601562, 308.875)",110,5
2903,doc5_page111_8.png,"(24.75860023498535, 614.414794921875, 81.45149993896484, 671.107666015625)",111,5
2904,doc5_page111_11.png,"(24.8031005859375, 495.6911315917969, 81.49600219726562, 552.384033203125)",111,5
2905,doc5_page113_1.png,"(75.0, 192.0, 130.0, 238.0)",113,5
2906,doc5_page113_2.png,"(134.0, 233.0, 186.0, 243.0)",113,5
2907,doc5_page113_3.png,"(192.0, 236.0, 265.0, 247.0)",113,5
2908,doc5_page113_4.png,"(270.0, 235.0, 296.0, 252.0)",113,5
2909,doc5_page113_5.png,"(298.0, 255.0, 333.0, 274.0)",113,5
2910,doc5_page113_6.png,"(340.0, 270.0, 361.0, 292.0)",113,5
2911,doc5_page113_7.png,"(362.0, 295.0, 391.0, 330.0)",113,5
2912,doc5_page113_8.png,"(134.0, 226.0, 220.0, 242.0)",113,5
2913,doc5_page113_9.png,"(221.0, 216.0, 286.0, 235.0)",113,5
2914,doc5_page113_10.png,"(283.0, 229.0, 332.0, 271.0)",113,5
2915,doc5_page113_11.png,"(223.0, 284.0, 264.0, 308.0)",113,5
2916,doc5_page113_12.png,"(181.0, 312.0, 221.0, 341.0)",113,5
2917,doc5_page113_27.png,"(28.0, 354.0, 48.0, 360.0)",113,5
2918,doc5_page113_28.png,"(157.0, 354.0, 177.0, 360.0)",113,5
2919,doc5_page113_29.png,"(93.0, 355.0, 112.0, 360.0)",113,5
2920,doc5_page115_12.png,"(24.758699417114258, 456.6640930175781, 81.45159912109375, 513.3569946289062)",115,5
2921,doc5_page115_14.png,"(24.191699981689453, 49.390106201171875, 80.88459777832031, 106.0830078125)",115,5
2922,doc5_page116_7.png,"(385.03399658203125, 515.2052001953125, 544.9940185546875, 644.2391967773438)",116,5
2923,doc5_page117_7.png,"(352.3420104980469, 22.43798065185547, 545.0679931640625, 146.16998291015625)",117,5
2924,doc5_page119_7.png,"(24.758699417114258, 589.9422607421875, 81.45159912109375, 646.6351318359375)",119,5
2925,doc5_page121_20.png,"(24.758699417114258, 44.793121337890625, 81.45159912109375, 101.48602294921875)",121,5
2926,doc5_page122_12.png,"(349.0419921875, 52.446075439453125, 405.7348937988281, 109.13897705078125)",122,5
2927,doc5_page123_6.png,"(23.24410057067871, 330.55499267578125, 216.5670928955078, 628.4869995117188)",123,5
2928,doc5_page123_9.png,"(24.8031005859375, 182.70809936523438, 81.49600219726562, 239.4010009765625)",123,5
2929,doc5_page123_11.png,"(23.908300399780273, 258.79608154296875, 80.60120391845703, 315.4889831542969)",123,5
2930,doc5_page124_8.png,"(346.7850036621094, 86.60700988769531, 434.45501708984375, 190.99700927734375)",124,5
2931,doc5_page124_9.png,"(347.52801513671875, 238.36900329589844, 435.52801513671875, 342.7590026855469)",124,5
2932,doc5_page124_10.jpeg,"(347.52801513671875, 394.97998046875, 434.02801513671875, 497.52996826171875)",124,5
2933,doc5_page124_11.jpeg,"(457.75201416015625, 94.66302490234375, 544.2520141601562, 195.20547485351562)",124,5
2934,doc5_page124_12.jpeg,"(457.75201416015625, 240.20899963378906, 544.2520141601562, 342.7590026855469)",124,5
2935,doc5_page124_13.png,"(457.75201416015625, 395.0550231933594, 544.2520141601562, 497.45501708984375)",124,5
2936,doc5_page124_14.jpeg,"(457.2720031738281, 544.3956909179688, 544.2520141601562, 643.7883911132812)",124,5
2937,doc5_page125_16.jpeg,"(132.576904296875, 80.64900970458984, 218.5989990234375, 183.04901123046875)",125,5
2938,doc5_page125_17.jpeg,"(24.04800033569336, 224.0819854736328, 109.77018737792969, 328.2519836425781)",125,5
2939,doc5_page125_18.jpeg,"(22.970060348510742, 79.82099914550781, 110.01350402832031, 184.21099853515625)",125,5
2940,doc5_page125_21.png,"(129.26400756835938, 227.11801147460938, 215.76400756835938, 329.51800537109375)",125,5
2941,doc5_page125_24.jpeg,"(133.55499267578125, 377.2760009765625, 221.55499267578125, 481.44598388671875)",125,5
2942,doc5_page125_25.jpeg,"(25.70829963684082, 377.90399169921875, 112.20829772949219, 480.5039978027344)",125,5
2943,doc5_page125_26.jpeg,"(77.03084564208984, 536.4161987304688, 163.74270629882812, 640.8062133789062)",125,5
2944,doc5_page126_8.png,"(349.6090087890625, 487.8851013183594, 406.3019104003906, 544.5780029296875)",126,5
2945,doc5_page126_10.png,"(349.6090087890625, 562.869140625, 406.3019104003906, 619.56201171875)",126,5
2946,doc5_page128_10.png,"(349.0419921875, 43.942108154296875, 405.7348937988281, 100.635009765625)",128,5
2947,doc5_page129_11.png,"(24.75860023498535, 524.287109375, 81.45149993896484, 580.97998046875)",129,5
2948,doc5_page129_15.png,"(24.75860023498535, 600.369384765625, 81.45149993896484, 657.062255859375)",129,5
2949,doc5_page131_6.png,"(24.75860023498535, 612.869384765625, 81.45149993896484, 669.562255859375)",131,5
2950,doc5_page132_1.jpeg,"(382.94171142578125, 22.832839965820312, 510.103271484375, 164.26016235351562)",132,5
2951,doc5_page132_5.png,"(382.92889404296875, 210.68661499023438, 510.1160583496094, 352.0823669433594)",132,5
2952,doc5_page133_10.png,"(343.2720031738281, 42.869110107421875, 399.96490478515625, 99.56201171875)",133,5
2953,doc5_page133_14.png,"(24.758699417114258, 260.46209716796875, 81.45159912109375, 317.1549987792969)",133,5
2954,doc5_page135_12.png,"(22.908199310302734, 54.775115966796875, 79.60110473632812, 111.468017578125)",135,5
2955,doc5_page141_9.png,"(50.96739196777344, 471.3509521484375, 192.75045776367188, 615.51513671875)",141,5
2956,doc5_page141_12.png,"(24.191699981689453, 54.208099365234375, 80.88459777832031, 110.9010009765625)",141,5
2957,doc5_page143_6.jpeg,"(343.07000732421875, 21.837982177734375, 482.94500732421875, 175.43798828125)",143,5
2958,doc5_page144_6.png,"(93.98480224609375, 22.027008056640625, 283.9858093261719, 174.78900146484375)",144,5
2959,doc5_page145_17.png,"(24.758699417114258, 252.3970947265625, 81.45159912109375, 309.0899963378906)",145,5
2960,doc5_page146_5.png,"(23.822864532470703, 22.83612060546875, 178.58258056640625, 210.3339080810547)",146,5
2961,doc5_page146_6.png,"(206.11993408203125, 23.127777099609375, 361.7830810546875, 210.3602752685547)",146,5
2962,doc5_page146_7.png,"(388.47308349609375, 23.119583129882812, 544.0020141601562, 210.52001953125)",146,5
2963,doc5_page146_13.png,"(45.20429992675781, 617.5665893554688, 102.19720458984375, 674.5595092773438)",146,5
2964,doc5_page146_14.png,"(205.64500427246094, 617.5665893554688, 262.6379089355469, 674.5595092773438)",146,5
2965,doc5_page146_15.png,"(359.8500061035156, 617.5665893554688, 416.8428955078125, 674.5595092773438)",146,5
2966,doc5_page147_1.png,"(55.98529815673828, 47.54827880859375, 520.8652954101562, 685.228271484375)",147,5
2967,doc5_page148_11.png,"(347.34100341796875, 155.94210815429688, 404.0339050292969, 212.635009765625)",148,5
2968,doc5_page148_12.png,"(369.0710144042969, 509.45770263671875, 515.2420043945312, 644.1876831054688)",148,5
2969,doc5_page150_6.png,"(346.4280090332031, 220.62100219726562, 489.8580017089844, 332.73699951171875)",150,5
2970,doc5_page151_26.png,"(24.75860023498535, 333.5650939941406, 81.45149993896484, 390.25799560546875)",151,5
2971,doc5_page152_2.png,"(387.5929870605469, 226.7930908203125, 444.285888671875, 283.4859924316406)",152,5
2972,doc5_page152_13.png,"(387.63800048828125, 318.3551025390625, 444.3309020996094, 375.0480041503906)",152,5
2973,doc5_page153_3.png,"(24.75860023498535, 43.942108154296875, 81.45149993896484, 100.635009765625)",153,5
2974,doc5_page155_28.png,"(58.7588996887207, 363.6769714355469, 219.4019012451172, 571.7979736328125)",155,5
2975,doc5_page156_1.png,"(115.0, 230.0, 150.0, 250.0)",156,5
2976,doc5_page156_2.png,"(152.0, 226.0, 293.0, 253.0)",156,5
2977,doc5_page156_3.png,"(297.0, 256.0, 333.0, 270.0)",156,5
2978,doc5_page156_4.png,"(240.0, 217.0, 273.0, 236.0)",156,5
2979,doc5_page156_5.png,"(206.0, 228.0, 240.0, 241.0)",156,5
2980,doc5_page156_20.png,"(27.0, 428.0, 46.0, 433.0)",156,5
2981,doc5_page156_21.png,"(26.0, 512.0, 46.0, 517.0)",156,5
2982,doc5_page156_27.png,"(372.2860107421875, 607.359619140625, 428.9789123535156, 664.052490234375)",156,5
2983,doc5_page157_8.png,"(24.758699417114258, 347.12310791015625, 81.45159912109375, 403.8160095214844)",157,5
2984,doc5_page158_13.png,"(347.4606018066406, 446.27880859375, 544.2518920898438, 640.5922241210938)",158,5
2985,doc5_page159_15.png,"(22.908199310302734, 51.941070556640625, 79.60110473632812, 108.63397216796875)",159,5
2986,doc5_page160_1.png,"(370.0, 250.0, 416.0, 370.0)",160,5
2987,doc5_page160_2.png,"(337.0, 181.0, 384.0, 246.0)",160,5
2988,doc5_page160_3.png,"(228.0, 267.0, 331.0, 296.0)",160,5
2989,doc5_page160_4.png,"(219.0, 286.0, 245.0, 367.0)",160,5
2990,doc5_page160_5.png,"(202.0, 374.0, 247.0, 477.0)",160,5
2991,doc5_page160_28.png,"(33.0, 469.0, 52.0, 474.0)",160,5
2992,doc5_page160_29.png,"(33.0, 423.0, 52.0, 428.0)",160,5
2993,doc5_page160_33.png,"(379.7919921875, 492.1611022949219, 436.4848937988281, 548.85400390625)",160,5
2994,doc5_page160_36.png,"(349.6090087890625, 612.869384765625, 406.3019104003906, 669.562255859375)",160,5
2995,doc5_page162_4.png,"(381.92401123046875, 610.76904296875, 438.6169128417969, 667.4619140625)",162,5
2996,doc5_page165_7.png,"(24.75860023498535, 612.01904296875, 81.45149993896484, 668.7119140625)",165,5
2997,doc5_page165_8.jpeg,"(326.67401123046875, 21.09478759765625, 521.8330688476562, 157.86715698242188)",165,5
2998,doc5_page166_6.jpeg,"(44.23408508300781, 19.667236328125, 216.5486602783203, 142.10401916503906)",166,5
2999,doc5_page166_8.png,"(347.18798828125, 182.614990234375, 454.96099853515625, 330.4129943847656)",166,5
3000,doc5_page169_5.png,"(21.54159927368164, 153.28700256347656, 181.05960083007812, 351.3280029296875)",169,5
3001,doc5_page169_7.jpeg,"(22.72465705871582, 423.96807861328125, 181.16729736328125, 628.0518798828125)",169,5
3002,doc5_page171_4.png,"(24.191699981689453, 75.46810913085938, 80.88459777832031, 132.1610107421875)",171,5
3003,doc5_page172_7.png,"(347.52801513671875, 444.38427734375, 544.5360107421875, 641.3922729492188)",172,5
3004,doc5_page173_8.png,"(24.758699417114258, 44.793121337890625, 81.45159912109375, 101.48602294921875)",173,5
3005,doc5_page174_12.png,"(349.90399169921875, 368.4031066894531, 406.5968933105469, 425.09600830078125)",174,5
3006,doc5_page175_11.png,"(24.8031005859375, 242.40310668945312, 81.49600219726562, 299.09600830078125)",175,5
3007,doc5_page175_12.png,"(21.8843994140625, 321.7499694824219, 220.20440673828125, 545.5899658203125)",175,5
3008,doc5_page176_5.png,"(347.52801513671875, 440.6836853027344, 544.2520141601562, 637.9556884765625)",176,5
3009,doc5_page177_6.png,"(374.7057800292969, 22.97247314453125, 521.7271728515625, 154.1544647216797)",177,5
3010,doc5_page178_9.png,"(349.65399169921875, 60.403106689453125, 406.3468933105469, 117.09600830078125)",178,5
3011,doc5_page179_5.png,"(22.908199310302734, 54.775115966796875, 79.60110473632812, 111.468017578125)",179,5
3012,doc5_page179_7.png,"(24.75860023498535, 614.414794921875, 81.45149993896484, 671.107666015625)",179,5
3013,doc5_page180_3.png,"(47.43579864501953, 43.331085205078125, 104.12870025634766, 100.02398681640625)",180,5
3014,doc5_page181_7.jpeg,"(23.534690856933594, 398.57696533203125, 219.20925903320312, 642.8345336914062)",181,5
3015,doc5_page185_7.png,"(24.747800827026367, 390.0088195800781, 219.4018096923828, 641.11181640625)",185,5
3016,doc5_page187_4.png,"(24.8031005859375, 228.40310668945312, 81.49600219726562, 285.09600830078125)",187,5
3017,doc5_page187_7.png,"(24.75860023498535, 305.86907958984375, 81.45149993896484, 362.5619812011719)",187,5
3018,doc5_page188_6.png,"(346.4360046386719, 541.8895263671875, 478.1240234375, 673.5775146484375)",188,5
3019,doc5_page189_5.png,"(21.293399810791016, 291.844970703125, 220.2043914794922, 582.7099609375)",189,5
3020,doc5_page192_5.png,"(63.807899475097656, 41.77001953125, 205.03988647460938, 205.989013671875)",192,5
3021,doc5_page192_8.png,"(348.4110107421875, 462.5443420410156, 544.2520141601562, 640.5332641601562)",192,5
3022,doc5_page193_5.jpeg,"(374.3393249511719, 168.9411163330078, 521.11669921875, 322.5519104003906)",193,5
3023,doc5_page193_6.jpeg,"(22.927200317382812, 544.061767578125, 219.1511993408203, 640.99658203125)",193,5
3024,doc5_page195_1.jpeg,"(22.777971267700195, 523.4736938476562, 155.747802734375, 672.269775390625)",195,5
3025,doc5_page196_11.png,"(349.0419921875, 74.77706909179688, 405.7348937988281, 131.469970703125)",196,5
3026,doc5_page197_1.png,"(335.0, 176.0, 369.0, 208.0)",197,5
3027,doc5_page197_2.png,"(373.0, 212.0, 398.0, 243.0)",197,5
3028,doc5_page197_3.png,"(353.0, 337.0, 387.0, 390.0)",197,5
3029,doc5_page197_4.png,"(387.0, 292.0, 419.0, 346.0)",197,5
3030,doc5_page197_5.png,"(388.0, 246.0, 409.0, 292.0)",197,5
3031,doc5_page197_6.png,"(231.0, 229.0, 266.0, 254.0)",197,5
3032,doc5_page197_7.png,"(268.0, 241.0, 296.0, 289.0)",197,5
3033,doc5_page197_8.png,"(223.0, 258.0, 266.0, 283.0)",197,5
3034,doc5_page197_9.png,"(222.0, 262.0, 243.0, 365.0)",197,5
3035,doc5_page197_22.png,"(30.0, 381.0, 49.0, 385.0)",197,5
3036,doc5_page197_23.png,"(188.0, 496.0, 207.0, 500.0)",197,5
3037,doc5_page198_5.jpeg,"(347.52801513671875, 390.1318359375, 539.2880249023438, 631.3101196289062)",198,5
3038,doc5_page200_8.png,"(47.48030090332031, 60.403106689453125, 104.17320251464844, 117.09600830078125)",200,5
3039,doc5_page201_6.png,"(25.23110008239746, 614.4146728515625, 81.92400360107422, 671.1075439453125)",201,5
3040,doc5_page203_6.png,"(24.094499588012695, 25.28399658203125, 152.3270721435547, 153.9949951171875)",203,5
3041,doc5_page204_2.png,"(348.1830139160156, 41.376007080078125, 544.906982421875, 309.0400085449219)",204,5
3042,doc5_page204_5.png,"(335.53302001953125, 529.621826171875, 558.4249267578125, 649.6906127929688)",204,5
3043,doc5_page205_5.jpeg,"(22.875131607055664, 42.44303894042969, 359.8111572265625, 207.40196228027344)",205,5
3044,doc5_page207_8.png,"(24.191699981689453, 71.94210815429688, 80.88459777832031, 128.635009765625)",207,5
3045,doc5_page209_5.jpeg,"(22.17486000061035, 23.13494873046875, 313.6806945800781, 169.6393280029297)",209,5
3046,doc5_page209_13.png,"(333.0260009765625, 26.415069580078125, 389.7189025878906, 83.10797119140625)",209,5
3047,doc5_page212_10.png,"(347.7590026855469, 74.61807250976562, 404.451904296875, 131.31097412109375)",212,5
3048,doc5_page212_13.png,"(349.65399169921875, 612.608154296875, 406.3468933105469, 669.301025390625)",212,5
3049,doc5_page213_2.jpeg,"(22.927200317382812, 42.68359375, 164.15919494628906, 184.07540893554688)",213,5
3050,doc5_page213_3.jpeg,"(22.927200317382812, 252.65989685058594, 164.15919494628906, 394.0931396484375)",213,5
3051,doc5_page213_4.png,"(22.927200317382812, 460.7500305175781, 164.15919494628906, 604.1080322265625)",213,5
3052,doc5_page214_5.jpeg,"(402.7699890136719, 42.57789611816406, 544.001953125, 198.2311553955078)",214,5
3053,doc5_page214_6.jpeg,"(402.7699890136719, 250.97207641601562, 544.001953125, 406.6658630371094)",214,5
3054,doc5_page214_7.jpeg,"(402.7699890136719, 472.6599426269531, 544.001953125, 628.177001953125)",214,5
3055,doc5_page217_19.png,"(22.908199310302734, 74.33407592773438, 79.60110473632812, 131.0269775390625)",217,5
3056,doc5_page220_8.png,"(349.6090087890625, 614.414794921875, 406.3019104003906, 671.107666015625)",220,5
3057,doc5_page221_1.png,"(17.913673400878906, 8.442718505859375, 219.256103515625, 312.3094482421875)",221,5
3058,doc5_page221_4.png,"(22.677200317382812, 366.947998046875, 219.4011993408203, 628.260986328125)",221,5
3059,doc5_page223_8.jpeg,"(308.7494812011719, 22.983901977539062, 520.575439453125, 186.65109252929688)",223,5
3060,doc5_page224_4.jpeg,"(347.4602355957031, 294.4134216308594, 544.3717041015625, 569.5283813476562)",224,5
3061,doc5_page225_5.png,"(24.758699417114258, 614.414794921875, 81.45159912109375, 671.107666015625)",225,5
3062,doc5_page226_9.png,"(349.6090087890625, 390.631103515625, 406.3019104003906, 447.3240051269531)",226,5
3063,doc5_page227_15.png,"(21.662700653076172, 605.5997924804688, 80.38459777832031, 664.3217163085938)",227,5
3064,doc5_page227_16.png,"(182.10400390625, 605.5997924804688, 240.82589721679688, 664.3217163085938)",227,5
3065,doc5_page227_17.png,"(336.3080139160156, 605.5997924804688, 395.0299072265625, 664.3217163085938)",227,5
3066,doc5_page228_1.png,"(51.922298431396484, 44.713623046875, 516.8023071289062, 682.3936157226562)",228,5
3067,doc5_page229_11.png,"(24.191699981689453, 143.15512084960938, 80.88459777832031, 199.8480224609375)",229,5
3068,doc5_page229_13.png,"(24.758699417114258, 614.414794921875, 81.45159912109375, 671.107666015625)",229,5
3069,doc5_page231_8.png,"(24.758699417114258, 346.86907958984375, 81.45159912109375, 403.5619812011719)",231,5
3070,doc5_page231_10.png,"(24.758699417114258, 612.869384765625, 81.45159912109375, 669.562255859375)",231,5
3071,doc5_page232_5.png,"(349.65399169921875, 612.608154296875, 406.3468933105469, 669.301025390625)",232,5
3072,doc5_page232_7.png,"(347.97998046875, 102.47982788085938, 543.8200073242188, 266.1361389160156)",232,5
3073,doc5_page234_4.png,"(349.6090087890625, 22.554107666015625, 406.3019104003906, 79.24700927734375)",234,5
3074,doc5_page235_9.png,"(24.191699981689453, 71.94210815429688, 80.88459777832031, 128.635009765625)",235,5
3075,doc5_page237_3.jpeg,"(22.805559158325195, 42.65283203125, 164.31082153320312, 169.90721130371094)",237,5
3076,doc5_page237_4.jpeg,"(22.848596572875977, 181.6016845703125, 164.33018493652344, 308.83831787109375)",237,5
3077,doc5_page237_5.png,"(22.927200317382812, 321.46112060546875, 164.15919494628906, 448.6798400878906)",237,5
3078,doc5_page240_5.png,"(45.664100646972656, 23.14892578125, 254.66403198242188, 195.14898681640625)",240,5
3079,doc5_page240_6.jpeg,"(346.6700134277344, 255.8350067138672, 467.4200134277344, 373.885009765625)",240,5
3080,doc5_page241_8.png,"(24.8031005859375, 619.2696533203125, 81.49600219726562, 675.9625244140625)",241,5
3081,doc5_page244_12.png,"(349.6090087890625, 263.9090881347656, 406.3019104003906, 320.60198974609375)",244,5
3082,doc5_page245_1.png,"(42.23350143432617, 13.691009521484375, 198.9925079345703, 205.4630126953125)",245,5
3083,doc5_page245_10.png,"(24.8031005859375, 258.1990966796875, 81.49600219726562, 314.8919982910156)",245,5
3084,doc5_page247_23.png,"(34.256099700927734, 467.99237060546875, 213.8581085205078, 641.452392578125)",247,5
3085,doc5_page248_4.png,"(349.0419921875, 71.94210815429688, 405.7348937988281, 128.635009765625)",248,5
3086,doc5_page248_6.png,"(349.6090087890625, 377.4810791015625, 406.3019104003906, 434.1739807128906)",248,5
3087,doc5_page249_6.png,"(24.75860023498535, 445.2311096191406, 81.45149993896484, 501.92401123046875)",249,5
3088,doc5_page250_5.png,"(104.2740478515625, 22.988265991210938, 208.00491333007812, 154.14463806152344)",250,5
3089,doc5_page251_1.png,"(23.9330997467041, 22.826751708984375, 165.16510009765625, 178.46719360351562)",251,5
3090,doc5_page251_7.png,"(23.6830997467041, 238.72756958007812, 164.91510009765625, 403.7803955078125)",251,5
3091,doc5_page251_9.png,"(23.609830856323242, 462.7081298828125, 165.06675720214844, 640.4873046875)",251,5
3092,doc5_page253_12.png,"(24.191699981689453, 77.95809936523438, 80.88459777832031, 134.6510009765625)",253,5
3093,doc5_page254_5.jpeg,"(257.9230041503906, 0.2920074462890625, 560.78076171875, 182.58506774902344)",254,5
3094,doc5_page254_56.png,"(349.6090087890625, 226.7930908203125, 406.3019104003906, 283.4859924316406)",254,5
3095,doc5_page255_9.jpeg,"(22.861331939697266, 65.81874084472656, 219.4016571044922, 313.88238525390625)",255,5
3096,doc5_page258_14.png,"(349.0419921875, 48.745086669921875, 405.7348937988281, 105.43798828125)",258,5
3097,doc5_page259_7.png,"(21.51180076599121, 15.449005126953125, 135.24180603027344, 130.53900146484375)",259,5
3098,doc5_page260_1.png,"(347.34600830078125, 53.858001708984375, 545.1580200195312, 254.15200805664062)",260,5
3099,doc5_page260_3.png,"(365.9530029296875, 434.52020263671875, 525.7433471679688, 653.3062133789062)",260,5
3100,doc5_page261_1.png,"(22.874862670898438, 344.72125244140625, 219.2569122314453, 565.1057739257812)",261,5
3101,doc5_page261_5.png,"(24.8031005859375, 273.23809814453125, 81.49600219726562, 329.9309997558594)",261,5
3102,doc5_page261_13.png,"(24.75860023498535, 612.869384765625, 81.45149993896484, 669.562255859375)",261,5
3103,doc5_page262_2.png,"(376.4070129394531, 324.34796142578125, 517.6390380859375, 483.76397705078125)",262,5
3104,doc5_page263_3.jpeg,"(245.0255889892578, 42.61541748046875, 521.3862915039062, 239.2965545654297)",263,5
3105,doc5_page264_8.jpeg,"(45.793243408203125, 23.563064575195312, 255.38783264160156, 154.22975158691406)",264,5
3106,doc5_page265_11.png,"(24.758699417114258, 457.5570983886719, 81.45159912109375, 514.25)",265,5
3107,doc5_page266_1.jpeg,"(348.2349853515625, 42.699188232421875, 544.251953125, 314.1883239746094)",266,5
3108,doc5_page266_18.png,"(44.339900970458984, 611.0328979492188, 103.06179809570312, 669.7548217773438)",266,5
3109,doc5_page266_19.png,"(204.781005859375, 611.0328979492188, 263.5028991699219, 669.7548217773438)",266,5
3110,doc5_page266_20.png,"(358.9859924316406, 611.0328979492188, 417.7078857421875, 669.7548217773438)",266,5
3111,doc5_page267_1.jpeg,"(46.30120086669922, 34.9423828125, 520.4791870117188, 685.3764038085938)",267,5
3112,doc5_page268_2.png,"(38.67060089111328, 615.804443359375, 97.39250183105469, 674.5263671875)",268,5
3113,doc5_page268_3.png,"(209.343994140625, 615.804443359375, 268.0658874511719, 674.5263671875)",268,5
3114,doc5_page269_2.png,"(19.288400650024414, 506.22296142578125, 133.69540405273438, 620.2899780273438)",269,5
3115,doc5_page269_4.png,"(20.309900283813477, 314.010986328125, 132.30990600585938, 426.010986328125)",269,5
3116,doc5_page269_6.png,"(26.14550018310547, 112.41302490234375, 136.3955078125, 222.66302490234375)",269,5
3117,doc5_page270_1.png,"(430.7969970703125, 42.30298614501953, 543.7169799804688, 154.62298583984375)",270,5
3118,doc5_page270_3.png,"(433.37200927734375, 458.91302490234375, 544.2520141601562, 570.35302734375)",270,5
3119,doc5_page270_6.png,"(431.8110046386719, 252.00198364257812, 543.81103515625, 364.0019836425781)",270,5
3120,doc5_page270_13.png,"(45.35430145263672, 629.9293212890625, 102.04720306396484, 686.6221923828125)",270,5
3121,doc5_page270_14.png,"(216.0, 629.9293212890625, 272.6929016113281, 686.6221923828125)",270,5
3122,doc5_page270_15.png,"(416.6929931640625, 629.9293212890625, 473.3858947753906, 686.6221923828125)",270,5
3123,doc5_page271_16.png,"(43.23624038696289, 224.912109375, 515.5562744140625, 717.7521362304688)",271,5
3124,doc5_page271_17.png,"(58.11812210083008, 228.27401733398438, 500.1981506347656, 714.634033203125)",271,5
3125,doc5_page271_30.png,"(450.1418151855469, 592.0157470703125, 518.17333984375, 660.0472412109375)",271,5
3126,doc5_page274_2.png,"(240.7947998046875, 640.50927734375, 303.4576110839844, 703.1720581054688)",274,5
3127,doc6_page0_0.png,"(71.00738525390625, 297.0572509765625, 468.9273681640625, 662.0972290039062)",0,6
3128,doc6_page0_1.png,"(192.0, 269.0, 346.0, 395.0)",0,6
3129,doc6_page0_2.png,"(192.0, 269.0, 346.0, 395.0)",0,6
3130,doc6_page0_3.png,"(408.0, 231.0, 418.0, 244.0)",0,6
3131,doc6_page0_4.png,"(418.0, 231.0, 429.0, 244.0)",0,6
3132,doc6_page0_5.png,"(429.0, 231.0, 442.0, 244.0)",0,6
3133,doc6_page0_6.png,"(442.0, 231.0, 453.0, 244.0)",0,6
3134,doc6_page0_7.png,"(0.0, 0.0, 0.0, 0.0)",0,6
3135,doc6_page0_8.png,"(0.0, 0.0, 0.0, 0.0)",0,6
3136,doc6_page0_9.png,"(0.0, 0.0, 0.0, 0.0)",0,6
3137,doc6_page0_10.png,"(0.0, 0.0, 0.0, 0.0)",0,6
3138,doc6_page0_11.png,"(0.0, 0.0, 0.0, 0.0)",0,6
3139,doc6_page0_12.png,"(0.0, 0.0, 0.0, 0.0)",0,6
3140,doc6_page0_13.png,"(0.0, 0.0, 0.0, 0.0)",0,6
3141,doc6_page0_14.png,"(0.0, 0.0, 0.0, 0.0)",0,6
3142,doc6_page0_15.png,"(0.0, 0.0, 0.0, 0.0)",0,6
3143,doc6_page0_16.png,"(0.0, 0.0, 0.0, 0.0)",0,6
3144,doc6_page0_17.png,"(156.0, 297.0, 225.0, 395.0)",0,6
3145,doc6_page0_18.png,"(156.0, 297.0, 225.0, 395.0)",0,6
3146,doc6_page0_19.png,"(330.0, 269.0, 446.0, 395.0)",0,6
3147,doc6_page0_20.png,"(330.0, 269.0, 446.0, 395.0)",0,6
3148,doc6_page1_4.png,"(377.0, 229.0, 386.0, 241.0)",1,6
3149,doc6_page1_5.png,"(386.0, 229.0, 397.0, 241.0)",1,6
3150,doc6_page1_6.png,"(397.0, 228.0, 409.0, 241.0)",1,6
3151,doc6_page1_7.png,"(409.0, 228.0, 420.0, 241.0)",1,6
3152,doc6_page9_6.png,"(340.8240051269531, 482.1289978027344, 395.1360168457031, 494.6809997558594)",9,6
3153,doc6_page9_7.png,"(383.0639953613281, 482.6090087890625, 384.57598876953125, 494.6809997558594)",9,6
3154,doc6_page9_8.png,"(368.66400146484375, 482.6090087890625, 370.1759948730469, 494.6809997558594)",9,6
3155,doc6_page9_9.png,"(354.7439880371094, 482.6090087890625, 356.2559814453125, 494.6809997558594)",9,6
3156,doc6_page9_10.png,"(340.8240051269531, 496.5889892578125, 377.3760070800781, 509.1409912109375)",9,6
3157,doc6_page9_11.png,"(368.66400146484375, 496.5889892578125, 370.1759948730469, 508.1809997558594)",9,6
3158,doc6_page9_12.png,"(354.7439880371094, 496.5889892578125, 356.2559814453125, 508.1809997558594)",9,6
3159,doc6_page9_13.png,"(340.8240051269531, 511.40899658203125, 382.1759948730469, 523.9609985351562)",9,6
3160,doc6_page9_14.png,"(368.66400146484375, 511.4089660644531, 370.1759948730469, 523.0009765625)",9,6
3161,doc6_page9_15.png,"(354.7439880371094, 511.4089660644531, 356.2559814453125, 523.0009765625)",9,6
3162,doc6_page9_17.png,"(340.8240051269531, 525.8090209960938, 358.1759948730469, 538.3610229492188)",9,6
3163,doc6_page9_18.png,"(354.7439880371094, 526.2890014648438, 356.2559814453125, 538.3610229492188)",9,6
3164,doc6_page11_7.jpeg,"(200.1840057373047, 189.8690185546875, 429.2040100097656, 351.041015625)",11,6
3165,doc6_page12_3.jpeg,"(32.84400177001953, 42.509002685546875, 262.1029968261719, 189.22100830078125)",12,6
3166,doc6_page12_4.jpeg,"(265.28399658203125, 33.98899841308594, 446.18597412109375, 264.58099365234375)",12,6
3167,doc6_page13_7.jpeg,"(232.4040069580078, 42.509002685546875, 429.2760009765625, 206.74099731445312)",13,6
3168,doc6_page13_8.jpeg,"(28.284000396728516, 311.78900146484375, 171.25299072265625, 533.9210205078125)",13,6
3169,doc6_page13_9.jpeg,"(170.843994140625, 344.6090087890625, 324.39898681640625, 534.1010131835938)",13,6
3170,doc6_page17_4.jpeg,"(212.1280059814453, 166.281005859375, 321.1080017089844, 251.62100219726562)",17,6
3171,doc6_page17_5.jpeg,"(212.1280059814453, 251.12899780273438, 321.1080017089844, 322.72100830078125)",17,6
3172,doc6_page17_6.jpeg,"(319.343994140625, 164.0150146484375, 440.8070068359375, 249.1610107421875)",17,6
3173,doc6_page17_7.jpeg,"(319.343994140625, 248.72900390625, 440.7080078125, 322.6610107421875)",17,6
3174,doc6_page18_9.png,"(325.4639892578125, 157.0489959716797, 339.93597412109375, 172.96099853515625)",18,6
3175,doc6_page18_10.png,"(325.4639892578125, 170.968994140625, 339.93597412109375, 172.48098754882812)",18,6
3176,doc6_page18_11.png,"(360.4440002441406, 133.52899169921875, 374.916015625, 172.96099853515625)",18,6
3177,doc6_page18_12.png,"(361.40399169921875, 170.968994140625, 374.9159851074219, 172.48098754882812)",18,6
3178,doc6_page18_13.png,"(360.4440002441406, 152.24899291992188, 374.916015625, 153.760986328125)",18,6
3179,doc6_page18_14.png,"(361.40399169921875, 134.48898315429688, 374.9159851074219, 136.0009765625)",18,6
3180,doc6_page18_15.png,"(394.7040100097656, 105.38899230957031, 409.176025390625, 173.1409912109375)",18,6
3181,doc6_page18_16.png,"(394.7040100097656, 171.14901733398438, 409.176025390625, 172.6610107421875)",18,6
3182,doc6_page18_17.png,"(395.1839904785156, 152.42898559570312, 408.69598388671875, 153.94097900390625)",18,6
3183,doc6_page18_18.png,"(394.7040100097656, 134.66903686523438, 409.176025390625, 136.1810302734375)",18,6
3184,doc6_page18_19.png,"(395.1839904785156, 116.90901947021484, 408.69598388671875, 118.4210205078125)",18,6
3185,doc6_page19_5.jpeg,"(124.7040023803711, 266.4289855957031, 419.791015625, 449.32098388671875)",19,6
3186,doc6_page20_6.jpeg,"(48.14400100708008, 42.509002685546875, 275.2560119628906, 202.18099975585938)",20,6
3187,doc6_page22_15.jpeg,"(325.9440002441406, 444.989013671875, 430.11700439453125, 617.9810180664062)",22,6
3188,doc6_page22_16.jpeg,"(189.86399841308594, 444.989013671875, 319.55902099609375, 617.9810180664062)",22,6
3189,doc6_page25_7.jpeg,"(265.2239990234375, 133.1689910888672, 420.6730041503906, 323.9809875488281)",25,6
3190,doc6_page27_8.jpeg,"(36.80400085449219, 413.8489990234375, 224.33799743652344, 546.5809936523438)",27,6
3191,doc6_page30_3.jpeg,"(16.104000091552734, 22.949005126953125, 242.78900146484375, 175.84100341796875)",30,6
3192,doc6_page30_4.jpeg,"(39.263999938964844, 22.949005126953125, 40.70399856567383, 175.84100341796875)",30,6
3193,doc6_page31_6.jpeg,"(277.7640075683594, 425.1889953613281, 419.916015625, 572.1409912109375)",31,6
3194,doc6_page32_8.jpeg,"(39.624000549316406, 19.829025268554688, 314.7359924316406, 151.1810302734375)",32,6
3195,doc6_page33_13.jpeg,"(290.78399658203125, 319.1089782714844, 428.9339904785156, 417.70098876953125)",33,6
3196,doc6_page34_4.jpeg,"(48.14400100708008, 41.36900329589844, 303.5760192871094, 187.84100341796875)",34,6
3197,doc6_page35_5.jpeg,"(36.80400085449219, 410.968994140625, 419.69403076171875, 566.6209716796875)",35,6
3198,doc6_page39_2.png,"(342.9840087890625, 42.508995056152344, 425.1360168457031, 129.58099365234375)",39,6
3199,doc6_page39_3.jpeg,"(195.56399536132812, 133.94898986816406, 422.6759948730469, 276.58099365234375)",39,6
3200,doc6_page40_6.jpeg,"(317.42401123046875, 297.6289978027344, 430.7760009765625, 434.02099609375)",40,6
3201,doc6_page41_7.jpeg,"(308.9639892578125, 42.50898742675781, 420.39599609375, 185.1409912109375)",41,6
3202,doc6_page42_7.jpeg,"(218.24400329589844, 232.4090118408203, 431.135986328125, 372.1610107421875)",42,6
3203,doc6_page44_7.jpeg,"(306.0840148925781, 161.5489959716797, 431.030029296875, 320.8609924316406)",44,6
3204,doc6_page47_5.jpeg,"(36.80400085449219, 93.50898742675781, 150.156005859375, 231.58099365234375)",47,6
3205,doc6_page47_7.jpeg,"(221.54400634765625, 323.1290283203125, 420.156005859375, 574.1810302734375)",47,6
3206,doc6_page48_4.jpeg,"(48.14400100708008, 42.509002685546875, 161.49600219726562, 187.781005859375)",48,6
3207,doc6_page49_7.jpeg,"(306.0840148925781, 42.508995056152344, 419.4360046386719, 162.58099365234375)",49,6
3208,doc6_page49_8.jpeg,"(306.0840148925781, 243.74900817871094, 420.822998046875, 430.72100830078125)",49,6
3209,doc6_page50_5.png,"(321.92401123046875, 304.94903564453125, 431.61602783203125, 451.4210205078125)",50,6
3210,doc6_page51_5.jpeg,"(35.84400177001953, 70.82901000976562, 182.33999633789062, 284.5010070800781)",51,6
3211,doc6_page51_7.jpeg,"(36.80400085449219, 464.8490295410156, 150.3769989013672, 610.2410278320312)",51,6
3212,doc6_page58_6.jpeg,"(314.4840087890625, 42.50898742675781, 431.2539978027344, 189.58099365234375)",58,6
3213,doc6_page60_5.jpeg,"(328.7640075683594, 480.80902099609375, 432.1050109863281, 607.781005859375)",60,6
3214,doc6_page60_6.jpeg,"(232.4040069580078, 481.8289794921875, 323.1130065917969, 597.7009887695312)",60,6
3215,doc6_page61_4.jpeg,"(49.763999938964844, 262.40899658203125, 335.8919982910156, 437.3809814453125)",61,6
3216,doc6_page61_5.jpeg,"(50.9640007019043, 443.78900146484375, 334.81597900390625, 618.3410034179688)",61,6
3217,doc6_page63_7.jpeg,"(302.0639953613281, 425.18902587890625, 420.6470031738281, 584.7410278320312)",63,6
3218,doc6_page65_4.jpeg,"(41.00400161743164, 143.968994140625, 416.36700439453125, 392.8009948730469)",65,6
3219,doc6_page65_5.jpeg,"(315.6839904785156, 145.46900939941406, 415.57098388671875, 199.72100830078125)",65,6
3220,doc6_page66_8.jpeg,"(48.14400100708008, 90.68899536132812, 156.27000427246094, 253.12100219726562)",66,6
3221,doc6_page67_6.jpeg,"(37.2239990234375, 444.989013671875, 150.57598876953125, 582.3410034179688)",67,6
3222,doc6_page68_7.jpeg,"(48.14400100708008, 337.28900146484375, 161.49600219726562, 478.2409973144531)",68,6
3223,doc6_page70_8.jpeg,"(48.14400100708008, 42.50901794433594, 161.49600219726562, 178.6610107421875)",70,6
3224,doc6_page72_7.png,"(300.3840026855469, 137.1890106201172, 442.5360107421875, 353.2610168457031)",72,6
3225,doc6_page72_8.png,"(309.5039978027344, 351.2690124511719, 319.656005859375, 353.2610168457031)",72,6
3226,doc6_page72_10.png,"(320.0639953613281, 351.2690124511719, 429.09600830078125, 353.2610168457031)",72,6
3227,doc6_page72_12.jpeg,"(308.9639892578125, 136.0489959716797, 439.8769836425781, 341.08099365234375)",72,6
3228,doc6_page72_14.jpeg,"(328.7640075683594, 453.50897216796875, 431.0820007324219, 582.8809814453125)",72,6
3229,doc6_page74_5.jpeg,"(265.343994140625, 266.4289855957031, 432.08697509765625, 428.1409912109375)",74,6
3230,doc6_page77_3.jpeg,"(263.60400390625, 323.1290283203125, 428.2300109863281, 580.06103515625)",77,6
3231,doc6_page77_5.jpeg,"(31.163999557495117, 42.50901794433594, 306.4909973144531, 217.6610107421875)",77,6
3232,doc6_page77_6.jpeg,"(314.60400390625, 22.649017333984375, 427.95599365234375, 131.9210205078125)",77,6
3233,doc6_page79_6.jpeg,"(177.56399536132812, 459.1490478515625, 418.75799560546875, 617.6810302734375)",79,6
3234,doc6_page79_8.jpeg,"(37.88399887084961, 450.68902587890625, 158.91200256347656, 573.1010131835938)",79,6
3235,doc6_page81_5.jpeg,"(31.163999557495117, 393.989013671875, 428.1960144042969, 616.541015625)",81,6
3236,doc6_page81_6.jpeg,"(303.2640075683594, 42.50901794433594, 416.6159973144531, 199.541015625)",81,6
3237,doc6_page84_5.jpeg,"(229.58399963378906, 493.948974609375, 328.47601318359375, 618.7009887695312)",84,6
3238,doc6_page84_6.jpeg,"(330.6239929199219, 493.948974609375, 431.37200927734375, 618.7009887695312)",84,6
3239,doc6_page85_4.jpeg,"(31.40399932861328, 266.2489929199219, 428.4360046386719, 525.52099609375)",85,6
3240,doc6_page87_8.jpeg,"(212.54400634765625, 453.509033203125, 420.45599365234375, 583.4210205078125)",87,6
3241,doc6_page88_4.jpeg,"(66.80400085449219, 103.34900665283203, 160.96200561523438, 205.781005859375)",88,6
3242,doc6_page88_5.jpeg,"(189.86399841308594, 42.509002685546875, 432.15899658203125, 212.02099609375)",88,6
3243,doc6_page89_5.jpeg,"(306.0840148925781, 287.90899658203125, 418.2820129394531, 406.84100341796875)",89,6
3244,doc6_page89_6.jpeg,"(306.0840148925781, 413.968994140625, 419.8440246582031, 560.260986328125)",89,6
3245,doc6_page91_5.jpeg,"(36.80400085449219, 462.029052734375, 150.56399536132812, 617.6810302734375)",91,6
3246,doc6_page92_5.jpeg,"(48.14400100708008, 272.0689697265625, 172.97000122070312, 455.32098388671875)",92,6
3247,doc6_page92_6.jpeg,"(325.9440002441406, 42.50898742675781, 421.3809814453125, 167.32098388671875)",92,6
3248,doc6_page95_6.jpeg,"(314.60400390625, 221.0690155029297, 428.3280029296875, 382.72100830078125)",95,6
3249,doc6_page95_7.jpeg,"(35.42399978637695, 449.4889831542969, 173.91600036621094, 618.760986328125)",95,6
3250,doc6_page96_3.jpeg,"(49.04399871826172, 42.50901794433594, 173.8909912109375, 183.76101684570312)",96,6
3251,doc6_page96_5.jpeg,"(306.0840148925781, 238.0489959716797, 430.89599609375, 402.52099609375)",96,6
3252,doc6_page96_7.jpeg,"(48.14400100708008, 460.88897705078125, 172.97000122070312, 617.5009765625)",96,6
3253,doc6_page98_10.jpeg,"(211.5240020751953, 154.76901245117188, 431.9779968261719, 309.9410095214844)",98,6
3254,doc6_page98_11.jpeg,"(48.14400100708008, 418.28900146484375, 173.02999877929688, 570.6409912109375)",98,6
3255,doc6_page99_8.jpeg,"(299.3039855957031, 304.9490051269531, 428.99798583984375, 522.4609985351562)",99,6
3256,doc6_page102_2.jpeg,"(48.14400100708008, 42.509002685546875, 431.885009765625, 162.4010009765625)",102,6
3257,doc6_page102_6.jpeg,"(219.9239959716797, 168.8690185546875, 432.04998779296875, 284.3210144042969)",102,6
3258,doc6_page103_2.jpeg,"(31.163999557495117, 41.90899658203125, 428.1960144042969, 174.46099853515625)",103,6
3259,doc6_page103_4.jpeg,"(273.8039855957031, 209.72901916503906, 420.6419677734375, 339.7610168457031)",103,6
3260,doc6_page103_7.jpeg,"(36.80400085449219, 473.3690185546875, 279.60101318359375, 616.301025390625)",103,6
3261,doc6_page104_7.jpeg,"(39.624000549316406, 41.36903381347656, 228.13299560546875, 151.1810302734375)",104,6
3262,doc6_page104_9.jpeg,"(39.624000549316406, 300.44903564453125, 431.8559875488281, 384.76104736328125)",104,6
3263,doc6_page104_10.jpeg,"(226.76400756835938, 126.50898742675781, 431.7960205078125, 261.70098876953125)",104,6
3264,doc6_page104_12.jpeg,"(317.42401123046875, 470.4889831542969, 431.54901123046875, 618.9409790039062)",104,6
3265,doc6_page105_4.jpeg,"(302.0639953613281, 42.50898742675781, 428.8559875488281, 286.4209899902344)",105,6
3266,doc6_page105_7.jpeg,"(36.74399948120117, 442.16900634765625, 161.6949920654297, 577.9010009765625)",105,6
3267,doc6_page106_2.jpeg,"(39.56399917602539, 42.50898742675781, 164.46800231933594, 200.98098754882812)",106,6
3268,doc6_page106_5.jpeg,"(48.14400100708008, 396.80902099609375, 168.14500427246094, 564.1010131835938)",106,6
3269,doc6_page106_6.jpeg,"(192.74400329589844, 396.8089904785156, 431.3399963378906, 588.7009887695312)",106,6
3270,doc6_page106_8.jpeg,"(175.70399475097656, 42.50898742675781, 432.2030029296875, 237.58099365234375)",106,6
3271,doc6_page107_5.jpeg,"(266.42401123046875, 362.78900146484375, 428.22100830078125, 580.7210083007812)",107,6
3272,doc6_page107_6.jpeg,"(36.80400085449219, 65.18899536132812, 150.156005859375, 209.02099609375)",107,6
3273,doc6_page108_3.jpeg,"(60.444000244140625, 69.68899536132812, 239.43600463867188, 197.86099243164062)",108,6
3274,doc6_page108_4.jpeg,"(243.20399475097656, 70.8290023803711, 425.9049987792969, 196.9010009765625)",108,6
3275,doc6_page108_5.jpeg,"(61.4640007019043, 201.20901489257812, 239.4560089111328, 327.281005859375)",108,6
3276,doc6_page108_6.jpeg,"(241.94400024414062, 200.00900268554688, 427.01800537109375, 328.2409973144531)",108,6
3277,doc6_page108_9.jpeg,"(62.183998107910156, 331.5890197753906, 263.9739990234375, 457.6610107421875)",108,6
3278,doc6_page108_10.jpeg,"(266.42401123046875, 330.5090026855469, 368.1830139160156, 458.6809997558594)",108,6
3279,doc6_page109_4.jpeg,"(50.9640007019043, 197.66900634765625, 200.1719970703125, 290.7409973144531)",109,6
3280,doc6_page109_6.jpeg,"(208.5240020751953, 197.66900634765625, 270.9490051269531, 290.6809997558594)",109,6
3281,doc6_page109_8.jpeg,"(279.3240051269531, 197.66900634765625, 403.55499267578125, 290.7409973144531)",109,6
3282,doc6_page109_9.jpeg,"(50.9640007019043, 295.5889892578125, 179.04600524902344, 389.20098876953125)",109,6
3283,doc6_page115_5.jpeg,"(35.784000396728516, 464.12896728515625, 131.32200622558594, 591.760986328125)",115,6
3284,doc6_page115_6.jpeg,"(129.26400756835938, 464.1290283203125, 216.69601440429688, 592.541015625)",115,6
3285,doc6_page115_7.jpeg,"(215.4239959716797, 464.12896728515625, 328.58599853515625, 591.760986328125)",115,6
3286,doc6_page115_8.jpeg,"(327.6839904785156, 464.12896728515625, 417.9129943847656, 591.9409790039062)",115,6
3287,doc6_page116_4.jpeg,"(62.30400085449219, 235.22901916503906, 232.81199645996094, 490.48101806640625)",116,6
3288,doc6_page116_5.jpeg,"(260.7239990234375, 235.22901916503906, 431.23199462890625, 490.48101806640625)",116,6
3289,doc6_page117_10.jpeg,"(36.80400085449219, 405.56903076171875, 292.23602294921875, 594.041015625)",117,6
3290,doc6_page119_3.jpeg,"(28.284000396728516, 320.2489929199219, 419.97900390625, 582.8809814453125)",119,6
3291,doc6_page121_2.jpeg,"(136.04400634765625, 464.8489990234375, 419.8179931640625, 619.0009765625)",121,6
3292,doc6_page122_10.jpeg,"(39.624000549316406, 42.509002685546875, 266.7359924316406, 205.06100463867188)",122,6
3293,doc6_page123_6.jpeg,"(209.7239990234375, 42.50901794433594, 428.39898681640625, 193.60101318359375)",123,6
3294,doc6_page123_7.jpeg,"(209.7239990234375, 232.4090118408203, 428.42498779296875, 362.2610168457031)",123,6
3295,doc6_page124_6.jpeg,"(48.14400100708008, 42.50901794433594, 208.95999145507812, 269.3210144042969)",124,6
3296,doc6_page127_3.jpeg,"(27.20400047302246, 20.069015502929688, 419.916015625, 236.38101196289062)",127,6
3297,doc6_page128_3.jpeg,"(38.604000091552734, 256.8289794921875, 259.2330017089844, 406.18096923828125)",128,6
3298,doc6_page129_2.jpeg,"(28.284000396728516, 42.509002685546875, 215.88099670410156, 178.00100708007812)",129,6
3299,doc6_page129_5.jpeg,"(36.80400085449219, 229.5889892578125, 215.71299743652344, 347.9809875488281)",129,6
3300,doc6_page130_4.jpeg,"(163.2239990234375, 42.50901794433594, 432.09600830078125, 233.38101196289062)",130,6
3301,doc6_page130_5.jpeg,"(48.14400100708008, 107.66899108886719, 136.48199462890625, 232.48098754882812)",130,6
3302,doc6_page131_16.png,"(104.54399871826172, 551.3090209960938, 170.85598754882812, 563.8610229492188)",131,6
3303,doc6_page131_17.png,"(104.54399871826172, 574.948974609375, 141.0959930419922, 587.5009765625)",131,6
3304,doc6_page132_4.jpeg,"(249.38400268554688, 368.489013671875, 439.739013671875, 584.8610229492188)",132,6
3305,doc6_page134_4.jpeg,"(48.14400100708008, 42.508995056152344, 223.07398986816406, 156.52099609375)",134,6
3306,doc6_page134_6.jpeg,"(243.74400329589844, 42.508995056152344, 431.33099365234375, 156.58099365234375)",134,6
3307,doc6_page137_2.jpeg,"(36.80400085449219, 42.50901794433594, 255.50599670410156, 272.2610168457031)",137,6
3308,doc6_page138_8.jpeg,"(53.84400177001953, 447.6889953613281, 168.10299682617188, 616.9010009765625)",138,6
3309,doc6_page138_9.jpeg,"(186.0240020751953, 393.989013671875, 431.7669982910156, 543.3410034179688)",138,6
3310,doc6_page139_5.jpeg,"(36.80400085449219, 119.0090103149414, 213.4499969482422, 231.94100952148438)",139,6
3311,doc6_page139_7.jpeg,"(36.80400085449219, 402.50897216796875, 419.5560302734375, 594.6409912109375)",139,6
3312,doc6_page140_10.jpeg,"(48.14400100708008, 463.64898681640625, 150.3419952392578, 601.781005859375)",140,6
3313,doc6_page144_2.jpeg,"(48.14400100708008, 41.368988037109375, 161.9580078125, 185.20098876953125)",144,6
3314,doc6_page144_3.jpeg,"(313.52398681640625, 416.66900634765625, 439.427001953125, 616.781005859375)",144,6
3315,doc6_page145_4.jpeg,"(41.604000091552734, 41.308990478515625, 416.13201904296875, 277.3009948730469)",145,6
3316,doc6_page146_7.jpeg,"(48.14400100708008, 178.52899169921875, 156.22000122070312, 324.46099853515625)",146,6
3317,doc6_page147_5.jpeg,"(35.784000396728516, 285.26898193359375, 174.0959930419922, 488.6209716796875)",147,6
3318,doc6_page148_9.jpeg,"(48.14400100708008, 198.3889923095703, 147.91299438476562, 326.8609924316406)",148,6
3319,doc6_page149_7.jpeg,"(28.284000396728516, 456.32904052734375, 142.04400634765625, 617.9810180664062)",149,6
3320,doc6_page150_7.jpeg,"(48.14400100708008, 243.74899291992188, 159.15200805664062, 391.96099853515625)",150,6
3321,doc6_page150_8.jpeg,"(212.54400634765625, 492.0290222167969, 439.656005859375, 616.4210205078125)",150,6
3322,doc6_page159_7.png,"(50.00400161743164, 406.2890319824219, 311.07598876953125, 553.2410278320312)",159,6
3323,doc6_page160_1.jpeg,"(82.16400146484375, 42.14900207519531, 327.69598388671875, 191.80099487304688)",160,6
3324,doc6_page160_2.jpeg,"(82.16400146484375, 215.968994140625, 327.9960021972656, 385.2409973144531)",160,6
3325,doc6_page160_3.jpeg,"(82.16400146484375, 404.968994140625, 376.7760009765625, 591.5809936523438)",160,6
3326,doc6_page164_4.jpeg,"(39.624000549316406, 260.72900390625, 241.18499755859375, 392.02099609375)",164,6
3327,doc6_page164_5.jpeg,"(39.624000549316406, 441.0889892578125, 238.416015625, 577.0009765625)",164,6
3328,doc6_page165_3.png,"(49.16400146484375, 277.8890075683594, 414.9960021972656, 375.4010009765625)",165,6
3329,doc6_page166_7.jpeg,"(39.624000549316406, 41.428985595703125, 141.8820037841797, 185.1409912109375)",166,6
3330,doc6_page166_8.jpeg,"(39.624000549316406, 257.90899658203125, 141.89999389648438, 399.1610107421875)",166,6
3331,doc6_page167_5.jpeg,"(248.4239959716797, 300.448974609375, 429.468017578125, 500.08099365234375)",167,6
3332,doc6_page171_8.jpeg,"(36.80400085449219, 164.36898803710938, 205.98300170898438, 428.08099365234375)",171,6
3333,doc6_page172_9.png,"(172.2239990234375, 123.44900512695312, 418.2359924316406, 241.781005859375)",172,6
3334,doc6_page172_11.jpeg,"(47.9640007019043, 42.20903015136719, 145.9219970703125, 167.74102783203125)",172,6
3335,doc6_page172_12.jpeg,"(47.9640007019043, 251.90899658203125, 147.68600463867188, 380.02099609375)",172,6
3336,doc6_page172_13.jpeg,"(48.14400100708008, 447.80902099609375, 147.927001953125, 577.781005859375)",172,6
3337,doc6_page173_5.jpeg,"(39.80400085449219, 240.9290008544922, 134.3560028076172, 376.3009948730469)",173,6
3338,doc6_page174_6.jpeg,"(283.40399169921875, 79.3489990234375, 439.7919921875, 264.58099365234375)",174,6
3339,doc6_page175_10.jpeg,"(36.80400085449219, 107.66899108886719, 163.59600830078125, 311.7409973144531)",175,6
3340,doc6_page178_6.jpeg,"(39.624000549316406, 43.04899597167969, 139.05499267578125, 182.92098999023438)",178,6
3341,doc6_page179_11.jpeg,"(36.80400085449219, 79.3489990234375, 135.66500854492188, 212.62100219726562)",179,6
3342,doc6_page179_12.jpeg,"(36.80400085449219, 303.26898193359375, 136.31100463867188, 442.30096435546875)",179,6
3343,doc6_page182_5.jpeg,"(96.3239974975586, 25.469009399414062, 380.0760192871094, 221.38101196289062)",182,6
3344,doc6_page183_4.jpeg,"(62.30400085449219, 24.448989868164062, 394.2039794921875, 162.52099609375)",183,6
3345,doc6_page190_9.jpeg,"(46.88399887084961, 280.1090087890625, 269.7649841308594, 375.8810119628906)",190,6
3346,doc6_page190_10.jpeg,"(48.14400100708008, 389.66900634765625, 222.08499145507812, 511.0610046386719)",190,6
3347,doc6_page190_11.jpeg,"(269.9639892578125, 278.968994140625, 429.9429931640625, 399.1610107421875)",190,6
3348,doc6_page190_12.jpeg,"(227.7239990234375, 451.4090270996094, 432.7960205078125, 587.801025390625)",190,6
3349,doc6_page191_9.png,"(294.92401123046875, 345.7489929199219, 316.59600830078125, 358.3009948730469)",191,6
3350,doc6_page191_10.png,"(312.6839904785156, 345.7489929199219, 314.19598388671875, 357.34100341796875)",191,6
3351,doc6_page191_12.png,"(294.92401123046875, 300.7489929199219, 378.9960021972656, 313.3009948730469)",191,6
3352,doc6_page191_13.png,"(348.2040100097656, 301.7090148925781, 349.71600341796875, 312.34100341796875)",191,6
3353,doc6_page191_14.png,"(330.4440002441406, 301.7090148925781, 331.95599365234375, 312.34100341796875)",191,6
3354,doc6_page191_15.png,"(312.6839904785156, 301.7090148925781, 314.19598388671875, 312.34100341796875)",191,6
3355,doc6_page191_16.png,"(366.4440002441406, 301.7090148925781, 367.95599365234375, 312.34100341796875)",191,6
3356,doc6_page191_17.png,"(294.92401123046875, 325.3489990234375, 360.7560119628906, 337.9010009765625)",191,6
3357,doc6_page191_18.png,"(348.2040100097656, 325.8290100097656, 349.71600341796875, 337.9010009765625)",191,6
3358,doc6_page191_19.png,"(330.4440002441406, 325.8290100097656, 331.95599365234375, 337.9010009765625)",191,6
3359,doc6_page191_20.png,"(312.6839904785156, 325.8290100097656, 314.19598388671875, 337.9010009765625)",191,6
3360,doc6_page193_4.png,"(345.92401123046875, 331.22900390625, 403.59600830078125, 343.781005859375)",193,6
3361,doc6_page193_5.png,"(345.92401123046875, 346.7690124511719, 392.0760192871094, 359.3210144042969)",193,6
3362,doc6_page193_7.png,"(345.92401123046875, 362.72900390625, 383.916015625, 375.281005859375)",193,6
3363,doc6_page193_8.png,"(345.92401123046875, 378.7489929199219, 369.9960021972656, 391.3009948730469)",193,6
3364,doc6_page194_5.png,"(142.4040069580078, 242.78900146484375, 195.2760009765625, 255.34100341796875)",194,6
3365,doc6_page194_6.png,"(177.9239959716797, 242.7889862060547, 179.4359893798828, 254.86099243164062)",194,6
3366,doc6_page194_7.png,"(160.16400146484375, 242.7889862060547, 161.67599487304688, 254.86099243164062)",194,6
3367,doc6_page194_9.png,"(142.4040069580078, 212.72900390625, 218.79600524902344, 225.281005859375)",194,6
3368,doc6_page194_10.png,"(195.6840057373047, 212.72898864746094, 197.1959991455078, 224.80099487304688)",194,6
3369,doc6_page194_11.png,"(177.9239959716797, 212.72898864746094, 179.4359893798828, 224.80099487304688)",194,6
3370,doc6_page194_12.png,"(160.16400146484375, 212.72898864746094, 161.67599487304688, 224.80099487304688)",194,6
3371,doc6_page194_13.png,"(213.9239959716797, 212.72898864746094, 215.4359893798828, 224.80099487304688)",194,6
3372,doc6_page194_14.png,"(142.4040069580078, 228.32901000976562, 211.59600830078125, 240.88101196289062)",194,6
3373,doc6_page194_15.png,"(195.6840057373047, 229.2889862060547, 197.1959991455078, 239.92098999023438)",194,6
3374,doc6_page194_16.png,"(177.9239959716797, 229.2889862060547, 179.4359893798828, 239.92098999023438)",194,6
3375,doc6_page194_17.png,"(160.16400146484375, 229.2889862060547, 161.67599487304688, 239.92098999023438)",194,6
3376,doc6_page194_18.png,"(142.4040069580078, 309.02899169921875, 235.59600830078125, 321.58099365234375)",194,6
3377,doc6_page194_19.png,"(195.6840057373047, 309.0290222167969, 197.1959991455078, 321.10101318359375)",194,6
3378,doc6_page194_20.png,"(177.9239959716797, 309.0290222167969, 179.4359893798828, 321.10101318359375)",194,6
3379,doc6_page194_21.png,"(160.16400146484375, 309.0290222167969, 161.67599487304688, 321.10101318359375)",194,6
3380,doc6_page194_22.png,"(213.9239959716797, 309.0290222167969, 215.4359893798828, 321.10101318359375)",194,6
3381,doc6_page194_23.png,"(232.16400146484375, 309.0290222167969, 233.67599487304688, 321.10101318359375)",194,6
3382,doc6_page194_24.png,"(142.4040069580078, 294.3290100097656, 161.19601440429688, 306.8810119628906)",194,6
3383,doc6_page194_25.png,"(160.16400146484375, 295.28900146484375, 161.67599487304688, 305.9209899902344)",194,6
3384,doc6_page194_26.png,"(142.4040069580078, 278.72900390625, 179.43600463867188, 291.281005859375)",194,6
3385,doc6_page194_27.png,"(177.9239959716797, 278.72900390625, 179.4359893798828, 290.8009948730469)",194,6
3386,doc6_page194_28.png,"(160.16400146484375, 278.72900390625, 161.67599487304688, 290.8009948730469)",194,6
3387,doc6_page194_41.png,"(142.4040069580078, 257.78900146484375, 221.19601440429688, 270.34100341796875)",194,6
3388,doc6_page194_42.png,"(195.6840057373047, 257.78900146484375, 197.1959991455078, 269.8609924316406)",194,6
3389,doc6_page194_43.png,"(177.9239959716797, 257.78900146484375, 179.4359893798828, 269.8609924316406)",194,6
3390,doc6_page194_44.png,"(160.16400146484375, 257.78900146484375, 161.67599487304688, 269.8609924316406)",194,6
3391,doc6_page194_45.png,"(213.9239959716797, 257.78900146484375, 215.4359893798828, 269.8609924316406)",194,6
3392,doc6_page194_48.jpeg,"(256.8840026855469, 462.02899169921875, 432.2040100097656, 617.2009887695312)",194,6
3393,doc6_page194_49.png,"(340.7040100097656, 144.68902587890625, 413.2560119628906, 157.24102783203125)",194,6
3394,doc6_page194_50.png,"(340.7040100097656, 160.16900634765625, 379.176025390625, 172.72100830078125)",194,6
3395,doc6_page194_52.png,"(340.7040100097656, 176.18899536132812, 360.9360046386719, 188.74099731445312)",194,6
3396,doc6_page195_4.jpeg,"(36.80400085449219, 361.64898681640625, 429.0360107421875, 619.0009765625)",195,6
3397,doc6_page196_7.jpeg,"(48.14400100708008, 462.02899169921875, 161.99000549316406, 616.6010131835938)",196,6
3398,doc6_page196_8.jpeg,"(48.14400100708008, 65.18899536132812, 159.09600830078125, 213.58099365234375)",196,6
3399,doc6_page197_5.jpeg,"(36.80400085449219, 268.22900390625, 150.72100830078125, 411.9410095214844)",197,6
3400,doc6_page197_6.jpeg,"(229.58399963378906, 492.14898681640625, 429.29998779296875, 593.260986328125)",197,6
3401,doc6_page200_8.jpeg,"(317.42401123046875, 42.509002685546875, 431.7560119628906, 188.02099609375)",200,6
3402,doc6_page200_9.jpeg,"(316.343994140625, 234.1490020751953, 431.97998046875, 386.5010070800781)",200,6
3403,doc6_page203_3.jpeg,"(36.80400085449219, 27.208999633789062, 420.39599609375, 265.1210021972656)",203,6
3404,doc6_page203_4.jpeg,"(246.56399536132812, 393.989013671875, 428.58001708984375, 617.9810180664062)",203,6
3405,doc6_page204_6.jpeg,"(316.40399169921875, 393.989013671875, 432.04998779296875, 568.4810180664062)",204,6
3406,doc6_page205_9.jpeg,"(36.80400085449219, 348.6289978027344, 141.57699584960938, 494.1409912109375)",205,6
3407,doc6_page207_7.jpeg,"(313.9440002441406, 253.9490203857422, 427.2959899902344, 437.86102294921875)",207,6
3408,doc6_page211_3.jpeg,"(28.284000396728516, 42.509002685546875, 198.75599670410156, 284.5010070800781)",211,6
3409,doc6_page211_5.jpeg,"(201.20399475097656, 456.3289794921875, 428.31597900390625, 618.4010009765625)",211,6
3410,doc6_page213_6.jpeg,"(219.98399353027344, 41.36901092529297, 428.8559875488281, 168.1610107421875)",213,6
3411,doc6_page213_7.jpeg,"(219.86399841308594, 228.3889923095703, 429.1730041503906, 383.7409973144531)",213,6
3412,doc6_page214_5.jpeg,"(47.06399917602539, 282.208984375, 158.33700561523438, 414.70098876953125)",214,6
3413,doc6_page214_6.jpeg,"(175.70399475097656, 439.3489685058594, 431.135986328125, 620.6209716796875)",214,6
3414,doc6_page220_4.jpeg,"(48.14400100708008, 84.98899841308594, 147.927001953125, 223.781005859375)",220,6
3415,doc6_page220_7.jpeg,"(158.7239990234375, 22.64898681640625, 430.95599365234375, 185.1409912109375)",220,6
3416,doc6_page221_7.jpeg,"(215.4239959716797, 242.66900634765625, 428.843017578125, 358.1210021972656)",221,6
3417,doc6_page222_9.png,"(358.28399658203125, 229.70901489257812, 405.39599609375, 242.26101684570312)",222,6
3418,doc6_page222_10.png,"(393.8039855957031, 230.1890106201172, 395.31597900390625, 242.26101684570312)",222,6
3419,doc6_page222_11.png,"(376.04400634765625, 230.1890106201172, 377.5559997558594, 242.26101684570312)",222,6
3420,doc6_page222_13.png,"(358.28399658203125, 198.20901489257812, 398.19598388671875, 210.76101684570312)",222,6
3421,doc6_page222_14.png,"(393.8039855957031, 198.6890106201172, 395.31597900390625, 210.76101684570312)",222,6
3422,doc6_page222_15.png,"(376.04400634765625, 198.6890106201172, 377.5559997558594, 210.76101684570312)",222,6
3423,doc6_page222_16.png,"(358.28399658203125, 213.92898559570312, 373.71600341796875, 226.48098754882812)",222,6
3424,doc6_page223_5.jpeg,"(303.2640075683594, 214.34901428222656, 418.9840087890625, 363.7610168457031)",223,6
3425,doc6_page224_5.jpeg,"(48.14400100708008, 155.84901428222656, 218.61599731445312, 382.72100830078125)",224,6
3426,doc6_page231_4.png,"(200.24400329589844, 27.149002075195312, 429.0360107421875, 181.96099853515625)",231,6
3427,doc6_page232_3.jpeg,"(39.624000549316406, 42.509002685546875, 244.85299682617188, 191.44100952148438)",232,6
3428,doc6_page232_5.jpeg,"(39.624000549316406, 425.1889953613281, 243.97201538085938, 574.9010009765625)",232,6
3429,doc6_page233_7.jpeg,"(304.9440002441406, 266.42901611328125, 420.69598388671875, 455.62103271484375)",233,6
3430,doc6_page234_6.jpeg,"(48.14400100708008, 420.02899169921875, 333.4560241699219, 618.7009887695312)",234,6
3431,doc6_page238_6.jpeg,"(48.14400100708008, 314.6090087890625, 161.49600219726562, 471.4010009765625)",238,6
3432,doc6_page239_6.jpeg,"(36.80400085449219, 42.50901794433594, 292.23602294921875, 221.38101196289062)",239,6
3433,doc6_page240_2.jpeg,"(39.624000549316406, 212.54901123046875, 181.5830078125, 319.60101318359375)",240,6
3434,doc6_page242_4.jpeg,"(39.624000549316406, 42.50898742675781, 295.0559997558594, 218.98098754882812)",242,6
3435,doc6_page243_8.jpeg,"(36.80400085449219, 276.7489929199219, 420.5159912109375, 511.2409973144531)",243,6
3436,doc6_page244_4.jpeg,"(48.14400100708008, 402.509033203125, 161.8679962158203, 556.4210205078125)",244,6
3437,doc6_page245_7.jpeg,"(314.60400390625, 42.50901794433594, 428.177001953125, 207.82101440429688)",245,6
3438,doc6_page245_9.jpeg,"(36.80400085449219, 42.50901794433594, 292.23602294921875, 216.10101318359375)",245,6
3439,doc6_page247_4.jpeg,"(36.80400085449219, 222.02902221679688, 223.2360076904297, 490.541015625)",247,6
3440,doc6_page247_6.jpeg,"(226.16400146484375, 224.489013671875, 402.9360046386719, 490.541015625)",247,6
3441,doc6_page250_3.png,"(47.42399978637695, 294.77398681640625, 364.9649963378906, 518.1069946289062)",250,6
3442,doc6_page250_4.jpeg,"(47.643001556396484, 294.7740478515625, 365.00701904296875, 517.738037109375)",250,6
3443,doc6_page250_5.png,"(47.643001556396484, 294.7740478515625, 365.00701904296875, 517.738037109375)",250,6
3444,doc6_page250_6.jpeg,"(51.04600143432617, 294.906982421875, 369.33099365234375, 525.2319946289062)",250,6
3445,doc6_page251_1.jpeg,"(36.80400085449219, 42.509002685546875, 263.4960021972656, 345.6409912109375)",251,6
3446,doc6_page253_7.jpeg,"(186.62399291992188, 323.9690246582031, 419.68499755859375, 472.4210205078125)",253,6
3447,doc6_page253_8.jpeg,"(28.284000396728516, 473.90899658203125, 283.47601318359375, 617.4409790039062)",253,6
3448,doc6_page256_5.jpeg,"(48.14400100708008, 75.32899475097656, 152.91700744628906, 227.74099731445312)",256,6
3449,doc6_page256_7.jpeg,"(47.124000549316406, 449.6090087890625, 310.2359924316406, 581.9210205078125)",256,6
3450,doc6_page256_8.jpeg,"(325.9440002441406, 277.76898193359375, 430.9930114746094, 416.68096923828125)",256,6
3451,doc6_page256_10.jpeg,"(325.9440002441406, 464.8489990234375, 431.12701416015625, 618.041015625)",256,6
3452,doc6_page257_7.jpeg,"(35.7239990234375, 231.26901245117188, 148.59600830078125, 383.5010070800781)",257,6
3453,doc6_page258_3.jpeg,"(235.76400756835938, 341.968994140625, 432.6669921875, 476.6209716796875)",258,6
3454,doc6_page258_7.jpeg,"(48.14400100708008, 480.989013671875, 224.1669921875, 616.541015625)",258,6
3455,doc6_page258_8.jpeg,"(238.4040069580078, 480.98895263671875, 433.60101318359375, 617.6209716796875)",258,6
3456,doc6_page259_2.jpeg,"(36.80400085449219, 42.50898742675781, 178.95599365234375, 203.86099243164062)",259,6
3457,doc6_page259_4.jpeg,"(229.58399963378906, 493.16900634765625, 428.3760070800781, 617.0809936523438)",259,6
3458,doc6_page260_3.jpeg,"(238.04400634765625, 41.489013671875, 425.0159912109375, 168.1610107421875)",260,6
3459,doc6_page260_5.jpeg,"(48.14400100708008, 41.12901306152344, 225.2760009765625, 225.94100952148438)",260,6
3460,doc6_page261_7.jpeg,"(240.9239959716797, 42.509002685546875, 428.58697509765625, 183.22100830078125)",261,6
3461,doc6_page263_6.jpeg,"(306.0840148925781, 406.9490051269531, 419.4360046386719, 553.9010009765625)",263,6
3462,doc6_page263_8.jpeg,"(28.284000396728516, 406.948974609375, 281.7959899902344, 582.9409790039062)",263,6
3463,doc6_page267_4.jpeg,"(36.56399917602539, 96.02899169921875, 145.11599731445312, 249.70098876953125)",267,6
3464,doc6_page267_6.jpeg,"(36.80400085449219, 362.78900146484375, 144.69000244140625, 511.9010009765625)",267,6
3465,doc6_page267_7.jpeg,"(155.843994140625, 446.0689697265625, 417.4530029296875, 617.5609741210938)",267,6
3466,doc6_page268_7.jpeg,"(282.4440002441406, 30.029006958007812, 432.0360107421875, 256.1210021972656)",268,6
3467,doc6_page270_6.jpeg,"(48.14400100708008, 42.50898742675781, 275.3710021972656, 201.6409912109375)",270,6
3468,doc6_page270_9.jpeg,"(306.0840148925781, 42.509002685546875, 421.3990173339844, 201.281005859375)",270,6
3469,doc6_page270_10.jpeg,"(48.14400100708008, 390.14898681640625, 161.49600219726562, 540.4609985351562)",270,6
3470,doc6_page271_9.jpeg,"(228.38400268554688, 42.50898742675781, 420.6289978027344, 173.86099243164062)",271,6
3471,doc6_page271_10.jpeg,"(36.80400085449219, 365.6090087890625, 152.1490020751953, 548.9210205078125)",271,6
3472,doc6_page272_6.jpeg,"(48.14400100708008, 266.4289855957031, 164.8699951171875, 413.1409912109375)",272,6
3473,doc6_page274_4.jpeg,"(48.14400100708008, 42.50901794433594, 150.47100830078125, 179.26101684570312)",274,6
3474,doc6_page274_5.jpeg,"(48.14400100708008, 246.56898498535156, 149.92799377441406, 389.9209899902344)",274,6
3475,doc6_page274_6.jpeg,"(331.6440124511719, 450.68902587890625, 430.7080078125, 581.8610229492188)",274,6
3476,doc6_page275_6.jpeg,"(249.38400268554688, 42.50901794433594, 419.85601806640625, 280.6610107421875)",275,6
3477,doc6_page277_6.jpeg,"(265.28399658203125, 368.4889831542969, 420.39599609375, 618.8809814453125)",277,6
3478,doc6_page278_4.jpeg,"(48.14400100708008, 42.509002685546875, 190.29598999023438, 201.22100830078125)",278,6
3479,doc6_page278_8.jpeg,"(48.14400100708008, 453.50897216796875, 275.2560119628906, 618.9409790039062)",278,6
3480,doc6_page279_6.jpeg,"(172.88400268554688, 42.509002685546875, 428.3160095214844, 177.22100830078125)",279,6
3481,doc6_page279_8.jpeg,"(35.784000396728516, 439.3490295410156, 244.65599060058594, 592.301025390625)",279,6
3482,doc6_page279_9.jpeg,"(259.5840148925781, 439.3489990234375, 420.56103515625, 592.6010131835938)",279,6
3483,doc6_page280_4.jpeg,"(48.14400100708008, 408.1490173339844, 287.2560119628906, 510.1610107421875)",280,6
3484,doc6_page280_6.jpeg,"(232.4040069580078, 42.509002685546875, 431.1960144042969, 190.9010009765625)",280,6
3485,doc6_page281_7.jpeg,"(285.92401123046875, 238.04898071289062, 428.07598876953125, 441.8809814453125)",281,6
3486,doc6_page281_9.jpeg,"(218.24400329589844, 447.80902099609375, 428.07598876953125, 584.6810302734375)",281,6
3487,doc6_page282_4.jpeg,"(39.624000549316406, 209.72901916503906, 295.0559997558594, 360.041015625)",282,6
3488,doc6_page282_5.jpeg,"(39.624000549316406, 42.50901794433594, 244.656005859375, 192.82101440429688)",282,6
3489,doc6_page282_7.jpeg,"(39.624000549316406, 436.52899169921875, 165.3389892578125, 616.6010131835938)",282,6
3490,doc6_page283_8.jpeg,"(294.7439880371094, 195.5690155029297, 420.6889953613281, 357.041015625)",283,6
3491,doc6_page284_5.jpeg,"(53.36399841308594, 288.8690185546875, 153.69100952148438, 376.72100830078125)",284,6
3492,doc6_page284_7.jpeg,"(163.04400634765625, 288.8689880371094, 294.9880065917969, 377.7409973144531)",284,6
3493,doc6_page284_9.jpeg,"(305.1239929199219, 288.8690185546875, 423.59100341796875, 375.22100830078125)",284,6
3494,doc6_page284_12.jpeg,"(291.92401123046875, 16.948989868164062, 431.03399658203125, 213.58099365234375)",284,6
3495,doc6_page286_8.jpeg,"(48.14400100708008, 346.8890380859375, 219.13400268554688, 460.36102294921875)",286,6
3496,doc6_page286_10.jpeg,"(224.24400329589844, 346.8890380859375, 394.4649963378906, 460.36102294921875)",286,6
3497,doc6_page286_11.jpeg,"(48.14400100708008, 465.5090026855469, 218.67599487304688, 573.281005859375)",286,6
3498,doc6_page286_13.jpeg,"(224.24400329589844, 465.5090026855469, 416.4960021972656, 573.281005859375)",286,6
3499,doc7_page0_0.png,"(103.14114379882812, 47.278018951416016, 295.15106201171875, 180.32601928710938)",0,7
3500,doc7_page0_1.png,"(276.1811218261719, 21.631004333496094, 433.530029296875, 148.2550048828125)",0,7
3501,doc7_page0_2.png,"(121.79864501953125, 147.9420166015625, 313.7840576171875, 280.8580017089844)",0,7
3502,doc7_page0_3.png,"(294.837646484375, 115.87103271484375, 486.82305908203125, 248.78701782226562)",0,7
3503,doc7_page0_4.png,"(140.43112182617188, 248.4739990234375, 332.4410400390625, 381.5220031738281)",0,7
3504,doc7_page0_5.png,"(313.4701232910156, 216.40301513671875, 505.48004150390625, 349.4510192871094)",0,7
3505,doc7_page0_6.png,"(159.087646484375, 349.13702392578125, 351.07305908203125, 482.0530090332031)",0,7
3506,doc7_page0_7.jpeg,"(37.70904541015625, 295.5633239746094, 499.95404052734375, 628.059326171875)",0,7
3507,doc7_page0_8.png,"(377.0, 43.0, 412.0, 65.0)",0,7
3508,doc7_page0_9.png,"(377.0, 58.0, 412.0, 78.0)",0,7
3509,doc7_page0_11.png,"(0.0, 0.0, 0.0, 0.0)",0,7
3510,doc7_page0_12.png,"(0.0, 0.0, 0.0, 0.0)",0,7
3511,doc7_page0_13.png,"(0.0, 0.0, 0.0, 0.0)",0,7
3512,doc7_page0_14.png,"(0.0, 0.0, 0.0, 0.0)",0,7
3513,doc7_page0_15.png,"(0.0, 0.0, 0.0, 0.0)",0,7
3514,doc7_page1_9.png,"(96.77850341796875, 478.401123046875, 145.27520751953125, 526.8978271484375)",1,7
3515,doc7_page4_6.png,"(42.31439971923828, 478.3999938964844, 217.994384765625, 495.44000244140625)",4,7
3516,doc7_page4_7.png,"(218.47999572753906, 478.3999938964844, 394.15997314453125, 495.44000244140625)",4,7
3517,doc7_page4_8.png,"(42.31439971923828, 496.25799560546875, 217.994384765625, 512.8179931640625)",4,7
3518,doc7_page4_9.png,"(218.47999572753906, 496.25799560546875, 394.15997314453125, 512.8179931640625)",4,7
3519,doc7_page4_10.png,"(42.31439971923828, 513.63671875, 217.994384765625, 530.1967163085938)",4,7
3520,doc7_page4_11.png,"(218.47999572753906, 513.63671875, 394.15997314453125, 530.1967163085938)",4,7
3521,doc7_page4_12.png,"(42.31439971923828, 531.215087890625, 217.994384765625, 547.5350952148438)",4,7
3522,doc7_page4_13.png,"(218.47999572753906, 531.215087890625, 394.15997314453125, 547.5350952148438)",4,7
3523,doc7_page4_14.png,"(42.31439971923828, 548.593505859375, 217.994384765625, 564.9135131835938)",4,7
3524,doc7_page4_15.png,"(218.47999572753906, 548.593505859375, 394.15997314453125, 564.9135131835938)",4,7
3525,doc7_page9_6.png,"(87.07849884033203, 393.6960144042969, 439.63848876953125, 410.73602294921875)",9,7
3526,doc7_page9_7.png,"(86.53489685058594, 423.7430114746094, 164.05490112304688, 440.78302001953125)",9,7
3527,doc7_page9_8.png,"(86.53489685058594, 464.5620422363281, 164.05490112304688, 513.5220336914062)",9,7
3528,doc7_page9_9.png,"(86.53489685058594, 538.54541015625, 164.05490112304688, 564.4653930664062)",9,7
3529,doc7_page9_10.png,"(171.57400512695312, 538.54541015625, 289.8940124511719, 564.4653930664062)",9,7
3530,doc7_page9_11.png,"(298.8500061035156, 538.54541015625, 439.7300109863281, 564.4653930664062)",9,7
3531,doc7_page9_12.png,"(171.57400512695312, 464.5620422363281, 245.25399780273438, 513.5220336914062)",9,7
3532,doc7_page9_13.png,"(254.06199645996094, 464.5620422363281, 335.1820068359375, 513.5220336914062)",9,7
3533,doc7_page9_14.png,"(342.2200012207031, 464.5620422363281, 439.6600036621094, 513.5220336914062)",9,7
3534,doc7_page9_15.png,"(171.57400512695312, 423.7430114746094, 245.25399780273438, 440.78302001953125)",9,7
3535,doc7_page9_16.png,"(254.06199645996094, 423.7430114746094, 335.1820068359375, 440.78302001953125)",9,7
3536,doc7_page9_17.png,"(342.2200012207031, 423.7430114746094, 439.6600036621094, 440.78302001953125)",9,7
3537,doc7_page10_6.jpeg,"(258.0369873046875, 454.43707275390625, 322.35699462890625, 533.8770751953125)",10,7
3538,doc7_page10_7.jpeg,"(114.38800048828125, 353.9450378417969, 178.22799682617188, 432.905029296875)",10,7
3539,doc7_page10_8.jpeg,"(114.17900085449219, 454.4371337890625, 178.49899291992188, 534.1171264648438)",10,7
3540,doc7_page10_9.jpeg,"(329.96600341796875, 353.5240478515625, 394.2860107421875, 433.44403076171875)",10,7
3541,doc7_page10_10.jpeg,"(42.219200134277344, 353.76800537109375, 106.53919982910156, 432.968017578125)",10,7
3542,doc7_page10_11.jpeg,"(258.0369873046875, 353.5240478515625, 322.35699462890625, 433.44403076171875)",10,7
3543,doc7_page10_12.jpeg,"(42.57099914550781, 454.43951416015625, 106.247802734375, 534.2731323242188)",10,7
3544,doc7_page10_13.jpeg,"(186.07699584960938, 353.7380065917969, 250.39700317382812, 433.1780090332031)",10,7
3545,doc7_page10_14.jpeg,"(186.10800170898438, 454.4371337890625, 250.42800903320312, 534.3571166992188)",10,7
3546,doc7_page11_14.png,"(116.00399780273438, 160.8979949951172, 195.9239959716797, 189.697998046875)",11,7
3547,doc7_page11_15.png,"(116.00399780273438, 190.51602172851562, 195.9239959716797, 207.07601928710938)",11,7
3548,doc7_page11_16.png,"(116.00399780273438, 207.89401245117188, 195.9239959716797, 224.45401000976562)",11,7
3549,doc7_page11_17.png,"(116.00399780273438, 225.47299194335938, 195.9239959716797, 241.79299926757812)",11,7
3550,doc7_page11_18.png,"(116.00399780273438, 242.85101318359375, 195.9239959716797, 259.1710205078125)",11,7
3551,doc7_page11_19.png,"(196.4340057373047, 160.8979949951172, 274.91400146484375, 189.697998046875)",11,7
3552,doc7_page11_20.png,"(196.4340057373047, 190.51602172851562, 274.91400146484375, 207.07601928710938)",11,7
3553,doc7_page11_21.png,"(196.4340057373047, 207.89401245117188, 274.91400146484375, 224.45401000976562)",11,7
3554,doc7_page11_22.png,"(196.4340057373047, 225.47299194335938, 274.91400146484375, 241.79299926757812)",11,7
3555,doc7_page11_23.png,"(196.4340057373047, 242.85101318359375, 274.91400146484375, 259.1710205078125)",11,7
3556,doc7_page11_24.png,"(275.5199890136719, 160.8979949951172, 371.03997802734375, 189.697998046875)",11,7
3557,doc7_page11_25.png,"(275.5199890136719, 190.51602172851562, 371.03997802734375, 207.07601928710938)",11,7
3558,doc7_page11_26.png,"(275.5199890136719, 207.89401245117188, 371.03997802734375, 224.45401000976562)",11,7
3559,doc7_page11_27.png,"(275.5199890136719, 225.47299194335938, 371.03997802734375, 241.79299926757812)",11,7
3560,doc7_page11_28.png,"(275.5199890136719, 242.85101318359375, 371.03997802734375, 259.1710205078125)",11,7
3561,doc7_page11_29.png,"(371.614990234375, 160.8979949951172, 440.2550048828125, 189.697998046875)",11,7
3562,doc7_page11_30.png,"(371.614990234375, 190.51602172851562, 440.2550048828125, 207.07601928710938)",11,7
3563,doc7_page11_31.png,"(371.614990234375, 207.89401245117188, 440.2550048828125, 224.45401000976562)",11,7
3564,doc7_page11_32.png,"(371.614990234375, 225.47299194335938, 440.2550048828125, 241.79299926757812)",11,7
3565,doc7_page11_33.png,"(371.614990234375, 242.85101318359375, 440.2550048828125, 259.1710205078125)",11,7
3566,doc7_page11_34.png,"(143.60400390625, 172.4180145263672, 166.64401245117188, 178.89801025390625)",11,7
3567,doc7_page11_36.png,"(143.60400390625, 172.4180145263672, 166.64401245117188, 178.89801025390625)",11,7
3568,doc7_page11_37.png,"(203.3939971923828, 172.4180145263672, 260.03399658203125, 180.3380126953125)",11,7
3569,doc7_page11_39.png,"(203.3939971923828, 172.4180145263672, 260.03399658203125, 180.3380126953125)",11,7
3570,doc7_page11_40.png,"(260.27398681640625, 171.21800231933594, 263.15399169921875, 175.29800415039062)",11,7
3571,doc7_page11_42.png,"(260.27398681640625, 171.21800231933594, 263.15399169921875, 175.29800415039062)",11,7
3572,doc7_page11_43.png,"(282.0, 166.65802001953125, 360.4800109863281, 175.05801391601562)",11,7
3573,doc7_page11_45.png,"(282.0, 166.65802001953125, 360.4800109863281, 175.05801391601562)",11,7
3574,doc7_page11_46.png,"(282.239990234375, 177.45802307128906, 360.0, 185.37802124023438)",11,7
3575,doc7_page11_48.png,"(282.239990234375, 177.45802307128906, 360.0, 185.37802124023438)",11,7
3576,doc7_page11_49.png,"(390.81500244140625, 166.8980255126953, 416.2550048828125, 173.37802124023438)",11,7
3577,doc7_page11_51.png,"(390.81500244140625, 166.8980255126953, 416.2550048828125, 173.37802124023438)",11,7
3578,doc7_page11_52.png,"(379.2950134277344, 177.93801879882812, 426.81500244140625, 186.3380126953125)",11,7
3579,doc7_page11_54.png,"(379.2950134277344, 177.93801879882812, 426.81500244140625, 186.3380126953125)",11,7
3580,doc7_page11_55.png,"(125.1240005493164, 194.8360137939453, 176.4840087890625, 203.47601318359375)",11,7
3581,doc7_page11_57.png,"(125.1240005493164, 194.8360137939453, 176.4840087890625, 203.47601318359375)",11,7
3582,doc7_page11_58.png,"(225.23399353027344, 195.55601501464844, 244.43399047851562, 202.75601196289062)",11,7
3583,doc7_page11_60.png,"(225.23399353027344, 195.55601501464844, 244.43399047851562, 202.75601196289062)",11,7
3584,doc7_page11_61.png,"(317.0400085449219, 195.55601501464844, 327.6000061035156, 202.75601196289062)",11,7
3585,doc7_page11_63.png,"(317.0400085449219, 195.55601501464844, 327.6000061035156, 202.75601196289062)",11,7
3586,doc7_page11_64.png,"(401.614990234375, 195.55601501464844, 410.2550048828125, 201.7960205078125)",11,7
3587,doc7_page11_66.png,"(401.614990234375, 195.55601501464844, 410.2550048828125, 201.7960205078125)",11,7
3588,doc7_page11_67.png,"(125.36399841308594, 212.21401977539062, 184.6439971923828, 220.3740234375)",11,7
3589,doc7_page11_69.png,"(125.36399841308594, 212.21401977539062, 184.6439971923828, 220.3740234375)",11,7
3590,doc7_page11_70.png,"(226.91400146484375, 212.9340057373047, 241.79400634765625, 220.13400268554688)",11,7
3591,doc7_page11_72.png,"(226.91400146484375, 212.9340057373047, 241.79400634765625, 220.13400268554688)",11,7
3592,doc7_page11_73.png,"(317.760009765625, 212.9340057373047, 327.8399963378906, 220.13400268554688)",11,7
3593,doc7_page11_75.png,"(317.760009765625, 212.9340057373047, 327.8399963378906, 220.13400268554688)",11,7
3594,doc7_page11_76.png,"(401.614990234375, 212.9340057373047, 410.4949951171875, 219.17401123046875)",11,7
3595,doc7_page11_78.png,"(401.614990234375, 212.9340057373047, 410.4949951171875, 219.17401123046875)",11,7
3596,doc7_page11_79.png,"(125.84400177001953, 229.79302978515625, 183.92401123046875, 238.19302368164062)",11,7
3597,doc7_page11_81.png,"(125.84400177001953, 229.79302978515625, 183.92401123046875, 238.19302368164062)",11,7
3598,doc7_page11_82.png,"(225.23399353027344, 230.2730255126953, 244.19400024414062, 237.4730224609375)",11,7
3599,doc7_page11_84.png,"(225.23399353027344, 230.2730255126953, 244.19400024414062, 237.4730224609375)",11,7
3600,doc7_page11_85.png,"(317.0400085449219, 230.2730255126953, 327.8399963378906, 237.4730224609375)",11,7
3601,doc7_page11_87.png,"(317.0400085449219, 230.2730255126953, 327.8399963378906, 237.4730224609375)",11,7
3602,doc7_page11_88.png,"(401.614990234375, 230.2729949951172, 410.2550048828125, 236.51300048828125)",11,7
3603,doc7_page11_90.png,"(401.614990234375, 230.2729949951172, 410.2550048828125, 236.51300048828125)",11,7
3604,doc7_page11_91.png,"(125.84400177001953, 247.41102600097656, 155.60400390625, 255.33102416992188)",11,7
3605,doc7_page11_93.png,"(125.84400177001953, 247.41102600097656, 155.60400390625, 255.33102416992188)",11,7
3606,doc7_page11_94.png,"(225.23399353027344, 247.65101623535156, 244.43399047851562, 254.85101318359375)",11,7
3607,doc7_page11_96.png,"(225.23399353027344, 247.65101623535156, 244.43399047851562, 254.85101318359375)",11,7
3608,doc7_page11_97.png,"(317.760009765625, 247.65101623535156, 327.8399963378906, 254.85101318359375)",11,7
3609,doc7_page11_99.png,"(317.760009765625, 247.65101623535156, 327.8399963378906, 254.85101318359375)",11,7
3610,doc7_page11_100.png,"(401.8550109863281, 247.65101623535156, 410.4950256347656, 253.89102172851562)",11,7
3611,doc7_page11_102.png,"(401.8550109863281, 247.65101623535156, 410.4950256347656, 253.89102172851562)",11,7
3612,doc7_page12_4.jpeg,"(162.05999755859375, 75.70101928710938, 431.1000061035156, 234.82101440429688)",12,7
3613,doc7_page13_4.jpeg,"(246.6840057373047, 75.42900848388672, 439.1639099121094, 194.46900939941406)",13,7
3614,doc7_page13_5.jpeg,"(50.193599700927734, 74.63402557373047, 227.6016082763672, 195.21002197265625)",13,7
3615,doc7_page16_5.jpeg,"(308.14898681640625, 343.2205810546875, 445.90899658203125, 566.1806030273438)",16,7
3616,doc7_page19_5.jpeg,"(50.19219970703125, 76.73698425292969, 316.59210205078125, 232.2570037841797)",19,7
3617,doc7_page23_9.png,"(376.7760009765625, 503.0560302734375, 390.45599365234375, 516.7360229492188)",23,7
3618,doc7_page23_11.png,"(376.7760009765625, 525.288330078125, 390.45599365234375, 538.9683227539062)",23,7
3619,doc7_page23_13.png,"(376.7760009765625, 549.0625, 390.45599365234375, 562.7424926757812)",23,7
3620,doc7_page23_16.png,"(92.16690063476562, 511.75531005859375, 128.16690063476562, 523.7553100585938)",23,7
3621,doc7_page23_17.png,"(89.76699829101562, 483.1949768066406, 128.1669921875, 512.2349853515625)",23,7
3622,doc7_page23_18.png,"(88.72699737548828, 512.0919799804688, 101.68699645996094, 516.1719970703125)",23,7
3623,doc7_page23_19.png,"(96.16690063476562, 549.2922973632812, 160.72689819335938, 565.372314453125)",23,7
3624,doc7_page23_20.jpeg,"(87.76699829101562, 515.6923217773438, 169.36700439453125, 549.7723388671875)",23,7
3625,doc7_page23_21.png,"(128.71600341796875, 483.1950378417969, 155.11599731445312, 493.2750244140625)",23,7
3626,doc7_page23_22.png,"(128.71600341796875, 492.7953186035156, 168.55599975585938, 523.7553100585938)",23,7
3627,doc7_page23_27.png,"(197.03799438476562, 495.08251953125, 224.15798950195312, 523.8825073242188)",23,7
3628,doc7_page23_28.png,"(196.3179931640625, 483.322998046875, 224.15798950195312, 495.56298828125)",23,7
3629,doc7_page23_29.png,"(191.7689971923828, 549.510498046875, 218.40899658203125, 564.1505126953125)",23,7
3630,doc7_page23_30.jpeg,"(182.88900756835938, 494.79046630859375, 223.44900512695312, 549.990478515625)",23,7
3631,doc7_page23_31.png,"(224.4739990234375, 483.3110046386719, 250.87399291992188, 493.8710021972656)",23,7
3632,doc7_page23_32.jpeg,"(216.79400634765625, 493.3905334472656, 264.55401611328125, 564.6705322265625)",23,7
3633,doc7_page23_37.png,"(296.885009765625, 521.8600463867188, 320.1650085449219, 523.780029296875)",23,7
3634,doc7_page23_38.jpeg,"(279.6050109863281, 483.22003173828125, 320.1650085449219, 522.3400268554688)",23,7
3635,doc7_page23_39.png,"(279.6050109863281, 521.6890258789062, 303.3650207519531, 523.6090087890625)",23,7
3636,doc7_page23_40.png,"(288.7250061035156, 549.7689819335938, 318.4850158691406, 564.6489868164062)",23,7
3637,doc7_page23_41.png,"(279.6050109863281, 523.1290283203125, 320.1650085449219, 550.2490234375)",23,7
3638,doc7_page23_42.png,"(320.4739990234375, 483.2090148925781, 347.833984375, 493.7690124511719)",23,7
3639,doc7_page23_43.jpeg,"(318.0740051269531, 493.2890319824219, 361.5140075683594, 564.8090209960938)",23,7
3640,doc7_page24_3.jpeg,"(251.61399841308594, 75.75201416015625, 395.13201904296875, 241.81301879882812)",24,7
3641,doc7_page26_12.png,"(312.60198974609375, 460.4519958496094, 444.84197998046875, 477.49200439453125)",26,7
3642,doc7_page26_13.png,"(312.60198974609375, 478.30999755859375, 444.84197998046875, 494.8699951171875)",26,7
3643,doc7_page26_14.png,"(312.60198974609375, 495.68798828125, 444.84197998046875, 512.2479858398438)",26,7
3644,doc7_page26_15.png,"(312.60198974609375, 513.2667846679688, 444.84197998046875, 529.5867919921875)",26,7
3645,doc7_page26_16.png,"(312.60198974609375, 530.6452026367188, 444.84197998046875, 546.9652099609375)",26,7
3646,doc7_page26_17.png,"(312.60198974609375, 547.9835815429688, 444.84197998046875, 564.5435791015625)",26,7
3647,doc7_page26_18.png,"(253.07400512695312, 460.4519958496094, 311.6340026855469, 477.49200439453125)",26,7
3648,doc7_page26_19.png,"(253.07400512695312, 478.30999755859375, 311.6340026855469, 494.8699951171875)",26,7
3649,doc7_page26_20.png,"(253.07400512695312, 495.68798828125, 311.6340026855469, 512.2479858398438)",26,7
3650,doc7_page26_21.png,"(253.07400512695312, 513.2667846679688, 311.6340026855469, 529.5867919921875)",26,7
3651,doc7_page26_22.png,"(253.07400512695312, 530.6452026367188, 311.6340026855469, 546.9652099609375)",26,7
3652,doc7_page26_23.png,"(253.07400512695312, 547.9835815429688, 311.6340026855469, 564.5435791015625)",26,7
3653,doc7_page28_9.jpeg,"(251.50900268554688, 75.69801330566406, 431.7490234375, 205.05801391601562)",28,7
3654,doc7_page29_13.png,"(116.00700378417969, 368.92901611328125, 243.927001953125, 397.72900390625)",29,7
3655,doc7_page29_14.png,"(116.00700378417969, 398.5469970703125, 243.927001953125, 415.10699462890625)",29,7
3656,doc7_page29_15.png,"(116.00700378417969, 415.926025390625, 243.927001953125, 432.48602294921875)",29,7
3657,doc7_page29_16.png,"(116.00700378417969, 433.5039978027344, 243.927001953125, 449.8240051269531)",29,7
3658,doc7_page29_17.png,"(116.00700378417969, 450.88299560546875, 243.927001953125, 467.2030029296875)",29,7
3659,doc7_page29_18.png,"(244.6999969482422, 368.92901611328125, 348.6199951171875, 397.72900390625)",29,7
3660,doc7_page29_19.png,"(244.6999969482422, 398.5469970703125, 348.6199951171875, 415.10699462890625)",29,7
3661,doc7_page29_20.png,"(244.6999969482422, 415.926025390625, 348.6199951171875, 432.48602294921875)",29,7
3662,doc7_page29_21.png,"(244.6999969482422, 433.5039978027344, 348.6199951171875, 449.8240051269531)",29,7
3663,doc7_page29_22.png,"(244.6999969482422, 450.88299560546875, 348.6199951171875, 467.2030029296875)",29,7
3664,doc7_page29_23.png,"(349.2980041503906, 368.92901611328125, 440.49798583984375, 397.72900390625)",29,7
3665,doc7_page29_24.png,"(349.2980041503906, 398.5469970703125, 440.49798583984375, 415.10699462890625)",29,7
3666,doc7_page29_25.png,"(349.2980041503906, 415.926025390625, 440.49798583984375, 432.48602294921875)",29,7
3667,doc7_page29_26.png,"(349.2980041503906, 433.5039978027344, 440.49798583984375, 449.8240051269531)",29,7
3668,doc7_page29_27.png,"(349.2980041503906, 450.88299560546875, 440.49798583984375, 467.2030029296875)",29,7
3669,doc7_page29_28.png,"(164.2469940185547, 380.208984375, 196.40699768066406, 388.8489990234375)",29,7
3670,doc7_page29_30.png,"(164.2469940185547, 380.208984375, 196.40699768066406, 388.8489990234375)",29,7
3671,doc7_page29_31.png,"(259.82000732421875, 375.1689758300781, 333.9800109863281, 381.64898681640625)",29,7
3672,doc7_page29_33.png,"(259.82000732421875, 375.1689758300781, 333.9800109863281, 381.64898681640625)",29,7
3673,doc7_page29_34.png,"(281.4200134277344, 385.9690246582031, 311.9000244140625, 394.1290283203125)",29,7
3674,doc7_page29_36.png,"(281.4200134277344, 385.9690246582031, 311.9000244140625, 394.1290283203125)",29,7
3675,doc7_page29_37.png,"(360.8179931640625, 380.6889953613281, 428.25799560546875, 388.8489990234375)",29,7
3676,doc7_page29_39.png,"(360.8179931640625, 380.6889953613281, 428.25799560546875, 388.8489990234375)",29,7
3677,doc7_page29_40.png,"(124.88700103759766, 403.3470153808594, 165.927001953125, 411.50701904296875)",29,7
3678,doc7_page29_42.png,"(124.88700103759766, 403.3470153808594, 165.927001953125, 411.50701904296875)",29,7
3679,doc7_page29_43.png,"(289.82000732421875, 403.5870056152344, 303.02001953125, 410.0670166015625)",29,7
3680,doc7_page29_45.png,"(289.82000732421875, 403.5870056152344, 303.02001953125, 410.0670166015625)",29,7
3681,doc7_page29_46.png,"(381.4580078125, 403.5870056152344, 407.3780212402344, 409.8270263671875)",29,7
3682,doc7_page29_48.png,"(381.4580078125, 403.5870056152344, 407.3780212402344, 409.8270263671875)",29,7
3683,doc7_page29_49.png,"(125.60700225830078, 420.72601318359375, 195.20700073242188, 428.8860168457031)",29,7
3684,doc7_page29_51.png,"(125.60700225830078, 420.72601318359375, 195.20700073242188, 428.8860168457031)",29,7
3685,doc7_page29_52.png,"(287.6600036621094, 420.96600341796875, 304.2200012207031, 427.4460144042969)",29,7
3686,doc7_page29_54.png,"(287.6600036621094, 420.96600341796875, 304.2200012207031, 427.4460144042969)",29,7
3687,doc7_page29_55.png,"(379.77801513671875, 420.96600341796875, 409.53802490234375, 427.4460144042969)",29,7
3688,doc7_page29_57.png,"(379.77801513671875, 420.96600341796875, 409.53802490234375, 427.4460144042969)",29,7
3689,doc7_page29_58.png,"(125.12699890136719, 438.3039855957031, 169.52700805664062, 446.4639892578125)",29,7
3690,doc7_page29_60.png,"(125.12699890136719, 438.3039855957031, 169.52700805664062, 446.4639892578125)",29,7
3691,doc7_page29_61.png,"(287.6600036621094, 438.3039855957031, 305.17999267578125, 444.78399658203125)",29,7
3692,doc7_page29_63.png,"(287.6600036621094, 438.3039855957031, 305.17999267578125, 444.78399658203125)",29,7
3693,doc7_page29_64.png,"(379.77801513671875, 438.3039855957031, 409.2980041503906, 444.78399658203125)",29,7
3694,doc7_page29_66.png,"(379.77801513671875, 438.3039855957031, 409.2980041503906, 444.78399658203125)",29,7
3695,doc7_page29_67.png,"(125.60700225830078, 455.6830139160156, 157.76699829101562, 462.16302490234375)",29,7
3696,doc7_page29_69.png,"(125.60700225830078, 455.6830139160156, 157.76699829101562, 462.16302490234375)",29,7
3697,doc7_page29_70.png,"(288.1400146484375, 455.6830139160156, 305.6600036621094, 462.16302490234375)",29,7
3698,doc7_page29_72.png,"(288.1400146484375, 455.6830139160156, 305.6600036621094, 462.16302490234375)",29,7
3699,doc7_page29_73.png,"(379.2980041503906, 455.6830139160156, 409.2980041503906, 462.16302490234375)",29,7
3700,doc7_page29_75.png,"(379.2980041503906, 455.6830139160156, 409.2980041503906, 462.16302490234375)",29,7
3701,doc7_page30_3.jpeg,"(237.92434692382812, 75.98344421386719, 430.55169677734375, 180.71653747558594)",30,7
3702,doc7_page30_4.jpeg,"(41.34370040893555, 75.14199829101562, 218.94371032714844, 181.70199584960938)",30,7
3703,doc7_page33_5.jpeg,"(86.74230194091797, 274.7690124511719, 193.84230041503906, 396.2690124511719)",33,7
3704,doc7_page33_7.jpeg,"(86.96119689941406, 445.8197021484375, 193.658203125, 566.0067138671875)",33,7
3705,doc7_page34_5.jpeg,"(250.9600067138672, 433.98687744140625, 431.75201416015625, 566.1788940429688)",34,7
3706,doc7_page36_4.jpeg,"(267.1669921875, 75.83401489257812, 444.64697265625, 205.29000854492188)",36,7
3707,doc7_page36_6.jpeg,"(42.59077072143555, 76.79164123535156, 249.29249572753906, 204.1524200439453)",36,7
3708,doc7_page37_3.jpeg,"(70.59929656982422, 76.2593994140625, 172.700927734375, 206.39857482910156)",37,7
3709,doc7_page37_4.jpeg,"(70.8023910522461, 244.40106201171875, 172.47702026367188, 374.5569763183594)",37,7
3710,doc7_page37_5.jpeg,"(70.63748931884766, 434.2173767089844, 172.64193725585938, 564.5408325195312)",37,7
3711,doc7_page42_8.jpeg,"(251.4980010986328, 75.71902465820312, 431.7860107421875, 202.05502319335938)",42,7
3712,doc7_page44_4.jpeg,"(41.36029815673828, 75.95899963378906, 235.97628784179688, 219.38299560546875)",44,7
3713,doc7_page44_6.jpeg,"(252.34800720214844, 75.781005859375, 416.50799560546875, 217.62100219726562)",44,7
3714,doc7_page45_6.jpeg,"(248.6009979248047, 422.05499267578125, 440.1210021972656, 565.593994140625)",45,7
3715,doc7_page45_7.jpeg,"(35.584999084472656, 422.04119873046875, 230.01400756835938, 565.4891967773438)",45,7
3716,doc7_page46_6.jpeg,"(288.2170104980469, 428.2784118652344, 394.9210205078125, 565.9904174804688)",46,7
3717,doc7_page49_14.jpeg,"(113.26799774169922, 451.3927001953125, 255.10800170898438, 563.9547119140625)",49,7
3718,doc7_page49_16.jpeg,"(275.0604248046875, 451.2389831542969, 346.3435974121094, 564.4005126953125)",49,7
3719,doc7_page51_8.png,"(36.5989990234375, 508.5354309082031, 93.23909759521484, 565.175537109375)",51,7
3720,doc7_page51_9.jpeg,"(117.5663070678711, 466.20733642578125, 287.36273193359375, 565.0264892578125)",51,7
3721,doc7_page53_4.png,"(359.510986328125, 186.05801391601562, 439.6709899902344, 202.61801147460938)",53,7
3722,doc7_page53_5.png,"(359.510986328125, 207.176025390625, 439.6709899902344, 223.73602294921875)",53,7
3723,doc7_page53_6.png,"(359.510986328125, 226.87701416015625, 439.6709899902344, 243.43701171875)",53,7
3724,doc7_page53_7.png,"(359.510986328125, 248.13702392578125, 439.6709899902344, 264.697021484375)",53,7
3725,doc7_page53_8.png,"(266.5350036621094, 185.66201782226562, 320.7749938964844, 202.22201538085938)",53,7
3726,doc7_page53_9.png,"(87.668701171875, 186.05801391601562, 158.94869995117188, 202.61801147460938)",53,7
3727,doc7_page53_10.png,"(87.668701171875, 206.9210205078125, 158.94869995117188, 223.48101806640625)",53,7
3728,doc7_page53_11.png,"(87.668701171875, 227.78500366210938, 158.94869995117188, 244.34500122070312)",53,7
3729,doc7_page53_12.png,"(87.668701171875, 248.64801025390625, 158.94869995117188, 265.2080078125)",53,7
3730,doc7_page53_13.png,"(87.668701171875, 269.510009765625, 158.94869995117188, 286.07000732421875)",53,7
3731,doc7_page53_14.png,"(87.668701171875, 290.3740234375, 158.94869995117188, 306.93402099609375)",53,7
3732,doc7_page53_15.png,"(172.70799255371094, 186.05801391601562, 258.14801025390625, 202.61801147460938)",53,7
3733,doc7_page53_16.png,"(172.70799255371094, 206.9210205078125, 258.14801025390625, 223.48101806640625)",53,7
3734,doc7_page53_17.png,"(172.70799255371094, 227.78500366210938, 258.14801025390625, 244.34500122070312)",53,7
3735,doc7_page53_18.png,"(172.70799255371094, 248.64801025390625, 258.14801025390625, 265.2080078125)",53,7
3736,doc7_page53_19.png,"(172.70799255371094, 269.510009765625, 258.14801025390625, 286.07000732421875)",53,7
3737,doc7_page53_20.png,"(172.70799255371094, 290.3740234375, 258.14801025390625, 306.93402099609375)",53,7
3738,doc7_page53_21.png,"(109.8499984741211, 164.08999633789062, 224.3300018310547, 181.1300048828125)",53,7
3739,doc7_page53_22.png,"(165.52999877929688, 164.08999633789062, 166.72999572753906, 181.1300048828125)",53,7
3740,doc7_page53_23.png,"(336.5509948730469, 164.08999633789062, 439.510986328125, 181.1300048828125)",53,7
3741,doc7_page53_24.png,"(344.95098876953125, 164.08999633789062, 346.1510009765625, 181.1300048828125)",53,7
3742,doc7_page53_25.png,"(87.668701171875, 108.10601806640625, 195.90869140625, 124.666015625)",53,7
3743,doc7_page53_26.png,"(87.668701171875, 139.28701782226562, 319.98870849609375, 155.84701538085938)",53,7
3744,doc7_page53_27.png,"(293.1090087890625, 154.40701293945312, 294.30902099609375, 155.84701538085938)",53,7
3745,doc7_page53_28.png,"(165.4290008544922, 154.8870086669922, 166.62899780273438, 155.84701538085938)",53,7
3746,doc7_page53_29.png,"(211.8260040283203, 108.10601806640625, 320.0660095214844, 124.666015625)",53,7
3747,doc7_page53_30.png,"(336.5509948730469, 108.10601806640625, 439.031005859375, 124.666015625)",53,7
3748,doc7_page53_31.png,"(336.5509948730469, 139.28701782226562, 439.031005859375, 155.84701538085938)",53,7
3749,doc7_page53_32.png,"(344.95098876953125, 154.8870086669922, 346.1510009765625, 155.84701538085938)",53,7
3750,doc7_page53_33.png,"(87.668701171875, 76.21598052978516, 439.5086975097656, 93.2559814453125)",53,7
3751,doc7_page54_7.png,"(42.03099822998047, 484.62103271484375, 150.27099609375, 513.4210205078125)",54,7
3752,doc7_page54_8.png,"(151.447998046875, 484.62103271484375, 205.68800354003906, 513.4210205078125)",54,7
3753,doc7_page54_9.png,"(206.7239990234375, 484.62103271484375, 306.3240051269531, 513.4210205078125)",54,7
3754,doc7_page54_10.png,"(307.35400390625, 484.62103271484375, 394.2340087890625, 513.4210205078125)",54,7
3755,doc7_page54_11.png,"(42.03099822998047, 514.2388305664062, 150.27099609375, 530.798828125)",54,7
3756,doc7_page54_12.png,"(151.447998046875, 514.2388305664062, 205.68800354003906, 530.798828125)",54,7
3757,doc7_page54_13.png,"(206.7239990234375, 514.2388305664062, 306.3240051269531, 530.798828125)",54,7
3758,doc7_page54_14.png,"(307.35400390625, 514.2388305664062, 394.2340087890625, 530.798828125)",54,7
3759,doc7_page54_15.png,"(42.03099822998047, 531.6171875, 150.27099609375, 548.1771850585938)",54,7
3760,doc7_page54_16.png,"(151.447998046875, 531.6171875, 205.68800354003906, 548.1771850585938)",54,7
3761,doc7_page54_17.png,"(206.7239990234375, 531.6171875, 306.3240051269531, 548.1771850585938)",54,7
3762,doc7_page54_18.png,"(307.35400390625, 531.6171875, 394.2340087890625, 548.1771850585938)",54,7
3763,doc7_page54_19.png,"(42.03099822998047, 549.1956176757812, 150.27099609375, 565.515625)",54,7
3764,doc7_page54_20.png,"(151.447998046875, 549.1956176757812, 205.68800354003906, 565.515625)",54,7
3765,doc7_page54_21.png,"(206.7239990234375, 549.1956176757812, 306.3240051269531, 565.515625)",54,7
3766,doc7_page54_22.png,"(307.35400390625, 549.1956176757812, 394.2340087890625, 565.515625)",54,7
3767,doc7_page55_4.jpeg,"(50.1239013671875, 388.5240173339844, 230.36390686035156, 566.1240234375)",55,7
3768,doc7_page56_2.jpeg,"(308.3800048828125, 70.62303161621094, 445.635986328125, 249.83102416992188)",56,7
3769,doc7_page57_4.jpeg,"(51.04629898071289, 422.15472412109375, 229.60629272460938, 564.7147216796875)",57,7
3770,doc7_page59_3.jpeg,"(56.00130081176758, 437.2744140625, 193.39129638671875, 563.83642578125)",59,7
3771,doc7_page64_7.jpeg,"(328.57501220703125, 212.1383819580078, 430.44097900390625, 311.3633117675781)",64,7
3772,doc7_page64_8.jpeg,"(327.67498779296875, 75.81400299072266, 431.594970703125, 176.85400390625)",64,7
3773,doc7_page66_8.jpeg,"(289.3239440917969, 76.99240112304688, 393.85101318359375, 212.74960327148438)",66,7
3774,doc7_page66_9.jpeg,"(166.42562866210938, 76.83367919921875, 271.1343688964844, 212.77330017089844)",66,7
3775,doc7_page66_10.jpeg,"(42.551395416259766, 76.83511352539062, 147.2000274658203, 212.73895263671875)",66,7
3776,doc7_page69_7.jpeg,"(296.43798828125, 431.19110107421875, 439.9580078125, 566.0711059570312)",69,7
3777,doc7_page69_8.jpeg,"(50.88750076293945, 432.0326232910156, 277.44757080078125, 565.236083984375)",69,7
3778,doc7_page72_9.jpeg,"(252.0956268310547, 76.67935943603516, 444.7803955078125, 186.888671875)",72,7
3779,doc7_page72_10.jpeg,"(42.3119010925293, 76.62897491455078, 218.2212677001953, 186.91102600097656)",72,7
3780,doc7_page75_9.jpeg,"(50.33089828491211, 207.5800018310547, 153.96290588378906, 339.6090087890625)",75,7
3781,doc7_page75_10.jpeg,"(50.96979904174805, 377.1326599121094, 152.9967803955078, 507.16302490234375)",75,7
3782,doc7_page77_15.jpeg,"(306.84967041015625, 466.22039794921875, 403.0943603515625, 565.3438110351562)",77,7
3783,doc7_page77_16.jpeg,"(50.23830032348633, 465.1277160644531, 190.7823028564453, 566.042724609375)",77,7
3784,doc7_page77_18.jpeg,"(210.1179962158203, 465.17633056640625, 286.3659973144531, 566.04833984375)",77,7
3785,doc7_page79_5.png,"(36.876800537109375, 508.5354309082031, 93.51689910888672, 565.175537109375)",79,7
3786,doc7_page79_6.jpeg,"(113.5501708984375, 381.0956115722656, 218.20883178710938, 565.0325927734375)",79,7
3787,doc7_page82_3.jpeg,"(254.00900268554688, 75.59501647949219, 445.71099853515625, 181.20501708984375)",82,7
3788,doc7_page82_4.jpeg,"(42.39408493041992, 76.87178802490234, 234.91162109375, 181.16000366210938)",82,7
3789,doc7_page84_4.jpeg,"(327.7659912109375, 75.61901092529297, 431.4840087890625, 202.07000732421875)",84,7
3790,doc7_page85_5.jpeg,"(51.044898986816406, 76.8380126953125, 229.60494995117188, 206.91799926757812)",85,7
3791,doc7_page89_8.jpeg,"(50.14889907836914, 372.2804260253906, 191.9888916015625, 566.680419921875)",89,7
3792,doc7_page90_5.jpeg,"(342.73199462890625, 75.79200744628906, 445.8240051269531, 207.6820068359375)",90,7
3793,doc7_page91_7.jpeg,"(86.65299987792969, 416.10589599609375, 193.9739990234375, 565.5639038085938)",91,7
3794,doc7_page91_8.jpeg,"(212.5989990234375, 424.5703125, 317.47900390625, 565.4503173828125)",91,7
3795,doc7_page91_9.jpeg,"(333.36700439453125, 416.1566162109375, 440.44500732421875, 565.5426025390625)",91,7
3796,doc7_page92_4.jpeg,"(41.44060134887695, 75.50701904296875, 148.48060607910156, 213.62701416015625)",92,7
3797,doc7_page92_5.jpeg,"(164.7480010986328, 75.51200866699219, 271.7879943847656, 213.75201416015625)",92,7
3798,doc7_page92_6.jpeg,"(288.05499267578125, 75.46601867675781, 395.0950012207031, 213.70602416992188)",92,7
3799,doc7_page93_5.jpeg,"(50.7849006652832, 76.74302673339844, 229.34494018554688, 184.2630157470703)",93,7
3800,doc7_page94_6.jpeg,"(328.0270080566406, 75.99600219726562, 431.4670104980469, 205.11599731445312)",94,7
3801,doc7_page94_7.jpeg,"(327.63800048828125, 250.53700256347656, 431.5579833984375, 382.7770080566406)",94,7
3802,doc7_page105_5.png,"(36.876800537109375, 508.5354309082031, 93.51689910888672, 565.175537109375)",105,7
3803,doc7_page105_6.jpeg,"(115.41799926757812, 465.1534118652344, 275.7380065917969, 566.1934204101562)",105,7
3804,doc7_page108_4.jpeg,"(307.8080139160156, 75.73701477050781, 431.5760192871094, 230.6090087890625)",108,7
3805,doc7_page108_6.jpeg,"(307.81500244140625, 275.8690185546875, 431.36700439453125, 407.84503173828125)",108,7
3806,doc7_page109_3.jpeg,"(37.04119873046875, 74.03001403808594, 160.59320068359375, 240.03302001953125)",109,7
3807,doc7_page109_4.jpeg,"(177.78199768066406, 73.94099426269531, 440.34197998046875, 240.02099609375)",109,7
3808,doc7_page111_4.jpeg,"(51.029300689697266, 437.6748046875, 320.3092956542969, 566.5548095703125)",111,7
3809,doc7_page114_9.jpeg,"(342.9389953613281, 76.70195770263672, 445.1123046875, 192.6160430908203)",114,7
3810,doc7_page116_5.png,"(349.4519958496094, 113.73299407958984, 363.1319885253906, 127.41299438476562)",116,7
3811,doc7_page116_6.png,"(349.4519958496094, 133.54800415039062, 363.1319885253906, 147.22799682617188)",116,7
3812,doc7_page116_7.png,"(349.4519958496094, 153.36300659179688, 363.1319885253906, 167.04299926757812)",116,7
3813,doc7_page116_11.png,"(277.03900146484375, 83.3440170288086, 295.27899169921875, 126.30401611328125)",116,7
3814,doc7_page116_12.png,"(280.5870056152344, 165.5390167236328, 302.9070129394531, 168.17901611328125)",116,7
3815,doc7_page116_13.jpeg,"(252.02699279785156, 87.77901458740234, 302.6669921875, 166.01901245117188)",116,7
3816,doc7_page116_14.png,"(295.8030090332031, 83.29898071289062, 324.1230163574219, 94.5789794921875)",116,7
3817,doc7_page116_15.jpeg,"(295.8030090332031, 94.0989990234375, 338.28302001953125, 167.53900146484375)",116,7
3818,doc7_page117_5.jpeg,"(51.167396545410156, 454.7762451171875, 229.44747924804688, 564.9719848632812)",117,7
3819,doc7_page119_5.jpeg,"(35.99879837036133, 75.63700103759766, 173.80679321289062, 182.34100341796875)",119,7
3820,doc7_page119_8.jpeg,"(36.9838981628418, 380.65802001953125, 173.2799072265625, 566.4180297851562)",119,7
3821,doc7_page122_4.jpeg,"(226.51194763183594, 76.77481842041016, 444.6739501953125, 181.65914916992188)",122,7
3822,doc7_page122_5.jpeg,"(42.45249938964844, 76.6290283203125, 206.61245727539062, 181.51116943359375)",122,7
3823,doc7_page123_15.png,"(116.00700378417969, 337.8009948730469, 189.68701171875, 373.08099365234375)",123,7
3824,doc7_page123_16.png,"(190.55799865722656, 337.8009948730469, 308.39801025390625, 373.08099365234375)",123,7
3825,doc7_page123_17.png,"(309.3299865722656, 356.0409851074219, 383.0099792480469, 373.08099365234375)",123,7
3826,doc7_page123_18.png,"(383.7829895019531, 356.0409851074219, 439.7030029296875, 373.08099365234375)",123,7
3827,doc7_page123_19.png,"(309.3299865722656, 337.7279968261719, 439.6499938964844, 354.76800537109375)",123,7
3828,doc7_page123_20.png,"(116.00700378417969, 373.8990173339844, 189.68701171875, 390.4590148925781)",123,7
3829,doc7_page123_21.png,"(190.55799865722656, 373.8990173339844, 308.39801025390625, 390.4590148925781)",123,7
3830,doc7_page123_22.png,"(309.3299865722656, 373.8990173339844, 383.0099792480469, 390.4590148925781)",123,7
3831,doc7_page123_23.png,"(383.8810119628906, 373.8990173339844, 439.5610046386719, 390.4590148925781)",123,7
3832,doc7_page123_24.png,"(116.00700378417969, 391.2760009765625, 189.68701171875, 407.83599853515625)",123,7
3833,doc7_page123_25.png,"(190.55799865722656, 391.2760009765625, 308.39801025390625, 407.83599853515625)",123,7
3834,doc7_page123_26.png,"(309.3299865722656, 391.2760009765625, 383.0099792480469, 407.83599853515625)",123,7
3835,doc7_page123_27.png,"(383.8810119628906, 391.2760009765625, 439.5610046386719, 407.83599853515625)",123,7
3836,doc7_page123_28.png,"(116.00700378417969, 408.85498046875, 189.68701171875, 425.17498779296875)",123,7
3837,doc7_page123_29.png,"(190.55799865722656, 408.85498046875, 308.39801025390625, 425.17498779296875)",123,7
3838,doc7_page123_30.png,"(309.3299865722656, 408.85498046875, 383.0099792480469, 425.17498779296875)",123,7
3839,doc7_page123_31.png,"(383.8810119628906, 408.85498046875, 439.5610046386719, 425.17498779296875)",123,7
3840,doc7_page123_32.png,"(116.00700378417969, 426.2330017089844, 189.68701171875, 442.5530090332031)",123,7
3841,doc7_page123_33.png,"(190.55799865722656, 426.2330017089844, 308.39801025390625, 442.5530090332031)",123,7
3842,doc7_page123_34.png,"(309.3299865722656, 426.2330017089844, 383.0099792480469, 442.5530090332031)",123,7
3843,doc7_page123_35.png,"(383.8810119628906, 426.2330017089844, 439.5610046386719, 442.5530090332031)",123,7
3844,doc7_page123_36.png,"(116.00700378417969, 443.75201416015625, 189.68701171875, 460.072021484375)",123,7
3845,doc7_page123_37.png,"(190.55799865722656, 443.75201416015625, 308.39801025390625, 460.072021484375)",123,7
3846,doc7_page123_38.png,"(309.3299865722656, 443.75201416015625, 383.0099792480469, 460.072021484375)",123,7
3847,doc7_page123_39.png,"(383.8810119628906, 443.75201416015625, 439.5610046386719, 460.072021484375)",123,7
3848,doc7_page123_40.png,"(148.16700744628906, 352.9209899902344, 158.7270050048828, 359.4010009765625)",123,7
3849,doc7_page123_42.png,"(148.16700744628906, 352.9209899902344, 158.7270050048828, 359.4010009765625)",123,7
3850,doc7_page123_43.png,"(218.63800048828125, 347.4010009765625, 280.5579833984375, 355.5610046386719)",123,7
3851,doc7_page123_45.png,"(218.63800048828125, 347.4010009765625, 280.5579833984375, 355.5610046386719)",123,7
3852,doc7_page123_46.png,"(202.55799865722656, 357.96099853515625, 296.87799072265625, 366.84100341796875)",123,7
3853,doc7_page123_48.png,"(202.55799865722656, 357.96099853515625, 296.87799072265625, 366.84100341796875)",123,7
3854,doc7_page123_49.png,"(329.9700012207031, 342.76800537109375, 418.04998779296875, 351.64801025390625)",123,7
3855,doc7_page123_51.png,"(329.9700012207031, 342.76800537109375, 418.04998779296875, 351.64801025390625)",123,7
3856,doc7_page123_52.png,"(327.3299865722656, 361.3210144042969, 364.5299987792969, 369.48101806640625)",123,7
3857,doc7_page123_54.png,"(327.3299865722656, 361.3210144042969, 364.5299987792969, 369.48101806640625)",123,7
3858,doc7_page123_55.png,"(407.5429992675781, 361.3210144042969, 414.50299072265625, 367.801025390625)",123,7
3859,doc7_page123_57.png,"(407.5429992675781, 361.3210144042969, 414.50299072265625, 367.801025390625)",123,7
3860,doc7_page123_58.png,"(144.8070068359375, 379.1789855957031, 162.08700561523438, 385.65899658203125)",123,7
3861,doc7_page123_60.png,"(144.8070068359375, 379.1789855957031, 162.08700561523438, 385.65899658203125)",123,7
3862,doc7_page123_61.png,"(244.3179931640625, 379.41900634765625, 255.1179962158203, 386.6190185546875)",123,7
3863,doc7_page123_63.png,"(244.3179931640625, 379.41900634765625, 255.1179962158203, 386.6190185546875)",123,7
3864,doc7_page123_64.png,"(340.5299987792969, 379.17901611328125, 351.3299865722656, 386.6190185546875)",123,7
3865,doc7_page123_66.png,"(340.5299987792969, 379.17901611328125, 351.3299865722656, 386.6190185546875)",123,7
3866,doc7_page123_67.png,"(403.5610046386719, 379.17901611328125, 417.2409973144531, 386.6190185546875)",123,7
3867,doc7_page123_69.png,"(403.5610046386719, 379.17901611328125, 417.2409973144531, 386.6190185546875)",123,7
3868,doc7_page123_70.png,"(144.8070068359375, 397.2760009765625, 162.08700561523438, 403.5159912109375)",123,7
3869,doc7_page123_72.png,"(144.8070068359375, 397.2760009765625, 162.08700561523438, 403.5159912109375)",123,7
3870,doc7_page123_73.png,"(241.91799926757812, 397.2760009765625, 256.7980041503906, 404.71600341796875)",123,7
3871,doc7_page123_75.png,"(241.91799926757812, 397.2760009765625, 256.7980041503906, 404.71600341796875)",123,7
3872,doc7_page123_76.png,"(338.8500061035156, 397.2760009765625, 353.4900207519531, 404.71600341796875)",123,7
3873,doc7_page123_78.png,"(338.8500061035156, 397.2760009765625, 353.4900207519531, 404.71600341796875)",123,7
3874,doc7_page123_79.png,"(403.8009948730469, 397.2760009765625, 418.6809997558594, 404.71600341796875)",123,7
3875,doc7_page123_81.png,"(403.8009948730469, 397.2760009765625, 418.6809997558594, 404.71600341796875)",123,7
3876,doc7_page123_82.png,"(144.8070068359375, 415.0950012207031, 162.08700561523438, 421.57501220703125)",123,7
3877,doc7_page123_84.png,"(144.8070068359375, 415.0950012207031, 162.08700561523438, 421.57501220703125)",123,7
3878,doc7_page123_85.png,"(240.23800659179688, 415.0950012207031, 259.197998046875, 422.5350036621094)",123,7
3879,doc7_page123_87.png,"(240.23800659179688, 415.0950012207031, 259.197998046875, 422.5350036621094)",123,7
3880,doc7_page123_88.png,"(338.3699951171875, 415.0950012207031, 353.25, 422.5350036621094)",123,7
3881,doc7_page123_90.png,"(338.3699951171875, 415.0950012207031, 353.25, 422.5350036621094)",123,7
3882,doc7_page123_91.png,"(403.8009948730469, 415.0950012207031, 418.4410095214844, 422.5350036621094)",123,7
3883,doc7_page123_93.png,"(403.8009948730469, 415.0950012207031, 418.4410095214844, 422.5350036621094)",123,7
3884,doc7_page123_94.png,"(144.8070068359375, 431.7530212402344, 162.08700561523438, 437.9930114746094)",123,7
3885,doc7_page123_96.png,"(144.8070068359375, 431.7530212402344, 162.08700561523438, 437.9930114746094)",123,7
3886,doc7_page123_97.png,"(239.75799560546875, 431.75299072265625, 259.43798828125, 438.9530029296875)",123,7
3887,doc7_page123_99.png,"(239.75799560546875, 431.75299072265625, 259.43798828125, 438.9530029296875)",123,7
3888,doc7_page123_100.png,"(336.69000244140625, 431.75299072265625, 355.6499938964844, 438.9530029296875)",123,7
3889,doc7_page123_102.png,"(336.69000244140625, 431.75299072265625, 355.6499938964844, 438.9530029296875)",123,7
3890,doc7_page123_103.png,"(403.5610046386719, 431.75299072265625, 418.6809997558594, 438.9530029296875)",123,7
3891,doc7_page123_105.png,"(403.5610046386719, 431.75299072265625, 418.6809997558594, 438.9530029296875)",123,7
3892,doc7_page123_106.png,"(144.8070068359375, 449.5119934082031, 162.08700561523438, 455.99200439453125)",123,7
3893,doc7_page123_108.png,"(144.8070068359375, 449.5119934082031, 162.08700561523438, 455.99200439453125)",123,7
3894,doc7_page123_109.png,"(239.75799560546875, 449.51202392578125, 259.197998046875, 456.9520263671875)",123,7
3895,doc7_page123_111.png,"(239.75799560546875, 449.51202392578125, 259.197998046875, 456.9520263671875)",123,7
3896,doc7_page123_112.png,"(335.9700012207031, 449.75201416015625, 355.6499938964844, 456.9520263671875)",123,7
3897,doc7_page123_114.png,"(335.9700012207031, 449.75201416015625, 355.6499938964844, 456.9520263671875)",123,7
3898,doc7_page123_115.png,"(403.5610046386719, 449.51202392578125, 418.9209899902344, 456.9520263671875)",123,7
3899,doc7_page123_117.png,"(403.5610046386719, 449.51202392578125, 418.9209899902344, 456.9520263671875)",123,7
3900,doc7_page124_3.jpeg,"(289.5298767089844, 76.32390594482422, 445.192138671875, 178.54022216796875)",124,7
3901,doc7_page124_4.jpeg,"(42.5620002746582, 76.52401733398438, 269.1220703125, 178.28399658203125)",124,7
3902,doc7_page125_4.jpeg,"(36.942867279052734, 248.2382049560547, 172.73558044433594, 358.5429992675781)",125,7
3903,doc7_page125_6.jpeg,"(36.90439987182617, 431.7555236816406, 172.7444305419922, 562.0789794921875)",125,7
3904,doc7_page127_13.png,"(116.05599975585938, 322.2560119628906, 269.416015625, 339.2960205078125)",127,7
3905,doc7_page127_14.png,"(270.54400634765625, 322.2560119628906, 440.2239990234375, 339.2960205078125)",127,7
3906,doc7_page127_15.png,"(116.05599975585938, 340.1150207519531, 269.416015625, 356.6750183105469)",127,7
3907,doc7_page127_16.png,"(270.54400634765625, 340.1150207519531, 440.2239990234375, 356.6750183105469)",127,7
3908,doc7_page127_17.png,"(116.05599975585938, 357.49200439453125, 269.416015625, 374.052001953125)",127,7
3909,doc7_page127_18.png,"(270.54400634765625, 357.49200439453125, 440.2239990234375, 374.052001953125)",127,7
3910,doc7_page127_19.png,"(116.05599975585938, 375.07098388671875, 269.416015625, 391.3909912109375)",127,7
3911,doc7_page127_20.png,"(270.54400634765625, 375.07098388671875, 440.2239990234375, 391.3909912109375)",127,7
3912,doc7_page127_21.png,"(116.05599975585938, 392.4490051269531, 269.416015625, 408.7690124511719)",127,7
3913,doc7_page127_22.png,"(270.54400634765625, 392.4490051269531, 440.2239990234375, 408.7690124511719)",127,7
3914,doc7_page127_23.png,"(182.7760009765625, 327.7760009765625, 203.89599609375, 334.2560119628906)",127,7
3915,doc7_page127_25.png,"(182.7760009765625, 327.7760009765625, 203.89599609375, 334.2560119628906)",127,7
3916,doc7_page127_26.png,"(280.864013671875, 327.2959899902344, 429.18402099609375, 335.9360046386719)",127,7
3917,doc7_page127_28.png,"(280.864013671875, 327.2959899902344, 429.18402099609375, 335.9360046386719)",127,7
3918,doc7_page127_29.png,"(125.41600036621094, 345.155029296875, 148.21600341796875, 352.83502197265625)",127,7
3919,doc7_page127_31.png,"(125.41600036621094, 345.155029296875, 148.21600341796875, 352.83502197265625)",127,7
3920,doc7_page127_32.png,"(344.7040100097656, 345.3949890136719, 364.6240234375, 352.5950012207031)",127,7
3921,doc7_page127_34.png,"(344.7040100097656, 345.3949890136719, 364.6240234375, 352.5950012207031)",127,7
3922,doc7_page127_35.png,"(125.65599822998047, 362.5320129394531, 141.25599670410156, 369.01202392578125)",127,7
3923,doc7_page127_37.png,"(125.65599822998047, 362.5320129394531, 141.25599670410156, 369.01202392578125)",127,7
3924,doc7_page127_38.png,"(345.1839904785156, 362.7720031738281, 364.6239929199219, 369.9720153808594)",127,7
3925,doc7_page127_40.png,"(345.1839904785156, 362.7720031738281, 364.6239929199219, 369.9720153808594)",127,7
3926,doc7_page127_41.png,"(125.1760025024414, 379.8710021972656, 150.13600158691406, 388.031005859375)",127,7
3927,doc7_page127_43.png,"(125.1760025024414, 379.8710021972656, 150.13600158691406, 388.031005859375)",127,7
3928,doc7_page127_44.png,"(345.66400146484375, 380.1109924316406, 364.6239929199219, 387.3110046386719)",127,7
3929,doc7_page127_46.png,"(345.66400146484375, 380.1109924316406, 364.6239929199219, 387.3110046386719)",127,7
3930,doc7_page127_47.png,"(125.65599822998047, 397.2489929199219, 178.6959991455078, 405.40899658203125)",127,7
3931,doc7_page127_49.png,"(125.65599822998047, 397.2489929199219, 178.6959991455078, 405.40899658203125)",127,7
3932,doc7_page127_50.png,"(345.66400146484375, 397.489013671875, 364.6239929199219, 404.68902587890625)",127,7
3933,doc7_page127_52.png,"(345.66400146484375, 397.489013671875, 364.6239929199219, 404.68902587890625)",127,7
3934,doc7_page128_3.jpeg,"(267.2212219238281, 76.6298599243164, 445.6387939453125, 189.76821899414062)",128,7
3935,doc7_page128_4.jpeg,"(42.67573165893555, 76.56635284423828, 246.60894775390625, 189.656005859375)",128,7
3936,doc7_page130_5.png,"(287.0509948730469, 88.14801025390625, 300.7309875488281, 130.86801147460938)",130,7
3937,doc7_page130_6.png,"(281.8110046386719, 90.14799499511719, 299.8110046386719, 130.947998046875)",130,7
3938,doc7_page130_7.png,"(294.77099609375, 129.1479949951172, 299.09100341796875, 132.50799560546875)",130,7
3939,doc7_page130_8.png,"(264.0509948730469, 92.90802001953125, 297.6510009765625, 129.62802124023438)",130,7
3940,doc7_page130_9.png,"(254.81100463867188, 107.62802124023438, 296.8110046386719, 132.3480224609375)",130,7
3941,doc7_page130_10.png,"(254.81100463867188, 131.8679962158203, 298.4909973144531, 141.947998046875)",130,7
3942,doc7_page130_11.png,"(301.1709899902344, 88.14801788330078, 330.45098876953125, 99.90802001953125)",130,7
3943,doc7_page130_12.png,"(264.6910095214844, 161.82801818847656, 336.6910095214844, 179.5880126953125)",130,7
3944,doc7_page130_13.jpeg,"(255.81100463867188, 99.42800903320312, 346.291015625, 162.30801391601562)",130,7
3945,doc7_page130_14.png,"(354.3179931640625, 82.83599090576172, 367.99798583984375, 96.5159912109375)",130,7
3946,doc7_page130_16.png,"(354.3179931640625, 104.94600677490234, 367.99798583984375, 118.62600708007812)",130,7
3947,doc7_page130_18.png,"(354.3179931640625, 126.20601654052734, 367.99798583984375, 139.88601684570312)",130,7
3948,doc7_page130_20.png,"(354.3380126953125, 170.16299438476562, 367.0580139160156, 182.88299560546875)",130,7
3949,doc7_page130_22.png,"(354.3179931640625, 146.89901733398438, 367.99798583984375, 160.57901000976562)",130,7
3950,doc7_page131_4.jpeg,"(240.95205688476562, 76.97683715820312, 439.2680358886719, 204.23121643066406)",131,7
3951,doc7_page131_5.jpeg,"(51.065406799316406, 76.85778045654297, 220.95181274414062, 204.240234375)",131,7
3952,doc7_page132_7.png,"(357.3340148925781, 96.21703338623047, 371.0140075683594, 109.89703369140625)",132,7
3953,doc7_page132_9.png,"(357.3340148925781, 128.15802001953125, 371.0140075683594, 141.8380126953125)",132,7
3954,doc7_page132_11.png,"(357.5740051269531, 154.98501586914062, 371.2539978027344, 168.66500854492188)",132,7
3955,doc7_page132_13.png,"(262.04901123046875, 116.00701904296875, 299.968994140625, 128.72702026367188)",132,7
3956,doc7_page132_14.png,"(259.64898681640625, 86.24700164794922, 299.968994140625, 116.48699951171875)",132,7
3957,doc7_page132_15.png,"(257.40899658203125, 116.29002380371094, 296.76898193359375, 128.77001953125)",132,7
3958,doc7_page132_16.png,"(267.489013671875, 156.61001586914062, 299.8890075683594, 171.73001098632812)",132,7
3959,doc7_page132_17.png,"(257.40899658203125, 128.2899932861328, 299.8890075683594, 157.08999633789062)",132,7
3960,doc7_page132_18.png,"(300.5010070800781, 86.57901763916016, 329.0610046386719, 97.6190185546875)",132,7
3961,doc7_page132_19.jpeg,"(300.5010070800781, 97.13902282714844, 343.22100830078125, 171.77902221679688)",132,7
3962,doc7_page133_4.jpeg,"(50.06890106201172, 428.57427978515625, 230.54888916015625, 566.3342895507812)",133,7
3963,doc7_page135_8.jpeg,"(279.8590087890625, 75.6600112915039, 440.18902587890625, 179.44601440429688)",135,7
3964,doc7_page135_9.jpeg,"(68.10399627685547, 76.5752182006836, 260.5838928222656, 178.52076721191406)",135,7
3965,doc7_page137_3.jpeg,"(248.25900268554688, 75.58902740478516, 440.0050048828125, 193.6500244140625)",137,7
3966,doc7_page137_4.jpeg,"(36.03310012817383, 75.6290054321289, 230.43309020996094, 192.50900268554688)",137,7
3967,doc7_page141_6.jpeg,"(65.61479949951172, 429.22894287109375, 152.97476196289062, 565.0689697265625)",141,7
3968,doc7_page142_6.jpeg,"(252.17372131347656, 76.73963928222656, 430.496337890625, 170.1044158935547)",142,7
3969,doc7_page143_7.jpeg,"(87.89022827148438, 423.6336669921875, 192.30438232421875, 565.1103515625)",143,7
3970,doc7_page145_4.jpeg,"(90.9166030883789, 79.72801208496094, 190.03660583496094, 229.24801635742188)",145,7
3971,doc7_page145_5.jpeg,"(88.15750122070312, 314.97503662109375, 193.0395050048828, 460.2490234375)",145,7
3972,doc7_page149_6.jpeg,"(70.93460083007812, 435.29449462890625, 172.84481811523438, 565.421875)",149,7
3973,doc7_page151_12.jpeg,"(70.04969787597656, 414.10455322265625, 173.72970581054688, 566.0245361328125)",151,7
3974,doc7_page153_4.jpeg,"(88.62750244140625, 76.95860290527344, 192.86416625976562, 238.16246032714844)",153,7
3975,doc7_page155_7.jpeg,"(263.7111511230469, 76.60549926757812, 439.3487854003906, 189.82260131835938)",155,7
3976,doc7_page155_8.jpeg,"(51.211326599121094, 76.6090316772461, 243.59619140625, 189.8889923095703)",155,7
3977,doc7_page156_5.jpeg,"(288.8702392578125, 76.96000671386719, 393.0778503417969, 206.87322998046875)",156,7
3978,doc7_page156_6.jpeg,"(289.7746276855469, 246.1849365234375, 393.67730712890625, 348.0371398925781)",156,7
3979,doc7_page157_6.jpeg,"(50.065101623535156, 75.74801635742188, 193.58511352539062, 219.02801513671875)",157,7
3980,doc7_page159_3.jpeg,"(222.70700073242188, 425.38232421875, 439.906982421875, 566.0223388671875)",159,7
3981,doc7_page159_5.jpeg,"(36.05149841308594, 425.3687744140625, 153.89149475097656, 566.0087890625)",159,7
3982,doc7_page162_4.jpeg,"(328.6579284667969, 76.63829040527344, 430.464111328125, 206.8247528076172)",162,7
3983,doc7_page162_5.jpeg,"(328.7642822265625, 242.9384002685547, 430.44866943359375, 373.07757568359375)",162,7
3984,doc7_page166_3.png,"(388.37298583984375, 508.5354309082031, 445.0130920410156, 565.175537109375)",166,7
3985,doc7_page166_4.jpeg,"(268.3789978027344, 75.65299987792969, 445.8590087890625, 213.96499633789062)",166,7
3986,doc7_page167_7.png,"(363.4219970703125, 456.7750244140625, 377.10198974609375, 470.45501708984375)",167,7
3987,doc7_page167_9.png,"(363.9419860839844, 474.8780212402344, 376.6619873046875, 487.5980224609375)",167,7
3988,doc7_page167_11.png,"(363.9419860839844, 491.96099853515625, 376.6619873046875, 504.6809997558594)",167,7
3989,doc7_page167_13.png,"(363.4219970703125, 548.61669921875, 377.10198974609375, 562.2966918945312)",167,7
3990,doc7_page167_15.png,"(363.4219970703125, 528.82080078125, 377.10198974609375, 542.5007934570312)",167,7
3991,doc7_page167_17.png,"(363.4219970703125, 509.02398681640625, 377.10198974609375, 522.7039794921875)",167,7
3992,doc7_page167_20.png,"(266.90899658203125, 495.87896728515625, 297.14898681640625, 521.0789794921875)",167,7
3993,doc7_page167_21.png,"(265.468994140625, 480.03900146484375, 297.14898681640625, 496.3590087890625)",167,7
3994,doc7_page167_22.png,"(254.70899963378906, 495.2129821777344, 295.7489929199219, 521.3729858398438)",167,7
3995,doc7_page167_23.png,"(254.70899963378906, 520.892578125, 297.1889953613281, 535.5325927734375)",167,7
3996,doc7_page167_24.png,"(297.9729919433594, 480.177001953125, 325.81298828125, 490.49700927734375)",167,7
3997,doc7_page167_25.png,"(266.2929992675781, 551.2169799804688, 330.37298583984375, 566.0969848632812)",167,7
3998,doc7_page167_26.jpeg,"(257.4129943847656, 490.01702880859375, 341.1730041503906, 551.697021484375)",167,7
3999,doc7_page167_30.png,"(156.39599609375, 495.1189880371094, 187.5959930419922, 521.0390014648438)",167,7
4000,doc7_page167_31.png,"(154.95599365234375, 478.5589904785156, 187.5959930419922, 495.5989990234375)",167,7
4001,doc7_page167_32.png,"(144.66099548339844, 495.2129821777344, 185.46099853515625, 521.1329956054688)",167,7
4002,doc7_page167_33.png,"(144.66099548339844, 520.652587890625, 187.1409912109375, 527.6126098632812)",167,7
4003,doc7_page167_34.png,"(165.50399780273438, 559.1679077148438, 207.98399353027344, 565.6478881835938)",167,7
4004,doc7_page167_35.jpeg,"(145.58399963378906, 523.4078979492188, 207.50399780273438, 559.6478881835938)",167,7
4005,doc7_page167_36.png,"(188.83799743652344, 478.55902099609375, 216.197998046875, 489.1190185546875)",167,7
4006,doc7_page167_37.jpeg,"(188.83799743652344, 488.63861083984375, 231.3179931640625, 559.1986083984375)",167,7
4007,doc7_page167_43.png,"(68.67539978027344, 478.5589904785156, 80.67539978027344, 521.0390014648438)",167,7
4008,doc7_page167_44.png,"(73.11689758300781, 514.8389892578125, 79.11689758300781, 520.3590087890625)",167,7
4009,doc7_page167_45.jpeg,"(48.63690185546875, 480.0390319824219, 77.6769027709961, 515.3190307617188)",167,7
4010,doc7_page167_46.png,"(45.5796012878418, 546.07861328125, 47.49959945678711, 547.2786254882812)",167,7
4011,doc7_page167_47.jpeg,"(36.69960021972656, 492.55859375, 78.93960571289062, 546.55859375)",167,7
4012,doc7_page167_48.png,"(79.98560333251953, 478.55902099609375, 98.94560241699219, 484.0790100097656)",167,7
4013,doc7_page167_49.png,"(48.06560134887695, 548.878662109375, 111.66560363769531, 563.0386352539062)",167,7
4014,doc7_page167_50.jpeg,"(47.10559844970703, 483.5986328125, 122.4655990600586, 549.358642578125)",167,7
4015,doc7_page169_4.png,"(358.1719970703125, 80.11803436279297, 371.85198974609375, 93.79803466796875)",169,7
4016,doc7_page169_6.png,"(358.1719970703125, 128.55300903320312, 371.85198974609375, 142.23300170898438)",169,7
4017,doc7_page169_8.png,"(358.1719970703125, 151.33602905273438, 371.85198974609375, 165.01602172851562)",169,7
4018,doc7_page169_10.png,"(358.1719970703125, 174.1190185546875, 371.85198974609375, 187.79901123046875)",169,7
4019,doc7_page169_13.png,"(256.6239929199219, 122.95899963378906, 291.1839904785156, 145.03900146484375)",169,7
4020,doc7_page169_14.png,"(255.1840057373047, 102.55899810791016, 291.18402099609375, 123.43899536132812)",169,7
4021,doc7_page169_15.png,"(247.9550018310547, 122.98902130126953, 288.5150146484375, 144.58901977539062)",169,7
4022,doc7_page169_16.png,"(247.9550018310547, 144.1090087890625, 290.43499755859375, 165.94900512695312)",169,7
4023,doc7_page169_17.jpeg,"(257.9840087890625, 172.6199951171875, 324.4640197753906, 188.94000244140625)",169,7
4024,doc7_page169_18.jpeg,"(253.9040069580078, 146.22000122070312, 333.8240051269531, 173.10000610351562)",169,7
4025,doc7_page169_19.png,"(291.6130065917969, 102.50901794433594, 318.9730224609375, 113.30902099609375)",169,7
4026,doc7_page169_20.png,"(291.6130065917969, 112.82901000976562, 333.8529968261719, 145.70901489257812)",169,7
4027,doc7_page169_26.png,"(65.27529907226562, 101.41200256347656, 81.11529541015625, 143.89199829101562)",169,7
4028,doc7_page169_27.png,"(75.29149627685547, 140.59002685546875, 80.33148956298828, 144.43002319335938)",169,7
4029,doc7_page169_28.png,"(46.25149917602539, 104.83000183105469, 79.13150024414062, 141.07000732421875)",169,7
4030,doc7_page169_29.png,"(37.45119857788086, 120.2440185546875, 77.53120422363281, 143.52401733398438)",169,7
4031,doc7_page169_30.png,"(37.45119857788086, 143.04400634765625, 79.93119812011719, 145.20401000976562)",169,7
4032,doc7_page169_31.png,"(81.73719787597656, 101.46000671386719, 111.2572021484375, 112.98001098632812)",169,7
4033,doc7_page169_32.png,"(47.417198181152344, 174.18002319335938, 116.29719543457031, 190.74002075195312)",169,7
4034,doc7_page169_33.jpeg,"(37.33720016479492, 112.5, 126.377197265625, 174.66000366210938)",169,7
4035,doc7_page169_38.png,"(170.4409942626953, 101.84800720214844, 186.28099060058594, 144.3280029296875)",169,7
4036,doc7_page169_39.png,"(180.81900024414062, 140.3679962158203, 185.37899780273438, 144.447998046875)",169,7
4037,doc7_page169_40.png,"(152.73899841308594, 104.8480224609375, 183.93899536132812, 140.8480224609375)",169,7
4038,doc7_page169_41.png,"(142.97900390625, 118.510009765625, 183.29901123046875, 143.95001220703125)",169,7
4039,doc7_page169_42.png,"(142.97900390625, 143.47000122070312, 185.45899963378906, 145.8699951171875)",169,7
4040,doc7_page169_43.png,"(187.08799743652344, 102.20301055908203, 214.68800354003906, 112.52301025390625)",169,7
4041,doc7_page169_44.png,"(154.447998046875, 175.40301513671875, 219.48800659179688, 190.28302001953125)",169,7
4042,doc7_page169_45.jpeg,"(143.16799926757812, 112.04299926757812, 230.76800537109375, 175.88299560546875)",169,7
4043,doc7_page170_3.jpeg,"(240.0709991455078, 471.13519287109375, 431.7590026855469, 565.2152099609375)",170,7
4044,doc7_page170_4.jpeg,"(41.68560028076172, 471.1517333984375, 221.78158569335938, 565.8077392578125)",170,7
4045,doc7_page171_5.png,"(58.3317985534668, 101.48902893066406, 81.13179779052734, 143.2490234375)",171,7
4046,doc7_page171_6.png,"(47.6343994140625, 170.968017578125, 51.47439956665039, 173.12802124023438)",171,7
4047,doc7_page171_7.jpeg,"(37.79439926147461, 108.5679931640625, 80.27439880371094, 171.447998046875)",171,7
4048,doc7_page171_8.png,"(81.65170288085938, 101.48600769042969, 109.73170471191406, 112.2860107421875)",171,7
4049,doc7_page171_9.png,"(50.451698303222656, 174.68601989746094, 112.37169647216797, 187.88601684570312)",171,7
4050,doc7_page171_10.jpeg,"(49.7317008972168, 111.80601501464844, 124.85169982910156, 175.166015625)",171,7
4051,doc7_page171_14.png,"(253.52699279785156, 99.41801452636719, 278.72698974609375, 141.89801025390625)",171,7
4052,doc7_page171_15.jpeg,"(235.53900146484375, 108.12100219726562, 278.0190124511719, 147.96099853515625)",171,7
4053,doc7_page171_16.png,"(279.156005859375, 99.36102294921875, 306.2760009765625, 109.9210205078125)",171,7
4054,doc7_page171_17.png,"(245.0760040283203, 169.68099975585938, 312.0360107421875, 186.00100708007812)",171,7
4055,doc7_page171_18.jpeg,"(235.95599365234375, 109.44100952148438, 321.39599609375, 170.1610107421875)",171,7
4056,doc7_page171_22.png,"(334.6300048828125, 112.16802215576172, 348.30999755859375, 125.8480224609375)",171,7
4057,doc7_page171_24.png,"(334.6300048828125, 143.35000610351562, 348.30999755859375, 157.02999877929688)",171,7
4058,doc7_page171_26.png,"(334.6300048828125, 166.176025390625, 348.30999755859375, 179.85601806640625)",171,7
4059,doc7_page171_28.png,"(167.39599609375, 99.62101745605469, 178.1959991455078, 142.10101318359375)",171,7
4060,doc7_page171_29.png,"(167.79200744628906, 133.05801391601562, 177.15200805664062, 141.93801879882812)",171,7
4061,doc7_page171_30.jpeg,"(146.19200134277344, 100.89799499511719, 174.99200439453125, 133.53799438476562)",171,7
4062,doc7_page171_31.png,"(178.25, 99.48600006103516, 205.1300048828125, 110.5260009765625)",171,7
4063,doc7_page171_32.jpeg,"(144.41000366210938, 171.72601318359375, 209.92999267578125, 186.84600830078125)",171,7
4064,doc7_page171_33.jpeg,"(133.61000061035156, 110.0460205078125, 220.73001098632812, 172.20602416992188)",171,7
4065,doc7_page172_8.jpeg,"(231.37600708007812, 473.6235046386719, 394.84002685546875, 566.0234985351562)",172,7
4066,doc7_page172_9.jpeg,"(41.77259826660156, 474.2007141113281, 213.28359985351562, 566.0319213867188)",172,7
4067,doc7_page174_6.jpeg,"(268.38800048828125, 408.48602294921875, 406.14801025390625, 566.166015625)",174,7
4068,doc7_page175_7.jpeg,"(86.9999008178711, 459.17279052734375, 253.07989501953125, 565.7327880859375)",175,7
4069,doc7_page175_10.jpeg,"(271.02801513671875, 459.47222900390625, 439.988037109375, 566.0322265625)",175,7
4070,doc7_page179_4.jpeg,"(231.56100463867188, 76.47700500488281, 440.2650146484375, 179.38900756835938)",179,7
4071,doc7_page179_5.jpeg,"(36.04570007324219, 75.61701202392578, 213.45370483398438, 179.489013671875)",179,7
4072,doc7_page180_9.jpeg,"(341.9320068359375, 76.16200256347656, 445.61199951171875, 208.25799560546875)",180,7
4073,doc7_page180_10.jpeg,"(342.9197692871094, 251.0112762451172, 444.63250732421875, 381.1386413574219)",180,7
4074,doc7_page184_4.jpeg,"(327.7430114746094, 242.38299560546875, 431.4590148925781, 375.364990234375)",184,7
4075,doc7_page184_5.jpeg,"(327.6830139160156, 75.68299865722656, 431.4010009765625, 207.78399658203125)",184,7
4076,doc7_page189_10.jpeg,"(88.01612091064453, 433.2465515136719, 192.33450317382812, 563.362060546875)",189,7
4077,doc7_page193_7.jpeg,"(69.97239685058594, 419.8819274902344, 173.79638671875, 566.0419311523438)",193,7
4078,doc7_page194_5.jpeg,"(309.0610046386719, 420.72412109375, 413.70098876953125, 565.2041015625)",194,7
4079,doc7_page195_4.jpeg,"(71.0473861694336, 76.72540283203125, 172.73175048828125, 206.8645782470703)",195,7
4080,doc7_page196_7.jpeg,"(328.0409851074219, 75.77499389648438, 431.64398193359375, 185.1719970703125)",196,7
4081,doc7_page196_8.jpeg,"(328.9284362792969, 222.0017547607422, 430.7895812988281, 329.4932556152344)",196,7
4082,doc7_page200_5.png,"(388.37298583984375, 508.5354309082031, 445.0130920410156, 565.175537109375)",200,7
4083,doc7_page202_46.png,"(69.94819641113281, 401.2610168457031, 82.66819763183594, 413.98101806640625)",202,7
4084,doc7_page203_4.jpeg,"(87.22049713134766, 75.87704467773438, 252.820556640625, 188.92100524902344)",203,7
4085,doc7_page203_5.jpeg,"(273.75164794921875, 75.86677551269531, 439.29437255859375, 188.99530029296875)",203,7
4086,doc7_page204_4.jpeg,"(279.5159912109375, 458.3099060058594, 445.6199951171875, 565.013916015625)",204,7
4087,doc7_page204_5.jpeg,"(42.23895263671875, 459.318359375, 260.4009704589844, 563.9583740234375)",204,7
4088,doc7_page205_7.jpeg,"(50.114200592041016, 316.59002685546875, 230.5941925048828, 431.7900390625)",205,7
4089,doc7_page207_7.jpeg,"(36.04949951171875, 75.76699829101562, 227.5695037841797, 207.76699829101562)",207,7
4090,doc7_page207_9.jpeg,"(246.41299438476562, 75.64700317382812, 440.1510009765625, 207.69500732421875)",207,7
4091,doc7_page211_7.jpeg,"(51.23881530761719, 410.8883361816406, 152.99166870117188, 563.6626586914062)",211,7
4092,doc7_page212_6.png,"(42.31439971923828, 107.697021484375, 162.07440185546875, 124.25701904296875)",212,7
4093,doc7_page212_7.png,"(42.31439971923828, 140.70401000976562, 120.79440307617188, 178.14401245117188)",212,7
4094,doc7_page212_8.png,"(45.674400329589844, 176.9440155029297, 46.8744010925293, 178.14401245117188)",212,7
4095,doc7_page212_9.png,"(56.77109909057617, 193.14501953125, 148.4510955810547, 230.58502197265625)",212,7
4096,doc7_page212_10.png,"(56.77109909057617, 246.718994140625, 159.73109436035156, 284.15899658203125)",212,7
4097,doc7_page212_11.png,"(172.99200439453125, 246.718994140625, 298.2720031738281, 284.15899658203125)",212,7
4098,doc7_page212_12.png,"(161.08599853515625, 193.14501953125, 261.406005859375, 230.58502197265625)",212,7
4099,doc7_page212_13.png,"(274.18798828125, 193.14501953125, 376.9079895019531, 230.58502197265625)",212,7
4100,doc7_page212_14.png,"(134.44000244140625, 140.70401000976562, 212.92001342773438, 178.14401245117188)",212,7
4101,doc7_page212_15.png,"(226.2830047607422, 140.70401000976562, 304.76300048828125, 178.14401245117188)",212,7
4102,doc7_page212_16.png,"(318.6919860839844, 140.70401000976562, 394.531982421875, 178.14401245117188)",212,7
4103,doc7_page212_17.png,"(302.5350036621094, 107.697021484375, 394.2149963378906, 124.25701904296875)",212,7
4104,doc7_page212_18.png,"(181.92599487304688, 107.84902954101562, 281.7659912109375, 108.56903076171875)",212,7
4105,doc7_page212_19.png,"(180.24600219726562, 122.72900390625, 283.20599365234375, 124.16900634765625)",212,7
4106,doc7_page212_20.png,"(177.8459930419922, 108.0890121459961, 285.6059875488281, 123.20901489257812)",212,7
4107,doc7_page212_21.png,"(42.31439971923828, 76.21500396728516, 394.1543884277344, 93.2550048828125)",212,7
4108,doc7_page212_35.png,"(315.97601318359375, 266.697021484375, 336.61602783203125, 267.6570129394531)",212,7
4109,doc7_page212_36.png,"(314.2959899902344, 280.37701416015625, 337.81597900390625, 281.8170166015625)",212,7
4110,doc7_page212_37.png,"(311.89599609375, 267.177001953125, 340.21600341796875, 280.85699462890625)",212,7
4111,doc7_page216_3.jpeg,"(252.46299743652344, 76.23300170898438, 446.6470031738281, 197.84100341796875)",216,7
4112,doc7_page216_4.jpeg,"(42.51319885253906, 77.24510192871094, 232.1132049560547, 197.48890686035156)",216,7
4113,doc7_page218_5.jpeg,"(40.99610137939453, 459.304931640625, 232.27609252929688, 565.8649291992188)",218,7
4114,doc7_page218_6.jpeg,"(251.3040008544922, 459.22100830078125, 431.54400634765625, 565.781005859375)",218,7
4115,doc7_page219_5.jpeg,"(87.6875, 76.52955627441406, 192.45724487304688, 206.74853515625)",219,7
4116,doc7_page219_6.jpeg,"(88.00996398925781, 239.89625549316406, 192.46142578125, 370.0777893066406)",219,7
4117,doc7_page221_4.jpeg,"(268.14801025390625, 433.9124755859375, 439.9880065917969, 565.4324951171875)",221,7
4118,doc7_page221_5.jpeg,"(51.106971740722656, 433.71356201171875, 248.59371948242188, 563.968017578125)",221,7
4119,doc7_page226_6.jpeg,"(167.62197875976562, 76.30628967285156, 393.46307373046875, 206.62974548339844)",226,7
4120,doc7_page226_8.jpeg,"(42.481300354003906, 75.53102111816406, 149.0792999267578, 207.4730224609375)",226,7
4121,doc7_page229_4.jpeg,"(37.00979995727539, 77.01454162597656, 138.72222900390625, 207.2335205078125)",229,7
4122,doc7_page229_5.jpeg,"(37.00769805908203, 245.27008056640625, 138.76763916015625, 375.3688659667969)",229,7
4123,doc7_page229_6.jpeg,"(36.89556884765625, 435.2400817871094, 138.83424377441406, 565.3388671875)",229,7
4124,doc7_page232_4.jpeg,"(328.6788635253906, 434.94622802734375, 430.53106689453125, 565.0853881835938)",232,7
4125,doc7_page235_6.png,"(36.876800537109375, 508.5354309082031, 93.51689910888672, 565.175537109375)",235,7
4126,doc7_page238_4.jpeg,"(240.76808166503906, 76.6719970703125, 430.4679260253906, 181.31199645996094)",238,7
4127,doc7_page238_5.jpeg,"(42.62445831298828, 76.56661987304688, 219.79190063476562, 181.31935119628906)",238,7
4128,doc7_page241_4.jpeg,"(51.14353561401367, 233.69775390625, 152.8966064453125, 344.0621643066406)",241,7
4129,doc7_page241_6.jpeg,"(51.194400787353516, 434.9768981933594, 152.954345703125, 565.056884765625)",241,7
4130,doc7_page242_4.png,"(41.81439971923828, 76.2900161743164, 393.6543884277344, 93.33001708984375)",242,7
4131,doc7_page242_5.png,"(41.81439971923828, 107.75399780273438, 107.81439971923828, 167.75399780273438)",242,7
4132,doc7_page242_6.png,"(112.96399688720703, 107.75399780273438, 178.9639892578125, 167.75399780273438)",242,7
4133,doc7_page242_7.png,"(184.96400451660156, 107.75399780273438, 244.96400451660156, 167.75399780273438)",242,7
4134,doc7_page242_8.png,"(251.01100158691406, 107.75399780273438, 319.4110107421875, 167.75399780273438)",242,7
4135,doc7_page242_9.png,"(325.56201171875, 107.75399780273438, 393.9620056152344, 167.75399780273438)",242,7
4136,doc7_page244_4.jpeg,"(341.50201416015625, 75.86201477050781, 448.06201171875, 179.72201538085938)",244,7
4137,doc7_page244_5.jpeg,"(166.31153869628906, 76.91304016113281, 322.074462890625, 178.67298889160156)",244,7
4138,doc7_page244_6.jpeg,"(42.677764892578125, 76.9632797241211, 147.204833984375, 178.63882446289062)",244,7
4139,doc7_page246_4.jpeg,"(342.78717041015625, 76.820068359375, 444.725830078125, 206.91885375976562)",246,7
4140,doc7_page246_5.jpeg,"(342.5360107421875, 246.66790771484375, 445.01715087890625, 357.05413818359375)",246,7
4141,doc7_page246_6.jpeg,"(342.67999267578125, 415.12353515625, 444.8721923828125, 565.0277099609375)",246,7
4142,doc7_page249_7.jpeg,"(86.88800048828125, 75.6300048828125, 193.4580078125, 190.68600463867188)",249,7
4143,doc7_page249_8.jpeg,"(211.7480010986328, 75.67701721191406, 439.9880065917969, 190.87701416015625)",249,7
4144,doc7_page251_4.png,"(36.876800537109375, 508.5354309082031, 93.51689910888672, 565.175537109375)",251,7
4145,doc7_page251_5.jpeg,"(248.97280883789062, 76.63300323486328, 439.29522705078125, 187.0330047607422)",251,7
4146,doc7_page251_6.jpeg,"(36.345703125, 76.54499053955078, 226.66810607910156, 186.9449920654297)",251,7
4147,doc7_page253_5.jpeg,"(214.4040069580078, 76.45899963378906, 440.0040283203125, 212.53900146484375)",253,7
4148,doc7_page253_7.jpeg,"(88.31800079345703, 75.93902587890625, 197.36399841308594, 213.75701904296875)",253,7
4149,doc7_page255_6.jpeg,"(144.35879516601562, 76.62059783935547, 331.32623291015625, 181.32171630859375)",255,7
4150,doc7_page255_7.jpeg,"(36.66669845581055, 76.511962890625, 124.74925231933594, 181.39515686035156)",255,7
4151,doc7_page255_8.jpeg,"(351.40869140625, 76.70657348632812, 439.037353515625, 181.2994384765625)",255,7
4152,doc7_page257_6.jpeg,"(263.71295166015625, 76.93099975585938, 439.2030029296875, 181.5709991455078)",257,7
4153,doc7_page257_7.jpeg,"(51.11739730834961, 76.97698974609375, 243.59730529785156, 181.6169891357422)",257,7
4154,doc7_page258_8.jpeg,"(328.9727783203125, 440.5543212890625, 430.70916748046875, 565.1415405273438)",258,7
4155,doc7_page259_7.jpeg,"(51.06877136230469, 76.62332153320312, 153.0074462890625, 201.19674682617188)",259,7
4156,doc7_page259_9.jpeg,"(51.12049865722656, 249.58016967773438, 152.8804473876953, 374.0019226074219)",259,7
4157,doc7_page260_4.jpeg,"(328.79998779296875, 76.5362548828125, 430.5599365234375, 201.09983825683594)",260,7
4158,doc7_page260_5.jpeg,"(328.6765441894531, 238.2395477294922, 430.4953918457031, 362.6304626464844)",260,7
4159,doc7_page262_5.jpeg,"(307.76800537109375, 428.25152587890625, 445.76800537109375, 566.0115356445312)",262,7
4160,doc7_page263_6.jpeg,"(50.14690017700195, 75.71401977539062, 193.66690063476562, 193.55401611328125)",263,7
4161,doc7_page265_6.jpeg,"(241.04200744628906, 76.55876159667969, 439.2820739746094, 178.56320190429688)",265,7
4162,doc7_page265_7.jpeg,"(51.193599700927734, 76.52476501464844, 220.874267578125, 178.52920532226562)",265,7
4163,doc7_page266_4.jpeg,"(327.76300048828125, 75.44001770019531, 431.4429931640625, 216.08001708984375)",266,7
4164,doc7_page266_6.jpeg,"(328.4053649902344, 272.7431640625, 430.68267822265625, 403.32183837890625)",266,7
4165,doc7_page269_3.jpeg,"(36.54800033569336, 76.02302551269531, 139.6999969482422, 198.83102416992188)",269,7
4166,doc7_page269_4.jpeg,"(37.14799880981445, 252.67498779296875, 139.10000610351562, 376.22698974609375)",269,7
4167,doc7_page269_5.jpeg,"(36.03559875488281, 442.5621337890625, 140.2126007080078, 566.0731201171875)",269,7
4168,doc7_page271_4.jpeg,"(248.6479949951172, 425.9345703125, 440.1679992675781, 566.5745849609375)",271,7
4169,doc7_page271_6.jpeg,"(36.094600677490234, 425.94232177734375, 230.49459838867188, 566.5823364257812)",271,7
4170,doc7_page278_15.png,"(388.37298583984375, 508.5354309082031, 445.0130920410156, 565.175537109375)",278,7
4171,doc7_page279_4.jpeg,"(50.108299255371094, 436.8995361328125, 231.06829833984375, 566.01953125)",279,7
4172,doc8_page0_1.png,"(439.9853515625, 654.307861328125, 549.985107421875, 717.9096069335938)",0,8
4173,doc8_page1_7.png,"(235.72225952148438, 338.2530212402344, 369.8081359863281, 484.958740234375)",1,8
4174,doc8_page2_6.png,"(77.88262939453125, 550.9959716796875, 156.5897979736328, 629.6903076171875)",2,8
4175,doc8_page3_30.png,"(364.8188781738281, 408.9193420410156, 406.2535095214844, 467.135009765625)",3,8
4176,doc8_page3_37.png,"(410.0067443847656, 408.0999755859375, 466.8253173828125, 466.23309326171875)",3,8
4177,doc8_page7_10.png,"(228.38771057128906, 543.3638305664062, 492.90509033203125, 689.0053100585938)",7,8
4178,doc8_page9_11.png,"(346.0, 284.0, 432.0, 305.0)",9,8
4179,doc8_page11_9.png,"(55.818878173828125, 86.62663269042969, 248.76287841796875, 207.33355712890625)",11,8
4180,doc8_page11_10.png,"(251.62486267089844, 87.24078369140625, 467.8641357421875, 208.361083984375)",11,8
4181,doc8_page11_11.png,"(55.818878173828125, 210.32044982910156, 248.76284790039062, 324.9510498046875)",11,8
4182,doc8_page11_12.png,"(251.62486267089844, 210.36749267578125, 467.8641357421875, 324.916748046875)",11,8
4183,doc8_page12_9.png,"(409.52166748046875, 433.5150451660156, 543.5935668945312, 623.129150390625)",12,8
4184,doc8_page13_13.png,"(235.13287353515625, 537.1901245117188, 508.6971435546875, 678.6212158203125)",13,8
4185,doc8_page14_8.png,"(88.25457763671875, 257.95343017578125, 170.7282257080078, 340.922607421875)",14,8
4186,doc8_page14_9.png,"(179.94406127929688, 258.25775146484375, 261.3040771484375, 341.2977294921875)",14,8
4187,doc8_page14_10.png,"(270.9977722167969, 258.36688232421875, 352.3577880859375, 341.4068603515625)",14,8
4188,doc8_page14_11.png,"(362.4150695800781, 257.93048095703125, 443.77508544921875, 340.970458984375)",14,8
4189,doc8_page14_12.png,"(454.4635314941406, 258.326904296875, 535.8235473632812, 341.36688232421875)",14,8
4190,doc8_page15_7.png,"(112.84697723388672, 84.38922119140625, 473.2391662597656, 285.46588134765625)",15,8
4191,doc8_page16_5.png,"(382.781982421875, 476.1062316894531, 540.1800537109375, 656.821533203125)",16,8
4192,doc8_page16_6.png,"(95.94682312011719, 476.9709167480469, 376.2698974609375, 657.2985229492188)",16,8
4193,doc8_page17_11.png,"(64.06365966796875, 85.09228515625, 257.95660400390625, 357.83660888671875)",17,8
4194,doc8_page17_12.png,"(263.8646545410156, 87.0401611328125, 508.9429931640625, 358.4644470214844)",17,8
4195,doc8_page19_17.png,"(91.59396362304688, 167.73907470703125, 276.47711181640625, 268.4021911621094)",19,8
4196,doc8_page19_18.png,"(287.342041015625, 167.7390594482422, 462.6739196777344, 266.81048583984375)",19,8
4197,doc8_page22_12.png,"(397.9425048828125, 327.10992431640625, 541.802490234375, 507.9624938964844)",22,8
4198,doc8_page23_10.png,"(400.2401428222656, 200.69630432128906, 525.409423828125, 298.80645751953125)",23,8
4199,doc8_page23_11.png,"(399.2401428222656, 368.76458740234375, 524.409423828125, 466.874755859375)",23,8
4200,doc8_page23_12.png,"(399.11614990234375, 549.3218994140625, 525.93701171875, 641.2579345703125)",23,8
4201,doc8_page26_6.png,"(99.54058837890625, 217.33120727539062, 539.1197509765625, 409.89666748046875)",26,8
4202,doc8_page27_10.png,"(72.49214172363281, 81.37757873535156, 227.92640686035156, 299.6322326660156)",27,8
4203,doc8_page27_11.png,"(239.08392333984375, 85.5186767578125, 452.3064270019531, 303.202880859375)",27,8
4204,doc8_page28_8.png,"(504.0, 190.0, 526.0, 211.0)",28,8
4205,doc8_page28_9.png,"(501.0, 174.0, 506.0, 181.0)",28,8
4206,doc8_page28_10.png,"(524.0, 180.0, 530.0, 187.0)",28,8
4207,doc8_page28_11.png,"(503.0, 164.0, 530.0, 192.0)",28,8
4208,doc8_page28_12.jpeg,"(505.99041748046875, 180.89569091796875, 512.100830078125, 185.39808654785156)",28,8
4209,doc8_page28_13.png,"(510.0, 184.0, 511.0, 185.0)",28,8
4210,doc8_page28_14.png,"(507.598388671875, 181.53887939453125, 509.2063903808594, 183.14688110351562)",28,8
4211,doc8_page28_15.jpeg,"(516.2816162109375, 183.46856689453125, 522.0704345703125, 187.6493682861328)",28,8
4212,doc8_page28_16.png,"(517.0, 186.0, 518.0, 187.0)",28,8
4213,doc8_page28_17.png,"(517.5679931640625, 184.433349609375, 519.176025390625, 185.71975708007812)",28,8
4214,doc8_page28_18.png,"(115.03268432617188, 331.38360595703125, 533.2493896484375, 675.9219360351562)",28,8
4215,doc8_page29_8.png,"(287.38653564453125, 211.07669067382812, 500.920654296875, 373.56097412109375)",29,8
4216,doc8_page30_7.png,"(96.76626586914062, 517.991943359375, 329.5702209472656, 656.7000122070312)",30,8
4217,doc8_page30_8.png,"(342.0389404296875, 516.7999877929688, 440.019775390625, 656.3484497070312)",30,8
4218,doc8_page30_9.png,"(442.9106140136719, 516.5125732421875, 541.0504150390625, 656.9677124023438)",30,8
4219,doc8_page31_10.png,"(64.51702880859375, 124.22798156738281, 390.23583984375, 366.2671203613281)",31,8
4220,doc8_page33_13.png,"(386.9882507324219, 343.38348388671875, 497.8016357421875, 480.05328369140625)",33,8
4221,doc8_page33_14.png,"(385.74078369140625, 533.7304077148438, 500.34869384765625, 693.629150390625)",33,8
4222,doc8_page34_11.png,"(94.8345947265625, 177.28887939453125, 201.43853759765625, 290.4012756347656)",34,8
4223,doc8_page34_12.png,"(205.956787109375, 177.2902069091797, 313.19195556640625, 290.620849609375)",34,8
4224,doc8_page34_13.png,"(320.485595703125, 177.28826904296875, 426.79632568359375, 290.08953857421875)",34,8
4225,doc8_page34_14.png,"(433.34747314453125, 177.2902069091797, 540.5826416015625, 290.620849609375)",34,8
4226,doc8_page35_7.png,"(466.0, 455.0, 471.0, 458.0)",35,8
4227,doc8_page36_6.png,"(118.38580322265625, 362.70989990234375, 542.727783203125, 480.52947998046875)",36,8
4228,doc8_page37_13.png,"(490.0, 582.0, 520.0, 597.0)",37,8
4229,doc8_page38_0.png,"(95.07119750976562, 242.32232666015625, 235.22032165527344, 368.2009582519531)",38,8
4230,doc8_page38_1.png,"(240.31747436523438, 241.724365234375, 406.2525634765625, 369.2122497558594)",38,8
4231,doc8_page38_2.png,"(413.72515869140625, 242.0945587158203, 540.3460693359375, 368.2884216308594)",38,8
4232,doc8_page38_3.png,"(93.98052978515625, 379.4784851074219, 235.25660705566406, 500.0973815917969)",38,8
4233,doc8_page38_4.png,"(239.57284545898438, 379.478515625, 408.22601318359375, 500.85894775390625)",38,8
4234,doc8_page38_5.png,"(413.536376953125, 378.8759765625, 540.3460693359375, 500.48779296875)",38,8
4235,doc8_page41_5.png,"(54.0, 331.0, 160.0, 441.0)",41,8
4236,doc8_page41_6.png,"(280.0, 331.0, 386.0, 441.0)",41,8
4237,doc8_page41_7.png,"(167.0, 331.0, 273.0, 441.0)",41,8
4238,doc8_page41_8.png,"(393.0, 331.0, 499.0, 441.0)",41,8
4239,doc8_page42_6.png,"(131.95065307617188, 83.74664306640625, 320.34539794921875, 178.4901123046875)",42,8
4240,doc8_page42_7.png,"(328.86920166015625, 84.30984497070312, 504.23199462890625, 178.9068603515625)",42,8
4241,doc8_page43_6.png,"(145.24862670898438, 83.38873291015625, 366.8935546875, 227.3992919921875)",43,8
4242,doc8_page43_7.png,"(391.22607421875, 262.8339538574219, 521.8607177734375, 420.0838623046875)",43,8
4243,doc8_page43_8.png,"(391.7963562011719, 463.21783447265625, 521.8514404296875, 645.2966918945312)",43,8
4244,doc8_page44_9.png,"(96.65745544433594, 84.72093200683594, 249.22718811035156, 215.1927490234375)",44,8
4245,doc8_page44_10.png,"(255.2133026123047, 84.7235107421875, 410.1307678222656, 215.19268798828125)",44,8
4246,doc8_page48_11.png,"(374.78509521484375, 313.365966796875, 526.7122192382812, 391.11700439453125)",48,8
4247,doc8_page49_8.png,"(288.62408447265625, 293.90423583984375, 500.4920654296875, 410.1673889160156)",49,8
4248,doc8_page50_7.png,"(96.54330444335938, 106.6885986328125, 218.50289916992188, 257.05645751953125)",50,8
4249,doc8_page50_8.png,"(95.83462524414062, 302.79296875, 217.8328399658203, 478.7548828125)",50,8
4250,doc8_page52_2.jpeg,"(153.2796630859375, 281.80718994140625, 173.77218627929688, 288.28326416015625)",52,8
4251,doc8_page52_3.png,"(505.74578857421875, 428.65380859375, 536.7684936523438, 438.11700439453125)",52,8
4252,doc8_page52_4.png,"(516.749267578125, 440.3633117675781, 551.7947998046875, 451.26031494140625)",52,8
4253,doc8_page52_5.png,"(480.071044921875, 463.1849365234375, 551.2031860351562, 470.3779296875)",52,8
4254,doc8_page52_6.png,"(480.071044921875, 480.2712097167969, 534.7571411132812, 491.40716552734375)",52,8
4255,doc8_page52_7.png,"(487.1700439453125, 480.2712097167969, 489.6783752441406, 482.0873718261719)",52,8
4256,doc8_page52_8.png,"(495.92547607421875, 480.27117919921875, 501.864990234375, 481.37042236328125)",52,8
4257,doc8_page52_9.png,"(480.071044921875, 501.300537109375, 537.5967407226562, 513.63134765625)",52,8
4258,doc8_page52_10.png,"(480.071044921875, 524.1220703125, 546.825439453125, 532.62939453125)",52,8
4259,doc8_page52_11.png,"(479.2427978515625, 542.164306640625, 516.5363159179688, 553.65869140625)",52,8
4260,doc8_page52_12.png,"(506.33734130859375, 542.164306640625, 507.89910888671875, 544.4583740234375)",52,8
4261,doc8_page52_13.png,"(518.9973754882812, 555.5465087890625, 543.394287109375, 566.0850830078125)",52,8
4262,doc8_page52_14.png,"(507.16558837890625, 568.0924072265625, 532.0358276367188, 581.6180419921875)",52,8
4263,doc8_page52_15.png,"(508.70367431640625, 583.1475219726562, 545.52392578125, 597.151123046875)",52,8
4264,doc8_page52_16.png,"(551.1795654296875, 615.6473388671875, 569.66064453125, 668.9613647460938)",52,8
4265,doc8_page52_17.png,"(539.3478393554688, 596.2908325195312, 555.107666015625, 648.887939453125)",52,8
4266,doc8_page52_18.png,"(539.3478393554688, 596.4102783203125, 545.5239868164062, 597.509521484375)",52,8
4267,doc8_page52_19.jpeg,"(551.2978515625, 615.7667846679688, 554.9893188476562, 648.887939453125)",52,8
4268,doc8_page53_2.png,"(186.88699340820312, 479.43475341796875, 229.1996307373047, 494.752685546875)",53,8
4269,doc8_page53_3.jpeg,"(195.43728637695312, 522.44921875, 209.78799438476562, 537.5281982421875)",53,8
4270,doc8_page53_4.png,"(188.73565673828125, 657.4669189453125, 231.3949432373047, 665.1378173828125)",53,8
4271,doc8_page54_9.png,"(486.0, 254.0, 504.0, 257.0)",54,8
4272,doc8_page54_10.png,"(97.37399291992188, 352.4005432128906, 225.3869171142578, 499.2106628417969)",54,8
4273,doc8_page55_7.png,"(52.67156982421875, 263.92718505859375, 177.7850799560547, 385.9248352050781)",55,8
4274,doc8_page55_8.png,"(187.03253173828125, 264.0181884765625, 355.42828369140625, 468.44512939453125)",55,8
4275,doc8_page56_14.png,"(108.88186645507812, 138.63694763183594, 257.460693359375, 243.1343994140625)",56,8
4276,doc8_page56_15.png,"(282.7818298339844, 139.86978149414062, 360.15911865234375, 244.09222412109375)",56,8
4277,doc8_page56_16.png,"(384.734375, 139.64414978027344, 525.5078125, 242.98016357421875)",56,8
4278,doc8_page57_9.png,"(306.65771484375, 414.41973876953125, 494.1742248535156, 559.2554931640625)",57,8
4279,doc8_page58_12.png,"(474.0, 183.0, 498.0, 191.0)",58,8
4280,doc8_page58_13.png,"(477.0, 177.0, 501.0, 185.0)",58,8
4281,doc8_page58_14.png,"(477.0, 177.0, 501.0, 185.0)",58,8
4282,doc8_page58_15.png,"(472.0, 177.0, 495.0, 185.0)",58,8
4283,doc8_page58_16.png,"(472.0, 166.0, 500.0, 174.0)",58,8
4284,doc8_page58_17.png,"(475.0, 166.0, 501.0, 174.0)",58,8
4285,doc8_page58_18.png,"(94.51022338867188, 320.2463684082031, 135.90614318847656, 394.8347473144531)",58,8
4286,doc8_page58_19.png,"(139.2401123046875, 317.25494384765625, 202.8743133544922, 396.99407958984375)",58,8
4287,doc8_page58_20.png,"(203.8172607421875, 318.54351806640625, 267.4522705078125, 392.88934326171875)",58,8
4288,doc8_page58_21.png,"(271.36468505859375, 319.3134460449219, 343.01171875, 395.7293701171875)",58,8
4289,doc8_page58_22.png,"(346.725830078125, 319.2904968261719, 411.62518310546875, 394.3390808105469)",58,8
4290,doc8_page58_23.png,"(417.80999755859375, 319.57403564453125, 527.0819702148438, 391.703857421875)",58,8
4291,doc8_page59_12.png,"(87.3173828125, 403.1566467285156, 181.5948944091797, 536.899169921875)",59,8
4292,doc8_page59_13.png,"(228.17755126953125, 404.1766357421875, 321.74530029296875, 535.8397827148438)",59,8
4293,doc8_page59_14.png,"(369.59307861328125, 404.1766357421875, 464.2667236328125, 536.7197265625)",59,8
4294,doc8_page60_9.png,"(333.21356201171875, 180.8531494140625, 542.5826416015625, 309.68841552734375)",60,8
4295,doc8_page62_12.png,"(95.72959899902344, 215.80340576171875, 205.72293090820312, 287.23992919921875)",62,8
4296,doc8_page62_13.png,"(206.69241333007812, 210.52720642089844, 281.01055908203125, 291.5206604003906)",62,8
4297,doc8_page62_14.png,"(282.0455322265625, 215.76930236816406, 389.811279296875, 287.22265625)",62,8
4298,doc8_page62_15.png,"(393.23748779296875, 214.3857421875, 542.35546875, 289.6329650878906)",62,8
4299,doc8_page64_11.png,"(516.0, 243.0, 518.0, 246.0)",64,8
4300,doc8_page66_12.png,"(212.08322143554688, 136.56460571289062, 523.40771484375, 252.54168701171875)",66,8
4301,doc8_page68_9.png,"(114.34495544433594, 436.824951171875, 518.3953857421875, 662.396484375)",68,8
4302,doc8_page70_10.png,"(439.319091796875, 125.17999267578125, 543.6021728515625, 276.3905334472656)",70,8
4303,doc8_page70_11.png,"(312.4803161621094, 361.5532531738281, 543.0787353515625, 525.412353515625)",70,8
4304,doc8_page71_13.png,"(277.14691162109375, 212.71630859375, 499.05999755859375, 412.602783203125)",71,8
4305,doc8_page72_8.png,"(94.09217834472656, 276.3883361816406, 235.8365020751953, 417.52532958984375)",72,8
4306,doc8_page72_9.png,"(363.294921875, 462.6884765625, 546.023681640625, 691.0040283203125)",72,8
4307,doc8_page74_11.png,"(218.6819305419922, 537.49169921875, 544.9790649414062, 689.4041748046875)",74,8
4308,doc8_page76_11.png,"(326.78631591796875, 83.98524475097656, 546.6604614257812, 207.489013671875)",76,8
4309,doc8_page76_12.png,"(373.3800964355469, 457.5278625488281, 543.675537109375, 692.7984619140625)",76,8
4310,doc8_page77_10.png,"(52.61177062988281, 468.32080078125, 198.17201232910156, 664.9367065429688)",77,8
4311,doc8_page77_11.png,"(201.61036682128906, 468.32080078125, 347.17059326171875, 664.9367065429688)",77,8
4312,doc8_page77_12.png,"(351.810302734375, 467.922119140625, 501.73760986328125, 665.0027465820312)",77,8
4313,doc8_page79_14.png,"(378.56182861328125, 266.64202880859375, 499.754638671875, 424.4761047363281)",79,8
4314,doc8_page80_10.png,"(95.99481201171875, 208.20361328125, 258.2799987792969, 292.7893981933594)",80,8
4315,doc8_page80_11.png,"(269.474853515625, 208.21337890625, 431.0063781738281, 292.6036682128906)",80,8
4316,doc8_page80_12.png,"(428.2427978515625, 383.5232238769531, 543.7479858398438, 545.9121704101562)",80,8
4317,doc8_page81_12.png,"(80.76579284667969, 468.0809326171875, 200.77195739746094, 620.5142822265625)",81,8
4318,doc8_page81_13.png,"(210.17967224121094, 467.9572448730469, 479.893798828125, 619.7861328125)",81,8
4319,doc8_page82_7.png,"(422.8663330078125, 499.19000244140625, 544.1343383789062, 686.4420776367188)",82,8
4320,doc8_page83_3.png,"(321.45318603515625, 316.14892578125, 499.31256103515625, 462.97314453125)",83,8
4321,doc8_page83_8.png,"(76.33828735351562, 316.15087890625, 311.11590576171875, 463.067626953125)",83,8
4322,doc8_page83_10.png,"(483.0, 528.0, 509.0, 541.0)",83,8
4323,doc8_page84_12.png,"(430.97271728515625, 275.75067138671875, 541.6446533203125, 449.43341064453125)",84,8
4324,doc8_page85_12.png,"(380.0093994140625, 305.8946838378906, 499.5745544433594, 485.1343078613281)",85,8
4325,doc8_page86_13.png,"(222.6323699951172, 82.18202209472656, 440.85791015625, 186.19781494140625)",86,8
4326,doc8_page86_14.png,"(449.4197692871094, 82.20977783203125, 542.8837890625, 217.04052734375)",86,8
4327,doc8_page86_15.png,"(436.0990295410156, 320.6043701171875, 542.3132934570312, 456.3787841796875)",86,8
4328,doc8_page86_16.png,"(435.43304443359375, 518.58056640625, 542.934326171875, 662.1431884765625)",86,8
4329,doc8_page87_17.png,"(426.0, 630.0, 455.0, 634.0)",87,8
4330,doc8_page87_18.png,"(430.0, 623.0, 458.0, 625.0)",87,8
4331,doc8_page87_19.png,"(430.0, 623.0, 458.0, 626.0)",87,8
4332,doc8_page87_20.png,"(423.0, 623.0, 451.0, 626.0)",87,8
4333,doc8_page87_21.png,"(425.0, 611.0, 452.0, 613.0)",87,8
4334,doc8_page87_22.png,"(429.0, 611.0, 453.0, 613.0)",87,8
4335,doc8_page88_11.png,"(298.1541748046875, 532.91650390625, 542.5826416015625, 695.217041015625)",88,8
4336,doc8_page89_11.png,"(344.62091064453125, 472.3632507324219, 498.750732421875, 688.439208984375)",89,8
4337,doc8_page90_10.png,"(194.18441772460938, 460.0883483886719, 305.32464599609375, 618.5643920898438)",90,8
4338,doc8_page90_11.png,"(313.0443420410156, 460.99072265625, 423.6728820800781, 599.8683471679688)",90,8
4339,doc8_page90_12.png,"(431.6617736816406, 461.71533203125, 542.290283203125, 598.3328247070312)",90,8
4340,doc8_page91_8.png,"(51.772613525390625, 467.7797546386719, 243.5945587158203, 637.759521484375)",91,8
4341,doc8_page91_9.png,"(252.5784912109375, 466.44549560546875, 369.86212158203125, 637.3864135742188)",91,8
4342,doc8_page91_10.png,"(378.9406433105469, 467.13134765625, 497.52667236328125, 638.0482177734375)",91,8
4343,doc8_page92_11.png,"(500.0, 571.0, 530.0, 586.0)",92,8
4344,doc8_page92_12.png,"(419.0, 627.0, 448.0, 631.0)",92,8
4345,doc8_page92_13.png,"(423.0, 620.0, 451.0, 622.0)",92,8
4346,doc8_page92_14.png,"(423.0, 620.0, 452.0, 623.0)",92,8
4347,doc8_page92_15.png,"(417.0, 620.0, 444.0, 623.0)",92,8
4348,doc8_page92_16.png,"(419.0, 608.0, 446.0, 610.0)",92,8
4349,doc8_page92_17.png,"(422.0, 608.0, 447.0, 610.0)",92,8
4350,doc8_page92_18.png,"(162.97732543945312, 546.7733764648438, 343.4135437011719, 637.4034423828125)",92,8
4351,doc8_page93_9.png,"(386.3453674316406, 267.78173828125, 497.53265380859375, 418.1728515625)",93,8
4352,doc8_page93_10.png,"(386.8586120605469, 427.85400390625, 498.3096923828125, 590.8857421875)",93,8
4353,doc8_page94_5.png,"(345.6085205078125, 524.84228515625, 546.8978271484375, 691.308349609375)",94,8
4354,doc8_page95_0.png,"(52.62303161621094, 82.71337890625, 498.7322998046875, 352.9141540527344)",95,8
4355,doc8_page96_8.png,"(410.7236633300781, 83.88917541503906, 536.142333984375, 233.31976318359375)",96,8
4356,doc8_page96_9.png,"(132.39932250976562, 400.7868957519531, 323.1453552246094, 557.91064453125)",96,8
4357,doc8_page96_10.png,"(326.0243225097656, 400.22540283203125, 521.3851318359375, 557.12939453125)",96,8
4358,doc8_page97_24.png,"(495.0, 461.0, 522.0, 474.0)",97,8
4359,doc8_page98_8.png,"(320.3399353027344, 504.33038330078125, 547.1773681640625, 691.8078002929688)",98,8
4360,doc8_page100_11.png,"(311.5590515136719, 343.0604553222656, 499.79638671875, 457.397216796875)",100,8
4361,doc8_page101_10.png,"(265.8582458496094, 203.52865600585938, 454.0955810546875, 317.86541748046875)",101,8
4362,doc8_page102_0.png,"(258.07086181640625, 289.40478515625, 348.7098388671875, 380.973388671875)",102,8
4363,doc8_page102_1.png,"(353.0647277832031, 191.29541015625, 444.4783935546875, 282.864013671875)",102,8
4364,doc8_page102_2.png,"(256.6520080566406, 190.2694854736328, 348.652099609375, 283.8876953125)",102,8
4365,doc8_page102_3.png,"(450.20147705078125, 191.29541015625, 541.6151123046875, 282.864013671875)",102,8
4366,doc8_page102_4.png,"(353.0647277832031, 289.40478515625, 444.4783935546875, 380.973388671875)",102,8
4367,doc8_page102_5.png,"(450.20147705078125, 289.40478515625, 541.6151123046875, 380.973388671875)",102,8
4368,doc8_page103_0.png,"(54.90830993652344, 248.926025390625, 162.63465881347656, 307.9244689941406)",103,8
4369,doc8_page103_1.png,"(166.19607543945312, 249.49658203125, 273.92242431640625, 307.9244384765625)",103,8
4370,doc8_page103_2.png,"(278.04998779296875, 249.27992248535156, 386.1758728027344, 307.9244689941406)",103,8
4371,doc8_page103_3.png,"(390.30340576171875, 249.49658203125, 498.0297546386719, 308.4950256347656)",103,8
4372,doc8_page103_4.png,"(54.90830993652344, 319.4823913574219, 162.63465881347656, 377.9102478027344)",103,8
4373,doc8_page103_5.png,"(166.19607543945312, 319.26568603515625, 274.32196044921875, 377.91021728515625)",103,8
4374,doc8_page103_6.png,"(278.04998779296875, 319.4823913574219, 385.7763366699219, 378.4808349609375)",103,8
4375,doc8_page103_7.png,"(390.30340576171875, 320.052978515625, 498.0297546386719, 378.4808349609375)",103,8
4376,doc8_page103_8.png,"(154.78883361816406, 390.1529541015625, 275.0041809082031, 448.983642578125)",103,8
4377,doc8_page103_9.png,"(278.04998779296875, 390.1529541015625, 398.26531982421875, 447.66656494140625)",103,8
4378,doc8_page103_20.png,"(479.0, 436.0, 506.0, 450.0)",103,8
4379,doc8_page104_13.png,"(336.9972839355469, 443.8743896484375, 539.7889404296875, 578.9097900390625)",104,8
4380,doc8_page106_0.png,"(115.45550537109375, 82.18327331542969, 331.92010498046875, 188.48443603515625)",106,8
4381,doc8_page106_9.png,"(339.10137939453125, 82.28704833984375, 541.6044921875, 188.48388671875)",106,8
4382,doc8_page107_10.png,"(372.9298400878906, 416.2911376953125, 500.55401611328125, 494.07257080078125)",107,8
4383,doc8_page107_11.png,"(373.1515808105469, 544.119873046875, 500.381103515625, 627.501953125)",107,8
4384,doc8_page108_16.png,"(493.0, 392.0, 521.0, 400.0)",108,8
4385,doc8_page108_17.png,"(497.0, 386.0, 524.0, 392.0)",108,8
4386,doc8_page108_18.png,"(497.0, 386.0, 525.0, 392.0)",108,8
4387,doc8_page108_19.png,"(491.0, 386.0, 517.0, 392.0)",108,8
4388,doc8_page108_20.png,"(491.0, 375.0, 523.0, 380.0)",108,8
4389,doc8_page108_21.png,"(495.0, 375.0, 524.0, 380.0)",108,8
4390,doc8_page109_14.png,"(52.83879089355469, 365.31695556640625, 227.45541381835938, 500.5040283203125)",109,8
4391,doc8_page111_11.png,"(74.14503479003906, 204.71095275878906, 287.22265625, 325.40850830078125)",111,8
4392,doc8_page111_12.png,"(294.8525085449219, 203.48455810546875, 498.26678466796875, 326.0262451171875)",111,8
4393,doc8_page112_7.png,"(353.0349426269531, 86.59019470214844, 543.5826416015625, 222.1060791015625)",112,8
4394,doc8_page113_15.png,"(410.3543395996094, 478.9179382324219, 522.7445068359375, 624.6212768554688)",113,8
4395,doc8_page113_16.png,"(59.475677490234375, 263.2043762207031, 195.34640502929688, 405.653564453125)",113,8
4396,doc8_page113_17.png,"(393.92071533203125, 277.8422546386719, 498.3431396484375, 453.1524658203125)",113,8
4397,doc8_page113_18.png,"(154.74127197265625, 413.0910949707031, 373.5298767089844, 541.59716796875)",113,8
4398,doc8_page113_19.png,"(81.21682739257812, 561.7319946289062, 260.11810302734375, 680.8361206054688)",113,8
4399,doc8_page114_13.png,"(456.0, 658.0, 485.0, 662.0)",114,8
4400,doc8_page114_14.png,"(460.0, 651.0, 488.0, 654.0)",114,8
4401,doc8_page114_15.png,"(460.0, 651.0, 488.0, 654.0)",114,8
4402,doc8_page114_16.png,"(453.0, 651.0, 480.0, 654.0)",114,8
4403,doc8_page114_17.png,"(455.0, 640.0, 482.0, 641.0)",114,8
4404,doc8_page114_18.png,"(459.0, 640.0, 483.0, 641.0)",114,8
4405,doc8_page114_19.png,"(529.0, 607.0, 558.0, 622.0)",114,8
4406,doc8_page115_11.png,"(468.7757873535156, 160.18649291992188, 508.3160095214844, 179.95660400390625)",115,8
4407,doc8_page115_12.png,"(468.86395263671875, 146.90711975097656, 508.2427978515625, 179.42694091796875)",115,8
4408,doc8_page115_13.png,"(454.0, 209.0, 474.0, 225.0)",115,8
4409,doc8_page115_14.png,"(482.0, 200.0, 498.0, 220.0)",115,8
4410,doc8_page115_15.png,"(458.0, 189.0, 491.0, 208.0)",115,8
4411,doc8_page115_16.png,"(474.0, 194.0, 492.0, 210.0)",115,8
4412,doc8_page115_17.png,"(460.0, 194.0, 490.0, 222.0)",115,8
4413,doc8_page115_18.png,"(459.0, 197.0, 476.0, 221.0)",115,8
4414,doc8_page115_19.png,"(458.0, 196.0, 476.0, 210.0)",115,8
4415,doc8_page115_20.png,"(466.0, 206.0, 488.0, 224.0)",115,8
4416,doc8_page115_21.png,"(469.0, 205.0, 488.0, 211.0)",115,8
4417,doc8_page115_22.png,"(479.0, 198.0, 492.0, 223.0)",115,8
4418,doc8_page115_23.png,"(75.49447631835938, 263.0791015625, 287.34814453125, 396.54254150390625)",115,8
4419,doc8_page115_24.png,"(294.24755859375, 262.20440673828125, 481.95245361328125, 396.1785888671875)",115,8
4420,doc8_page116_8.png,"(102.25296020507812, 552.5820922851562, 300.2457275390625, 665.4754028320312)",116,8
4421,doc8_page116_9.png,"(314.0218505859375, 552.5950317382812, 526.5826416015625, 666.6324462890625)",116,8
4422,doc8_page117_11.png,"(469.804443359375, 206.62408447265625, 506.06103515625, 221.310302734375)",117,8
4423,doc8_page117_12.png,"(469.804443359375, 200.44635009765625, 506.06103515625, 220.94586181640625)",117,8
4424,doc8_page117_13.png,"(179.698486328125, 419.427001953125, 500.58624267578125, 615.7320556640625)",117,8
4425,doc8_page118_12.png,"(96.5439453125, 330.70904541015625, 326.4789733886719, 485.1282958984375)",118,8
4426,doc8_page118_13.png,"(334.8136291503906, 330.7090148925781, 542.366943359375, 484.93927001953125)",118,8
4427,doc8_page119_10.png,"(485.0, 590.0, 514.0, 594.0)",119,8
4428,doc8_page119_11.png,"(489.0, 583.0, 517.0, 586.0)",119,8
4429,doc8_page119_12.png,"(489.0, 583.0, 517.0, 586.0)",119,8
4430,doc8_page119_13.png,"(482.0, 583.0, 509.0, 586.0)",119,8
4431,doc8_page119_14.png,"(484.0, 572.0, 511.0, 573.0)",119,8
4432,doc8_page119_15.png,"(488.0, 572.0, 512.0, 573.0)",119,8
4433,doc8_page120_12.png,"(116.85415649414062, 258.18145751953125, 308.766357421875, 369.3729248046875)",120,8
4434,doc8_page120_13.png,"(319.57708740234375, 256.9369812011719, 519.0750732421875, 367.3265686035156)",120,8
4435,doc8_page121_10.png,"(311.06402587890625, 513.40966796875, 485.4871520996094, 637.2155151367188)",121,8
4436,doc8_page122_11.png,"(474.0, 109.0, 485.0, 120.0)",122,8
4437,doc8_page122_12.png,"(528.0, 108.0, 533.0, 123.0)",122,8
4438,doc8_page122_14.png,"(114.38014221191406, 397.109619140625, 418.51190185546875, 544.6493530273438)",122,8
4439,doc8_page123_0.png,"(362.07879638671875, 86.02792358398438, 499.5927734375, 280.1219177246094)",123,8
4440,doc8_page123_10.png,"(78.65042114257812, 479.36572265625, 244.49984741210938, 597.5926513671875)",123,8
4441,doc8_page123_11.png,"(250.6486358642578, 479.36572265625, 479.74591064453125, 597.534423828125)",123,8
4442,doc8_page124_6.png,"(0.0, 0.0, 0.0, 0.0)",124,8
4443,doc8_page124_7.png,"(0.0, 0.0, 0.0, 0.0)",124,8
4444,doc8_page124_8.png,"(0.0, 0.0, 0.0, 0.0)",124,8
4445,doc8_page124_9.png,"(0.0, 0.0, 0.0, 0.0)",124,8
4446,doc8_page124_10.png,"(0.0, 0.0, 0.0, 0.0)",124,8
4447,doc8_page124_11.png,"(0.0, 0.0, 0.0, 0.0)",124,8
4448,doc8_page125_8.png,"(286.5511779785156, 276.03759765625, 497.7322998046875, 396.40606689453125)",125,8
4449,doc8_page126_7.png,"(397.3852233886719, 88.30029296875, 543.181640625, 302.4577331542969)",126,8
4450,doc8_page127_0.png,"(373.5576171875, 86.8819580078125, 499.41339111328125, 342.96820068359375)",127,8
4451,doc8_page127_9.png,"(373.66741943359375, 372.7563781738281, 499.4244384765625, 542.3055419921875)",127,8
4452,doc8_page128_7.png,"(95.68276977539062, 245.26806640625, 542.419677734375, 504.80560302734375)",128,8
4453,doc8_page129_13.png,"(0.0, 0.0, 0.0, 0.0)",129,8
4454,doc8_page129_14.png,"(0.0, 0.0, 0.0, 0.0)",129,8
4455,doc8_page129_15.png,"(0.0, 0.0, 0.0, 0.0)",129,8
4456,doc8_page129_16.png,"(0.0, 0.0, 0.0, 0.0)",129,8
4457,doc8_page129_17.png,"(0.0, 0.0, 0.0, 0.0)",129,8
4458,doc8_page129_18.png,"(0.0, 0.0, 0.0, 0.0)",129,8
4459,doc8_page129_19.png,"(311.5863342285156, 224.66651916503906, 500.0210876464844, 357.8882751464844)",129,8
4460,doc8_page130_10.png,"(96.79269409179688, 281.68212890625, 540.2796630859375, 425.00323486328125)",130,8
4461,doc8_page131_7.png,"(338.05322265625, 303.3266906738281, 502.546142578125, 624.4915771484375)",131,8
4462,doc8_page132_13.png,"(147.7760772705078, 473.16217041015625, 321.9530029296875, 573.6090087890625)",132,8
4463,doc8_page132_14.png,"(330.36114501953125, 473.15447998046875, 484.6431884765625, 574.343505859375)",132,8
4464,doc8_page132_15.png,"(147.22946166992188, 580.1622314453125, 321.9530029296875, 695.465576171875)",132,8
4465,doc8_page132_16.png,"(329.1782531738281, 580.4288330078125, 485.77947998046875, 694.4878540039062)",132,8
4466,doc8_page133_19.png,"(479.0, 459.0, 507.0, 469.0)",133,8
4467,doc8_page134_0.png,"(117.21871948242188, 216.42018127441406, 233.79351806640625, 287.9409484863281)",134,8
4468,doc8_page134_1.png,"(254.88128662109375, 216.2230987548828, 365.63165283203125, 289.1963195800781)",134,8
4469,doc8_page134_2.png,"(387.43865966796875, 216.143310546875, 503.8981018066406, 288.31219482421875)",134,8
4470,doc8_page134_3.png,"(117.19131469726562, 294.1294250488281, 233.28184509277344, 361.30657958984375)",134,8
4471,doc8_page134_4.png,"(255.07986450195312, 292.8253173828125, 367.2659606933594, 360.782958984375)",134,8
4472,doc8_page134_5.png,"(387.80499267578125, 292.8482360839844, 502.7322998046875, 360.72039794921875)",134,8
4473,doc8_page136_10.png,"(364.1318054199219, 299.1273193359375, 542.7352294921875, 504.931640625)",136,8
4474,doc8_page136_12.png,"(97.31393432617188, 607.4252319335938, 197.07000732421875, 695.5025634765625)",136,8
4475,doc8_page136_13.png,"(202.47689819335938, 608.51025390625, 330.60040283203125, 694.6644897460938)",136,8
4476,doc8_page136_14.png,"(335.9144287109375, 608.51025390625, 465.18572998046875, 694.647705078125)",136,8
4477,doc8_page136_15.png,"(470.00750732421875, 607.4533081054688, 541.8662109375, 695.5382080078125)",136,8
4478,doc8_page137_11.png,"(307.7519226074219, 372.8866882324219, 497.86224365234375, 503.7418518066406)",137,8
4479,doc8_page138_10.png,"(399.9392395019531, 652.701416015625, 464.1742858886719, 687.376220703125)",138,8
4480,doc8_page138_11.png,"(464.5273132324219, 652.6362915039062, 526.3035888671875, 687.3110961914062)",138,8
4481,doc8_page138_12.png,"(405.9217529296875, 583.5593872070312, 528.611572265625, 648.728515625)",138,8
4482,doc8_page139_8.png,"(70.58427429199219, 480.7762451171875, 405.84942626953125, 696.3857421875)",139,8
4483,doc8_page140_10.png,"(106.0472412109375, 143.52247619628906, 244.736328125, 237.7042236328125)",140,8
4484,doc8_page140_11.png,"(247.96533203125, 143.52247619628906, 392.5747985839844, 239.5206298828125)",140,8
4485,doc8_page140_12.png,"(396.8038024902344, 142.25181579589844, 521.1165161132812, 240.46728515625)",140,8
4486,doc8_page140_13.png,"(96.38264465332031, 542.254150390625, 451.94390869140625, 695.54052734375)",140,8
4487,doc8_page141_16.png,"(52.85011291503906, 173.1608123779297, 381.12066650390625, 381.5150451660156)",141,8
4488,doc8_page142_10.png,"(97.55592346191406, 81.72178649902344, 241.30816650390625, 176.322509765625)",142,8
4489,doc8_page142_11.png,"(249.3932342529297, 81.54786682128906, 396.56817626953125, 175.86810302734375)",142,8
4490,doc8_page142_12.png,"(404.6531982421875, 81.54786682128906, 547.378662109375, 175.86810302734375)",142,8
4491,doc8_page142_13.png,"(165.57479858398438, 231.24517822265625, 314.87744140625, 316.27606201171875)",142,8
4492,doc8_page142_14.png,"(333.8624572753906, 232.2752227783203, 472.80035400390625, 316.24298095703125)",142,8
4493,doc8_page142_15.png,"(335.5902099609375, 513.8130493164062, 542.3209838867188, 635.0521240234375)",142,8
4494,doc8_page143_7.png,"(73.45245361328125, 316.9240417480469, 407.445556640625, 474.63653564453125)",143,8
4495,doc8_page144_0.png,"(410.9847412109375, 298.13433837890625, 491.10162353515625, 424.8765869140625)",144,8
4496,doc8_page145_8.png,"(71.38174438476562, 293.74407958984375, 290.6376647949219, 518.1971435546875)",145,8
4497,doc8_page145_9.png,"(301.79119873046875, 293.385498046875, 505.6041259765625, 519.3847045898438)",145,8
4498,doc8_page146_7.png,"(492.0, 645.0, 519.0, 648.0)",146,8
4499,doc8_page146_8.png,"(496.0, 638.0, 522.0, 641.0)",146,8
4500,doc8_page146_9.png,"(496.0, 638.0, 522.0, 641.0)",146,8
4501,doc8_page146_10.png,"(490.0, 638.0, 515.0, 641.0)",146,8
4502,doc8_page146_11.png,"(492.0, 628.0, 516.0, 629.0)",146,8
4503,doc8_page146_12.png,"(495.0, 628.0, 517.0, 629.0)",146,8
4504,doc8_page146_13.png,"(366.1885986328125, 120.36769104003906, 541.5826416015625, 243.61016845703125)",146,8
4505,doc8_page147_9.png,"(151.2523193359375, 550.8027954101562, 417.1234130859375, 688.343505859375)",147,8
4506,doc8_page147_10.png,"(291.7460632324219, 83.0230712890625, 477.9823303222656, 198.5809326171875)",147,8
4507,doc8_page148_9.png,"(357.3306884765625, 306.3241271972656, 541.267822265625, 411.4653015136719)",148,8
4508,doc8_page149_11.png,"(214.8920440673828, 248.4772186279297, 499.06378173828125, 392.2038269042969)",149,8
4509,doc8_page149_12.png,"(271.997314453125, 448.37420654296875, 498.9822998046875, 589.4183349609375)",149,8
4510,doc8_page151_10.png,"(421.0, 346.0, 448.0, 360.0)",151,8
4511,doc8_page151_11.png,"(115.05511474609375, 80.16180419921875, 438.2047119140625, 271.89697265625)",151,8
4512,doc8_page152_0.png,"(114.80764770507812, 294.5002746582031, 252.45535278320312, 378.42486572265625)",152,8
4513,doc8_page152_1.png,"(114.77394104003906, 209.36221313476562, 253.73281860351562, 293.1743469238281)",152,8
4514,doc8_page152_2.png,"(271.3381042480469, 209.5820770263672, 395.0523681640625, 293.0892028808594)",152,8
4515,doc8_page152_3.png,"(411.5724792480469, 209.4822235107422, 541.0692138671875, 293.07904052734375)",152,8
4516,doc8_page152_4.png,"(271.3310241699219, 298.110595703125, 395.6925354003906, 378.03594970703125)",152,8
4517,doc8_page152_5.png,"(411.574462890625, 297.1953125, 539.8740234375, 378.17828369140625)",152,8
4518,doc8_page153_6.png,"(486.0, 472.0, 510.0, 475.0)",153,8
4519,doc8_page153_7.png,"(489.0, 466.0, 513.0, 469.0)",153,8
4520,doc8_page153_8.png,"(489.0, 466.0, 513.0, 469.0)",153,8
4521,doc8_page153_9.png,"(484.0, 466.0, 507.0, 469.0)",153,8
4522,doc8_page153_10.png,"(485.0, 456.0, 508.0, 458.0)",153,8
4523,doc8_page153_11.png,"(488.0, 456.0, 509.0, 458.0)",153,8
4524,doc8_page153_12.png,"(305.9050598144531, 87.16506958007812, 499.7322998046875, 221.58251953125)",153,8
4525,doc9_page0_0.png,"(70.94598388671875, 298.2080078125, 469.23199462890625, 662.114013671875)",0,9
4526,doc9_page0_1.png,"(70.0, 660.0, 307.0, 663.0)",0,9
4527,doc9_page0_2.png,"(70.0, 548.0, 269.0, 551.0)",0,9
4528,doc9_page0_3.png,"(70.0, 418.0, 470.0, 420.0)",0,9
4529,doc9_page0_4.png,"(266.0, 380.0, 269.0, 639.0)",0,9
4530,doc9_page0_5.png,"(70.0, 296.0, 470.0, 299.0)",0,9
4531,doc9_page0_6.png,"(70.70599365234375, 297.968017578125, 224.2220001220703, 422.35400390625)",0,9
4532,doc9_page0_7.png,"(138.6259765625, 417.30804443359375, 141.06198120117188, 420.70404052734375)",0,9
4533,doc9_page0_8.png,"(71.0, 296.0, 226.0, 297.0)",0,9
4534,doc9_page0_9.png,"(223.10601806640625, 295.8680419921875, 226.0220184326172, 299.2640380859375)",0,9
4535,doc9_page0_10.png,"(70.70599365234375, 297.968017578125, 224.2220001220703, 422.35400390625)",0,9
4536,doc9_page0_11.png,"(70.46600341796875, 417.30804443359375, 141.06201171875, 420.70404052734375)",0,9
4537,doc9_page0_12.png,"(70.46600341796875, 295.8680114746094, 226.02200317382812, 297.3440246582031)",0,9
4538,doc9_page0_13.png,"(70.46600341796875, 295.8680419921875, 226.02200317382812, 299.2640380859375)",0,9
4539,doc9_page0_14.png,"(0.0, 0.0, 0.0, 0.0)",0,9
4540,doc9_page0_15.png,"(0.0, 0.0, 0.0, 0.0)",0,9
4541,doc9_page0_16.png,"(0.0, 0.0, 0.0, 0.0)",0,9
4542,doc9_page0_17.png,"(0.0, 0.0, 0.0, 0.0)",0,9
4543,doc9_page0_18.png,"(0.0, 0.0, 0.0, 0.0)",0,9
4544,doc9_page0_19.png,"(0.0, 0.0, 0.0, 0.0)",0,9
4545,doc9_page0_20.png,"(0.0, 0.0, 0.0, 0.0)",0,9
4546,doc9_page0_21.png,"(330.59600830078125, 297.9680480957031, 425.2820129394531, 395.20404052734375)",0,9
4547,doc9_page0_22.png,"(417.0, 269.0, 446.0, 270.0)",0,9
4548,doc9_page0_23.png,"(426.0, 269.0, 446.0, 297.0)",0,9
4549,doc9_page0_24.png,"(424.22601318359375, 295.8680419921875, 427.1419982910156, 299.2640380859375)",0,9
4550,doc9_page0_25.png,"(330.59600830078125, 297.9680480957031, 425.2820129394531, 395.20404052734375)",0,9
4551,doc9_page0_26.png,"(417.0260009765625, 268.5080261230469, 445.86199951171875, 269.9840393066406)",0,9
4552,doc9_page0_27.png,"(398.30596923828125, 268.5080261230469, 445.8619689941406, 297.3440246582031)",0,9
4553,doc9_page0_28.png,"(396.86602783203125, 295.8680419921875, 427.14202880859375, 299.2640380859375)",0,9
4554,doc9_page0_29.png,"(0.0, 0.0, 0.0, 0.0)",0,9
4555,doc9_page0_30.png,"(0.0, 0.0, 0.0, 0.0)",0,9
4556,doc9_page0_31.png,"(306.56597900390625, 537.998046875, 469.47198486328125, 661.154052734375)",0,9
4557,doc9_page0_32.png,"(304.70599365234375, 660.1880493164062, 469.86199951171875, 663.5840454101562)",0,9
4558,doc9_page0_33.png,"(355.10601806640625, 664.988037109375, 437.7020263671875, 689.5040283203125)",0,9
4559,doc9_page0_34.png,"(351.7459716796875, 669.3080444335938, 432.4219665527344, 692.384033203125)",0,9
4560,doc9_page0_35.png,"(351.2659912109375, 668.8280639648438, 432.9019775390625, 693.3440551757812)",0,9
4561,doc9_page0_36.png,"(388.22601318359375, 678.9080200195312, 397.86199951171875, 688.5440063476562)",0,9
4562,doc9_page0_37.png,"(375.2659912109375, 655.3880004882812, 384.9019775390625, 688.5440063476562)",0,9
4563,doc9_page0_38.png,"(355.10601806640625, 655.3880615234375, 375.302001953125, 689.0240478515625)",0,9
4564,doc9_page0_39.png,"(388.22601318359375, 678.9080200195312, 398.822021484375, 688.5440063476562)",0,9
4565,doc9_page0_40.png,"(385.34600830078125, 678.9080200195312, 388.2619934082031, 688.5440063476562)",0,9
4566,doc9_page0_41.png,"(416.5460205078125, 678.427978515625, 426.6620178222656, 688.5440063476562)",0,9
4567,doc9_page0_42.png,"(406.94598388671875, 678.4280395507812, 417.0619812011719, 692.864013671875)",0,9
4568,doc9_page0_43.png,"(397.82598876953125, 678.4280395507812, 407.9419860839844, 689.0240478515625)",0,9
4569,doc9_page0_44.png,"(384.86602783203125, 671.7080078125, 389.7020263671875, 677.9840087890625)",0,9
4570,doc9_page0_45.png,"(389.18597412109375, 673.1480102539062, 393.5419616699219, 677.9840087890625)",0,9
4571,doc9_page0_46.png,"(392.5460205078125, 673.1480102539062, 397.8620300292969, 678.9440307617188)",0,9
4572,doc9_page0_47.png,"(397.82598876953125, 674.1080322265625, 425.22198486328125, 677.5040283203125)",0,9
4573,doc9_page0_48.png,"(396.86602783203125, 673.1480102539062, 401.2220153808594, 677.9840087890625)",0,9
4574,doc9_page0_49.png,"(400.70599365234375, 673.1480102539062, 405.0619812011719, 677.9840087890625)",0,9
4575,doc9_page0_50.png,"(404.06597900390625, 673.1480102539062, 408.4219665527344, 677.9840087890625)",0,9
4576,doc9_page0_51.png,"(407.906005859375, 673.1480102539062, 412.2619934082031, 677.9840087890625)",0,9
4577,doc9_page0_52.png,"(411.7459716796875, 673.1480102539062, 416.58197021484375, 678.9440307617188)",0,9
4578,doc9_page0_53.png,"(415.58599853515625, 673.1480102539062, 419.4620056152344, 677.9840087890625)",0,9
4579,doc9_page0_54.png,"(418.46600341796875, 673.1480102539062, 422.3420104980469, 677.9840087890625)",0,9
4580,doc9_page0_55.png,"(421.82598876953125, 673.1480102539062, 426.1819763183594, 677.9840087890625)",0,9
4581,doc9_page0_56.png,"(275.1259765625, 537.998046875, 358.7419738769531, 661.154052734375)",0,9
4582,doc9_page0_57.png,"(273.0260009765625, 660.1880493164062, 275.9419860839844, 663.5840454101562)",0,9
4583,doc9_page0_58.png,"(251.09600830078125, 537.998046875, 358.74200439453125, 661.154052734375)",0,9
4584,doc9_page0_59.png,"(249.0260009765625, 660.1880493164062, 275.9420166015625, 663.5840454101562)",0,9
4585,doc9_page0_60.png,"(265.82598876953125, 635.22802734375, 269.22198486328125, 663.10400390625)",0,9
4586,doc9_page0_61.png,"(279.0, 269.0, 346.0, 270.0)",0,9
4587,doc9_page0_62.png,"(326.0, 269.0, 346.0, 297.0)",0,9
4588,doc9_page0_63.png,"(191.9959716796875, 297.9680480957031, 325.83197021484375, 395.20404052734375)",0,9
4589,doc9_page0_64.png,"(265.82598876953125, 379.8680419921875, 269.22198486328125, 384.2240295410156)",0,9
4590,doc9_page0_65.png,"(324.86602783203125, 295.8680419921875, 327.7820129394531, 299.2640380859375)",0,9
4591,doc9_page0_66.png,"(278.30596923828125, 268.5080261230469, 346.501953125, 269.9840393066406)",0,9
4592,doc9_page0_67.png,"(259.58599853515625, 268.5080261230469, 346.50201416015625, 297.3440246582031)",0,9
4593,doc9_page0_68.png,"(191.9959716796875, 297.9680480957031, 325.83197021484375, 395.20404052734375)",0,9
4594,doc9_page0_69.png,"(265.82598876953125, 297.78802490234375, 269.22198486328125, 384.2240295410156)",0,9
4595,doc9_page0_70.png,"(258.14599609375, 295.8680419921875, 327.781982421875, 299.2640380859375)",0,9
4596,doc9_page0_71.png,"(408.0, 231.0, 418.0, 244.0)",0,9
4597,doc9_page0_72.png,"(418.0, 231.0, 429.0, 244.0)",0,9
4598,doc9_page0_73.png,"(429.0, 231.0, 442.0, 244.0)",0,9
4599,doc9_page0_74.png,"(442.0, 231.0, 453.0, 244.0)",0,9
4600,doc9_page0_75.png,"(0.0, 0.0, 0.0, 0.0)",0,9
4601,doc9_page0_76.png,"(0.0, 0.0, 0.0, 0.0)",0,9
4602,doc9_page1_4.png,"(61.367958068847656, 107.91607666015625, 237.91195678710938, 219.18008422851562)",1,9
4603,doc9_page1_8.png,"(253.48800659179688, 197.4361114501953, 325.0320129394531, 309.6601257324219)",1,9
4604,doc9_page1_11.png,"(62.327972412109375, 473.67608642578125, 131.11199951171875, 558.7800903320312)",1,9
4605,doc9_page1_15.png,"(61.36797332763672, 239.7960968017578, 179.592041015625, 301.9801025390625)",1,9
4606,doc9_page1_17.png,"(172.0079803466797, 325.47607421875, 236.11199951171875, 394.38006591796875)",1,9
4607,doc9_page1_20.png,"(62.087982177734375, 326.43603515625, 139.27203369140625, 397.62005615234375)",1,9
4608,doc9_page1_21.png,"(253.84800720214844, 342.3960876464844, 324.9119873046875, 393.1800842285156)",1,9
4609,doc9_page1_23.png,"(206.927978515625, 469.8360595703125, 291.6719970703125, 554.580078125)",1,9
4610,doc9_page1_24.png,"(206.92799377441406, 540.1561279296875, 215.71202087402344, 547.7401123046875)",1,9
4611,doc9_page1_26.png,"(206.927978515625, 548.3160400390625, 227.4720001220703, 554.580078125)",1,9
4612,doc9_page1_29.png,"(307.3680419921875, 468.3960876464844, 431.7120361328125, 527.340087890625)",1,9
4613,doc9_page1_34.png,"(445.968017578125, 401.0760803222656, 626.2320556640625, 467.340087890625)",1,9
4614,doc9_page1_35.png,"(508.12799072265625, 524.9160766601562, 626.2320556640625, 595.9801025390625)",1,9
4615,doc9_page1_37.png,"(382.6080017089844, 116.43614196777344, 463.7519836425781, 182.46014404296875)",1,9
4616,doc9_page1_39.png,"(356.9280090332031, 257.196044921875, 475.87200927734375, 331.86004638671875)",1,9
4617,doc9_page1_41.png,"(549.64794921875, 130.95611572265625, 589.6319580078125, 185.70010375976562)",1,9
4618,doc9_page1_43.png,"(575.3280639648438, 314.43609619140625, 623.83203125, 384.66009521484375)",1,9
4619,doc9_page1_44.png,"(528.7680053710938, 237.15609741210938, 601.6320190429688, 295.6200866699219)",1,9
4620,doc9_page1_49.png,"(687.7680053710938, 186.75604248046875, 734.592041015625, 250.02005004882812)",1,9
4621,doc9_page1_51.png,"(652.9679565429688, 349.3560791015625, 812.3519287109375, 413.7000732421875)",1,9
4622,doc9_page1_53.png,"(769.1280517578125, 233.07611083984375, 847.5120849609375, 300.42010498046875)",1,9
4623,doc9_page1_57.png,"(862.8480834960938, 218.55606079101562, 925.39208984375, 301.14007568359375)",1,9
4624,doc9_page1_59.png,"(830.927978515625, 351.15606689453125, 938.7119750976562, 406.14007568359375)",1,9
4625,doc9_page1_61.png,"(649.3681030273438, 492.6360778808594, 741.0721435546875, 557.4600830078125)",1,9
4626,doc9_page1_63.png,"(798.1680908203125, 521.0761108398438, 916.39208984375, 588.1801147460938)",1,9
4627,doc9_page1_64.png,"(840.2880249023438, 432.51605224609375, 937.9920043945312, 502.62005615234375)",1,9
4628,doc9_page1_65.png,"(364.7279968261719, 386.67608642578125, 429.3119812011719, 451.38006591796875)",1,9
4629,doc9_page1_66.png,"(624.407958984375, 119.31610107421875, 736.3919677734375, 158.4600830078125)",1,9
4630,doc9_page1_67.png,"(767.2080078125, 120.8760986328125, 840.9120483398438, 170.340087890625)",1,9
4631,doc9_page11_6.png,"(62.35200119018555, 300.4630126953125, 280.74700927734375, 469.8790283203125)",11,9
4632,doc9_page12_4.png,"(263.5920104980469, 198.40301513671875, 419.7230224609375, 299.239013671875)",12,9
4633,doc9_page12_8.png,"(36.821998596191406, 473.3529968261719, 192.89498901367188, 631.9089965820312)",12,9
4634,doc9_page14_7.png,"(36.821998596191406, 177.55300903320312, 164.4199981689453, 375.1090087890625)",14,9
4635,doc9_page15_7.png,"(62.35200119018555, 181.3930206298828, 190.08999633789062, 347.7490234375)",15,9
4636,doc9_page15_10.png,"(238.0919952392578, 473.35302734375, 444.15899658203125, 603.7990112304688)",15,9
4637,doc9_page16_9.png,"(35.801998138427734, 517.6930541992188, 236.4720001220703, 633.1390380859375)",16,9
4638,doc9_page17_8.png,"(61.332000732421875, 88.54301452636719, 261.94598388671875, 215.29901123046875)",17,9
4639,doc9_page19_8.png,"(226.7519989013672, 269.26300048828125, 445.09100341796875, 452.5989990234375)",19,9
4640,doc9_page20_2.png,"(291.9419860839844, 56.683013916015625, 419.5689697265625, 208.33901977539062)",20,9
4641,doc9_page21_3.png,"(62.35200119018555, 442.1829833984375, 309.96099853515625, 632.1489868164062)",21,9
4642,doc9_page22_4.png,"(16.992000579833984, 184.24301147460938, 442.3080139160156, 446.3590087890625)",22,9
4643,doc9_page23_4.png,"(246.58200073242188, 467.7130126953125, 445.0679931640625, 604.8790283203125)",23,9
4644,doc9_page24_14.png,"(323.2619934082031, 105.16303253173828, 376.0379943847656, 168.259033203125)",24,9
4645,doc9_page24_15.png,"(79.63200378417969, 105.16303253173828, 134.56800842285156, 168.259033203125)",24,9
4646,doc9_page24_16.png,"(201.3719940185547, 88.45304107666016, 253.03799438476562, 173.32904052734375)",24,9
4647,doc9_page24_17.png,"(201.3719940185547, 94.66300964355469, 253.03799438476562, 114.1090087890625)",24,9
4648,doc9_page24_18.png,"(201.3719940185547, 94.66302490234375, 253.03799438476562, 113.6290283203125)",24,9
4649,doc9_page25_6.png,"(61.152000427246094, 409.8429870605469, 205.27700805664062, 633.0789794921875)",25,9
4650,doc9_page25_7.png,"(218.26199340820312, 478.0329895019531, 437.177978515625, 631.9089965820312)",25,9
4651,doc9_page31_4.png,"(62.35200119018555, 436.51300048828125, 188.23300170898438, 604.1589965820312)",31,9
4652,doc9_page31_5.png,"(331.6319885253906, 436.51300048828125, 445.2179870605469, 603.5590209960938)",31,9
4653,doc9_page31_6.png,"(201.2519989013672, 445.03302001953125, 314.6579895019531, 588.0490112304688)",31,9
4654,doc9_page32_7.png,"(36.821998596191406, 56.683013916015625, 164.4429931640625, 221.1190185546875)",32,9
4655,doc9_page32_8.png,"(228.4320068359375, 306.1330261230469, 420.468017578125, 512.8090209960938)",32,9
4656,doc9_page33_2.png,"(328.81201171875, 416.6829833984375, 444.53802490234375, 590.5390014648438)",33,9
4657,doc9_page33_8.png,"(195.58200073242188, 416.68304443359375, 311.7900085449219, 589.6390380859375)",33,9
4658,doc9_page33_9.png,"(62.35200119018555, 416.68304443359375, 177.90699768066406, 589.6390380859375)",33,9
4659,doc9_page34_7.png,"(36.821998596191406, 416.68304443359375, 145.55999755859375, 589.6390380859375)",34,9
4660,doc9_page34_11.png,"(303.2820129394531, 416.68304443359375, 416.0870056152344, 589.6390380859375)",34,9
4661,doc9_page34_12.png,"(170.052001953125, 416.6829833984375, 286.38800048828125, 589.0390014648438)",34,9
4662,doc9_page36_2.png,"(303.2820129394531, 411.01300048828125, 419.7560119628906, 580.2789916992188)",36,9
4663,doc9_page36_3.png,"(170.052001953125, 411.01300048828125, 285.5740051269531, 583.968994140625)",36,9
4664,doc9_page36_4.png,"(36.821998596191406, 411.01300048828125, 150.8679962158203, 583.968994140625)",36,9
4665,doc9_page36_11.png,"(266.4419860839844, 218.26300048828125, 419.5379638671875, 333.0790100097656)",36,9
4666,doc9_page40_2.png,"(206.9219970703125, 294.79302978515625, 419.7279968261719, 432.82904052734375)",40,9
4667,doc9_page40_4.png,"(205.81199645996094, 473.35302734375, 420.4079895019531, 608.509033203125)",40,9
4668,doc9_page41_4.png,"(266.4419860839844, 56.683013916015625, 444.5579833984375, 170.239013671875)",41,9
4669,doc9_page41_5.png,"(62.35200119018555, 56.683013916015625, 241.12001037597656, 170.92901611328125)",41,9
4670,doc9_page42_4.png,"(240.91200256347656, 56.68299865722656, 419.6990051269531, 304.6990051269531)",42,9
4671,doc9_page42_6.png,"(240.91200256347656, 345.8230285644531, 419.7550048828125, 481.2490234375)",42,9
4672,doc9_page43_10.png,"(62.35200119018555, 172.90301513671875, 280.760009765625, 277.42901611328125)",43,9
4673,doc9_page45_4.png,"(62.35200119018555, 442.1829833984375, 191.05599975585938, 612.2890014648438)",45,9
4674,doc9_page45_5.png,"(198.40199279785156, 442.1829833984375, 317.7749938964844, 612.2890014648438)",45,9
4675,doc9_page45_6.png,"(61.12200164794922, 55.66302490234375, 187.87799072265625, 199.21902465820312)",45,9
4676,doc9_page45_7.png,"(325.9620056152344, 442.1829833984375, 445.9630126953125, 612.2890014648438)",45,9
4677,doc9_page46_6.png,"(240.91200256347656, 252.2530059814453, 419.50799560546875, 430.8489990234375)",46,9
4678,doc9_page46_11.png,"(201.2519989013672, 501.7030029296875, 419.7460021972656, 613.458984375)",46,9
4679,doc9_page47_5.png,"(62.35200119018555, 394.0030212402344, 445.1159973144531, 589.8790283203125)",47,9
4680,doc9_page48_5.png,"(249.4320068359375, 167.2330322265625, 419.53802490234375, 358.9690246582031)",48,9
4681,doc9_page49_8.png,"(62.35200119018555, 56.683013916015625, 273.31298828125, 217.45901489257812)",49,9
4682,doc9_page51_6.png,"(225.6719970703125, 145.9630126953125, 446.02801513671875, 319.3390197753906)",51,9
4683,doc9_page54_7.png,"(306.1319885253906, 425.1729736328125, 418.94598388671875, 592.458984375)",54,9
4684,doc9_page60_7.png,"(228.46200561523438, 56.683013916015625, 420.5159912109375, 204.01901245117188)",60,9
4685,doc9_page61_8.png,"(62.35200119018555, 56.68302917480469, 280.8559875488281, 181.1290283203125)",61,9
4686,doc9_page62_6.png,"(306.1319885253906, 297.6130065917969, 419.6029968261719, 435.7690124511719)",62,9
4687,doc9_page62_7.png,"(235.27200317382812, 56.683013916015625, 419.61102294921875, 253.51901245117188)",62,9
4688,doc9_page64_9.png,"(36.821998596191406, 291.9429931640625, 164.29800415039062, 460.218994140625)",64,9
4689,doc9_page65_4.png,"(62.35200119018555, 56.683013916015625, 191.0279998779297, 233.29901123046875)",65,9
4690,doc9_page66_6.png,"(36.821998596191406, 354.31298828125, 164.59500122070312, 519.8590087890625)",66,9
4691,doc9_page67_4.png,"(62.35200119018555, 56.68299865722656, 317.5879821777344, 200.5989990234375)",67,9
4692,doc9_page67_8.png,"(246.58200073242188, 445.03302001953125, 445.27301025390625, 591.1990356445312)",67,9
4693,doc9_page68_10.png,"(334.48199462890625, 170.05300903320312, 419.69500732421875, 254.20901489257812)",68,9
4694,doc9_page69_3.png,"(62.35200119018555, 445.03302001953125, 190.125, 600.3790283203125)",69,9
4695,doc9_page71_6.png,"(62.35200119018555, 56.683013916015625, 215.4010009765625, 267.1390075683594)",71,9
4696,doc9_page73_10.png,"(61.12200164794922, 303.28302001953125, 190.03799438476562, 460.03900146484375)",73,9
4697,doc9_page74_5.png,"(249.4320068359375, 56.683013916015625, 419.6990051269531, 308.3590087890625)",74,9
4698,doc9_page75_8.png,"(62.35200119018555, 314.6230163574219, 204.177001953125, 510.55902099609375)",75,9
4699,doc9_page77_5.png,"(61.27199935913086, 56.68299865722656, 205.1179962158203, 217.72900390625)",77,9
4700,doc9_page77_6.png,"(62.35200119018555, 453.5229797363281, 331.78900146484375, 633.0789794921875)",77,9
4701,doc9_page78_6.png,"(201.2519989013672, 56.683013916015625, 419.5679931640625, 220.39901733398438)",78,9
4702,doc9_page82_4.png,"(306.1319885253906, 56.68299865722656, 412.00799560546875, 201.19900512695312)",82,9
4703,doc9_page82_6.png,"(36.821998596191406, 306.13299560546875, 283.7030029296875, 629.5989990234375)",82,9
4704,doc9_page83_5.png,"(260.7720031738281, 56.683013916015625, 445.177001953125, 196.489013671875)",83,9
4705,doc9_page83_7.png,"(62.35200119018555, 311.80303955078125, 175.7949981689453, 497.1490478515625)",83,9
4706,doc9_page84_3.png,"(229.6020050048828, 428.02301025390625, 419.7590026855469, 570.4990234375)",84,9
4707,doc9_page85_5.png,"(62.35200119018555, 496.03302001953125, 232.54800415039062, 602.8690185546875)",85,9
4708,doc9_page86_4.png,"(263.5920104980469, 56.683013916015625, 418.8179931640625, 348.67901611328125)",86,9
4709,doc9_page86_6.png,"(69.8219985961914, 56.68302917480469, 231.54000854492188, 255.46902465820312)",86,9
4710,doc9_page87_3.png,"(62.59199905395508, 416.9229736328125, 289.0329895019531, 611.3289794921875)",87,9
4711,doc9_page87_4.png,"(317.47198486328125, 140.68299865722656, 445.2449951171875, 332.5989990234375)",87,9
4712,doc9_page87_7.png,"(317.47198486328125, 371.3230285644531, 445.1629943847656, 586.1890258789062)",87,9
4713,doc9_page88_4.png,"(51.582000732421875, 66.58302307128906, 145.4580078125, 189.4990234375)",88,9
4714,doc9_page88_5.png,"(189.91200256347656, 56.683013916015625, 418.1000061035156, 215.8690185546875)",88,9
4715,doc9_page89_4.png,"(62.35200119018555, 178.57302856445312, 215.49900817871094, 431.80902099609375)",89,9
4716,doc9_page91_3.png,"(62.35200119018555, 303.10296630859375, 445.0679931640625, 547.698974609375)",91,9
4717,doc9_page93_3.png,"(62.35200119018555, 280.6029968261719, 445.9079895019531, 551.3590087890625)",93,9
4718,doc9_page94_3.png,"(297.61199951171875, 396.8230285644531, 420.52801513671875, 593.0590209960938)",94,9
4719,doc9_page94_4.png,"(163.36199951171875, 396.822998046875, 287.2380065917969, 593.4190063476562)",94,9
4720,doc9_page94_5.png,"(35.68199920654297, 396.822998046875, 154.19100952148438, 593.4190063476562)",94,9
4721,doc9_page95_5.png,"(195.58200073242188, 56.68299865722656, 321.2279968261719, 219.25900268554688)",95,9
4722,doc9_page95_6.png,"(62.35200119018555, 56.68299865722656, 188.29400634765625, 219.22900390625)",95,9
4723,doc9_page95_8.png,"(328.81201171875, 56.68302917480469, 436.63800048828125, 217.9990234375)",95,9
4724,doc9_page95_11.png,"(61.301998138427734, 497.74298095703125, 261.7380065917969, 613.218994140625)",95,9
4725,doc9_page96_4.png,"(221.08200073242188, 55.483001708984375, 420.66400146484375, 165.3489990234375)",96,9
4726,doc9_page96_5.png,"(220.06199645996094, 188.86300659179688, 420.49798583984375, 305.3590087890625)",96,9
4727,doc9_page96_11.png,"(235.27200317382812, 484.6929931640625, 420.7770080566406, 617.208984375)",96,9
4728,doc9_page97_2.png,"(61.12200164794922, 55.42301940917969, 247.48800659179688, 187.93902587890625)",97,9
4729,doc9_page97_4.png,"(260.7720031738281, 56.68302917480469, 446.0880126953125, 186.31903076171875)",97,9
4730,doc9_page97_6.png,"(62.35200119018555, 372.9430236816406, 247.7150115966797, 529.0690307617188)",97,9
4731,doc9_page98_8.png,"(266.4419860839844, 198.40301513671875, 419.5979919433594, 300.43902587890625)",98,9
4732,doc9_page98_9.png,"(79.36199951171875, 181.39300537109375, 205.39801025390625, 353.5090026855469)",98,9
4733,doc9_page99_6.png,"(62.35200119018555, 56.68299865722656, 215.54100036621094, 278.65899658203125)",99,9
4734,doc9_page99_7.png,"(257.9219970703125, 110.53302001953125, 411.0480041503906, 278.80902099609375)",99,9
4735,doc9_page99_9.png,"(323.1419982910156, 416.68304443359375, 446.093994140625, 632.509033203125)",99,9
4736,doc9_page100_4.png,"(297.61199951171875, 56.68302917480469, 419.8630065917969, 202.21902465820312)",100,9
4737,doc9_page100_5.png,"(36.821998596191406, 56.68299865722656, 159.77099609375, 201.3489990234375)",100,9
4738,doc9_page100_8.png,"(297.61199951171875, 212.59300231933594, 419.6820068359375, 361.7590026855469)",100,9
4739,doc9_page101_4.png,"(62.35200119018555, 56.68299865722656, 280.7669982910156, 217.12899780273438)",101,9
4740,doc9_page101_8.png,"(62.35200119018555, 376.9930419921875, 232.4580078125, 604.759033203125)",101,9
4741,doc9_page102_5.png,"(36.821998596191406, 198.40301513671875, 207.01800537109375, 382.2790222167969)",102,9
4742,doc9_page102_8.png,"(36.821998596191406, 405.343017578125, 206.97601318359375, 507.22900390625)",102,9
4743,doc9_page104_9.png,"(266.4419860839844, 164.38302612304688, 420.0780029296875, 346.3390197753906)",104,9
4744,doc9_page108_3.png,"(53.832000732421875, 447.8529968261719, 269.86798095703125, 589.72900390625)",108,9
4745,doc9_page108_4.png,"(36.821998596191406, 56.68299102783203, 221.65798950195312, 170.718994140625)",108,9
4746,doc9_page109_4.png,"(328.81201171875, 102.04301452636719, 442.1199951171875, 272.1490173339844)",109,9
4747,doc9_page109_5.png,"(195.58200073242188, 102.04301452636719, 310.0469970703125, 272.1490173339844)",109,9
4748,doc9_page109_6.png,"(62.35200119018555, 102.04301452636719, 176.66400146484375, 272.1490173339844)",109,9
4749,doc9_page111_6.png,"(173.53199768066406, 455.38299560546875, 290.197998046875, 588.9190063476562)",111,9
4750,doc9_page111_7.png,"(310.24200439453125, 338.4429931640625, 436.1159973144531, 432.22900390625)",111,9
4751,doc9_page111_8.png,"(62.35200119018555, 455.14300537109375, 162.47999572753906, 588.9190063476562)",111,9
4752,doc9_page111_9.png,"(303.9419860839844, 450.7030029296875, 443.24798583984375, 545.1190185546875)",111,9
4753,doc9_page111_10.png,"(233.14199829101562, 329.14300537109375, 303.1809997558594, 434.77899169921875)",111,9
4754,doc9_page111_11.png,"(303.2820129394531, 552.373046875, 445.1230163574219, 632.1190185546875)",111,9
4755,doc9_page111_12.png,"(62.35200119018555, 329.53302001953125, 147.5449981689453, 433.6390380859375)",111,9
4756,doc9_page111_13.png,"(153.04200744628906, 329.53302001953125, 229.29800415039062, 433.5190124511719)",111,9
4757,doc9_page113_4.png,"(253.39199829101562, 510.2230224609375, 445.427978515625, 602.4190063476562)",113,9
4758,doc9_page114_7.png,"(235.27200317382812, 178.572998046875, 419.7080078125, 420.3789978027344)",114,9
4759,doc9_page114_8.png,"(36.821998596191406, 263.593017578125, 221.17800903320312, 418.18902587890625)",114,9
4760,doc9_page116_3.png,"(38.95199966430664, 294.04302978515625, 226.10499572753906, 393.43902587890625)",116,9
4761,doc9_page116_4.png,"(231.70199584960938, 292.9630126953125, 416.0579833984375, 394.5190124511719)",116,9
4762,doc9_page116_7.png,"(37.09199905395508, 445.27301025390625, 178.96800231933594, 630.5889892578125)",116,9
4763,doc9_page116_9.png,"(200.11199951171875, 56.683013916015625, 419.5260009765625, 185.8690185546875)",116,9
4764,doc9_page117_8.png,"(62.35200119018555, 56.683013916015625, 178.74600219726562, 231.13900756835938)",117,9
4765,doc9_page117_9.png,"(368.47198486328125, 297.613037109375, 445.27197265625, 388.2490234375)",117,9
4766,doc9_page118_1.png,"(48.194000244140625, 100.52002716064453, 171.66000366210938, 217.38702392578125)",118,9
4767,doc9_page118_5.png,"(221.71200561523438, 476.2030029296875, 408.8580017089844, 605.208984375)",118,9
4768,doc9_page119_3.png,"(254.53199768066406, 433.66302490234375, 341.6449890136719, 598.2490234375)",119,9
4769,doc9_page119_4.png,"(341.23199462890625, 503.89300537109375, 436.76300048828125, 597.97900390625)",119,9
4770,doc9_page119_5.png,"(319.7820129394531, 503.863037109375, 341.6330261230469, 597.9490356445312)",119,9
4771,doc9_page119_6.png,"(345.4020080566406, 504.822998046875, 436.8550109863281, 597.8289794921875)",119,9
4772,doc9_page119_7.png,"(362.50201416015625, 436.5130310058594, 428.24700927734375, 498.55902099609375)",119,9
4773,doc9_page119_8.png,"(219.52899169921875, 436.8810119628906, 286.7879943847656, 576.5812377929688)",119,9
4774,doc9_page119_9.png,"(254.53199768066406, 437.6529846191406, 287.67498779296875, 576.5289916992188)",119,9
4775,doc9_page119_10.png,"(219.53599548339844, 437.552001953125, 283.43499755859375, 575.7734375)",119,9
4776,doc9_page119_11.png,"(204.10699462890625, 475.926025390625, 235.88600158691406, 576.39013671875)",119,9
4777,doc9_page119_12.png,"(219.61441040039062, 548.259033203125, 224.5966033935547, 568.2230224609375)",119,9
4778,doc9_page119_13.png,"(68.86199951171875, 432.10302734375, 220.30799865722656, 601.8190307617188)",119,9
4779,doc9_page119_14.png,"(198.40199279785156, 434.4129943847656, 220.30799865722656, 598.218994140625)",119,9
4780,doc9_page119_15.png,"(68.86199951171875, 434.4129943847656, 195.10800170898438, 598.218994140625)",119,9
4781,doc9_page119_16.png,"(188.93540954589844, 529.1829833984375, 208.56350708007812, 590.7527465820312)",119,9
4782,doc9_page119_17.png,"(188.94000244140625, 473.92999267578125, 235.88600158691406, 593.691162109375)",119,9
4783,doc9_page119_18.png,"(188.9387969970703, 553.3370361328125, 200.74549865722656, 590.0993041992188)",119,9
4784,doc9_page119_19.png,"(219.61181640625, 566.5260009765625, 220.2938995361328, 568.0211181640625)",119,9
4785,doc9_page120_5.png,"(36.821998596191406, 461.1130065917969, 420.64398193359375, 602.239013671875)",120,9
4786,doc9_page121_4.png,"(345.8219909667969, 394.00299072265625, 445.6080017089844, 582.4089965820312)",121,9
4787,doc9_page122_7.png,"(314.052001953125, 347.0530090332031, 417.2879943847656, 488.92901611328125)",122,9
4788,doc9_page123_5.png,"(320.2919921875, 408.1629943847656, 444.6610107421875, 600.2890014648438)",123,9
4789,doc9_page123_6.png,"(62.36199951171875, 206.9290008544922, 204.08200073242188, 289.0090026855469)",123,9
4790,doc9_page123_7.png,"(62.35200119018555, 56.683013916015625, 204.22801208496094, 159.67901611328125)",123,9
4791,doc9_page125_6.png,"(232.4219970703125, 304.9930114746094, 446.14501953125, 440.2690124511719)",125,9
4792,doc9_page126_6.png,"(289.12200927734375, 130.36302185058594, 419.66302490234375, 332.7790222167969)",126,9
4793,doc9_page128_4.png,"(229.6020050048828, 130.36300659179688, 419.7300109863281, 199.78900146484375)",128,9
4794,doc9_page128_5.png,"(229.6020050048828, 249.43301391601562, 420.61199951171875, 295.3390197753906)",128,9
4795,doc9_page128_8.png,"(36.821998596191406, 470.53302001953125, 323.2869873046875, 631.6090087890625)",128,9
4796,doc9_page129_3.png,"(62.35200119018555, 56.68302917480469, 187.42799377441406, 223.9990234375)",129,9
4797,doc9_page132_8.png,"(36.821998596191406, 379.8130187988281, 150.13800048828125, 504.8890075683594)",132,9
4798,doc9_page134_6.png,"(235.27200317382812, 283.4530029296875, 419.53802490234375, 420.468994140625)",134,9
4799,doc9_page137_9.png,"(62.35200119018555, 374.14300537109375, 227.68800354003906, 600.2890014648438)",137,9
4800,doc9_page138_3.png,"(249.6719970703125, 462.28302001953125, 419.0579833984375, 631.8790283203125)",138,9
4801,doc9_page139_8.png,"(62.35200119018555, 235.24302673339844, 175.9199981689453, 400.30902099609375)",139,9
4802,doc9_page141_4.png,"(226.7519989013672, 426.10302734375, 445.218994140625, 590.4490356445312)",141,9
4803,doc9_page142_7.png,"(278.0220031738281, 110.77301025390625, 419.36102294921875, 297.8590087890625)",142,9
4804,doc9_page143_3.png,"(62.35200119018555, 56.68299865722656, 232.54800415039062, 274.15899658203125)",143,9
4805,doc9_page145_1.png,"(104.86199951171875, 56.683013916015625, 342.49798583984375, 135.67901611328125)",145,9
4806,doc9_page147_4.png,"(104.86199951171875, 188.14300537109375, 388.3380126953125, 366.0190124511719)",147,9
4807,doc9_page148_6.png,"(280.60198974609375, 72.64302062988281, 419.60797119140625, 278.7190246582031)",148,9
4808,doc9_page148_8.png,"(280.60198974609375, 419.5030517578125, 419.75396728515625, 563.5690307617188)",148,9
4809,doc9_page149_7.png,"(226.7519989013672, 374.14300537109375, 444.947998046875, 522.739013671875)",149,9
4810,doc9_page150_5.png,"(36.821998596191406, 56.683013916015625, 173.06900024414062, 223.39901733398438)",150,9
4811,doc9_page152_5.png,"(35.652000427246094, 324.822998046875, 148.48800659179688, 482.89898681640625)",152,9
4812,doc9_page152_6.png,"(302.2919921875, 324.85302734375, 420.49798583984375, 482.7490234375)",152,9
4813,doc9_page155_6.png,"(61.21200180053711, 205.66302490234375, 190.84800720214844, 431.7790222167969)",155,9
4814,doc9_page156_4.png,"(36.821998596191406, 510.2230224609375, 178.60800170898438, 603.4390258789062)",156,9
4815,doc9_page156_6.png,"(201.2519989013672, 56.68302917480469, 420.1679992675781, 174.31903076171875)",156,9
4816,doc9_page156_7.png,"(201.2519989013672, 178.57301330566406, 419.447998046875, 290.2090148925781)",156,9
4817,doc9_page157_6.png,"(274.9320068359375, 138.88299560546875, 445.2430114746094, 266.4490051269531)",157,9
4818,doc9_page157_8.png,"(62.35200119018555, 518.7130126953125, 147.4080047607422, 632.1489868164062)",157,9
4819,doc9_page158_4.png,"(334.48199462890625, 56.68299102783203, 419.5379943847656, 170.0889892578125)",158,9
4820,doc9_page162_6.png,"(192.70199584960938, 418.9030456542969, 419.5379943847656, 570.1390380859375)",162,9
4821,doc9_page162_7.png,"(36.821998596191406, 297.343017578125, 263.6579895019531, 446.17901611328125)",162,9
4822,doc9_page165_2.png,"(62.35200119018555, 163.66299438476562, 445.1409912109375, 319.8190002441406)",165,9
4823,doc9_page166_8.png,"(36.821998596191406, 56.683013916015625, 166.2860107421875, 236.26901245117188)",166,9
4824,doc9_page167_5.png,"(62.35200119018555, 56.683013916015625, 232.64199829101562, 202.489013671875)",167,9
4825,doc9_page167_7.png,"(226.7519989013672, 470.53302001953125, 445.8179931640625, 603.1090087890625)",167,9
4826,doc9_page169_3.png,"(226.7519989013672, 56.683013916015625, 444.947998046875, 192.79901123046875)",169,9
4827,doc9_page170_4.png,"(238.0919952392578, 56.683013916015625, 419.5379943847656, 329.5090026855469)",170,9
4828,doc9_page171_3.png,"(62.35200119018555, 345.822998046875, 444.947998046875, 600.97900390625)",171,9
4829,doc9_page172_8.png,"(278.0220031738281, 331.8730163574219, 420.4010009765625, 558.6790161132812)",172,9
4830,doc9_page175_2.png,"(62.35200119018555, 56.683013916015625, 181.4510040283203, 215.80902099609375)",175,9
4831,doc9_page175_4.png,"(62.35200119018555, 439.3630065917969, 308.99798583984375, 609.97900390625)",175,9
4832,doc9_page176_8.png,"(35.62200164794922, 152.02301025390625, 207.88800048828125, 309.8890075683594)",176,9
4833,doc9_page177_5.png,"(84.34200286865234, 56.68299865722656, 226.218017578125, 136.15899658203125)",177,9
4834,doc9_page177_9.png,"(273.6719970703125, 486.28302001953125, 445.93798828125, 584.8090209960938)",177,9
4835,doc9_page179_3.png,"(62.35200119018555, 340.1530456542969, 261.04400634765625, 633.1390380859375)",179,9
4836,doc9_page184_2.png,"(163.24200439453125, 56.68299865722656, 419.7560119628906, 230.5989990234375)",184,9
4837,doc9_page184_3.png,"(36.821998596191406, 56.683013916015625, 152.65899658203125, 229.63900756835938)",184,9
4838,doc9_page184_6.png,"(272.11199951171875, 379.8130187988281, 419.5379943847656, 602.6890258789062)",184,9
4839,doc9_page185_6.png,"(274.9320068359375, 56.68299865722656, 445.1409912109375, 307.1289978027344)",185,9
4840,doc9_page185_7.png,"(62.35200119018555, 430.8429870605469, 175.5290069580078, 632.1489868164062)",185,9
4841,doc9_page185_8.png,"(297.61199951171875, 430.8429870605469, 446.031982421875, 632.1489868164062)",185,9
4842,doc9_page187_6.png,"(359.98199462890625, 266.4430236816406, 444.9779968261719, 391.2790222167969)",187,9
4843,doc9_page187_7.png,"(62.35200119018555, 158.7130126953125, 260.8079833984375, 239.8690185546875)",187,9
4844,doc9_page187_11.png,"(331.6319885253906, 394.0030212402344, 442.6719970703125, 558.4390258789062)",187,9
4845,doc9_page188_6.png,"(221.08200073242188, 342.9729919433594, 419.58502197265625, 601.9089965820312)",188,9
4846,doc9_page190_5.png,"(36.821998596191406, 348.64300537109375, 190.010986328125, 576.4390258789062)",190,9
4847,doc9_page190_7.png,"(235.27200317382812, 56.47301483154297, 419.62799072265625, 175.54901123046875)",190,9
4848,doc9_page195_3.png,"(62.35200119018555, 311.80303955078125, 275.18798828125, 630.3190307617188)",195,9
4849,doc9_page196_5.png,"(133.21200561523438, 450.7030029296875, 419.5379943847656, 631.0390014648438)",196,9
4850,doc9_page200_5.png,"(177.40199279785156, 127.54301452636719, 420.677001953125, 292.30902099609375)",200,9
4851,doc9_page204_5.png,"(222.82200622558594, 55.633026123046875, 420.37799072265625, 261.5890197753906)",204,9
4852,doc9_page205_9.png,"(232.4219970703125, 56.68302917480469, 445.0679931640625, 169.1290283203125)",205,9
4853,doc9_page205_11.png,"(62.35200119018555, 383.1430358886719, 190.125, 559.6390380859375)",205,9
4854,doc9_page206_4.png,"(277.7820129394531, 56.683013916015625, 419.65802001953125, 237.91900634765625)",206,9
4855,doc9_page207_8.png,"(62.35200119018555, 428.02301025390625, 204.14801025390625, 628.1589965820312)",207,9
4856,doc9_page208_6.png,"(229.6020050048828, 464.86297607421875, 420.57598876953125, 593.3289794921875)",208,9
4857,doc9_page209_6.png,"(218.26199340820312, 204.072998046875, 445.29400634765625, 359.5989990234375)",209,9
4858,doc9_page211_5.png,"(198.40199279785156, 425.17303466796875, 445.63800048828125, 604.009033203125)",211,9
4859,doc9_page212_6.png,"(294.7919921875, 456.37298583984375, 419.86798095703125, 604.72900390625)",212,9
4860,doc9_page220_7.png,"(51.012001037597656, 246.61300659179688, 306.1679992675781, 410.5690002441406)",220,9
4861,doc9_page221_13.png,"(82.18199920654297, 436.51300048828125, 195.6179962158203, 585.5289916992188)",221,9
4862,doc9_page221_14.png,"(85.03199768066406, 272.113037109375, 192.85000610351562, 395.05902099609375)",221,9
4863,doc9_page223_3.png,"(62.35200119018555, 56.683013916015625, 173.12100219726562, 199.57901000976562)",223,9
4864,doc9_page223_4.png,"(331.6319885253906, 340.15301513671875, 445.0679931640625, 466.06903076171875)",223,9
4865,doc9_page224_8.png,"(201.2519989013672, 56.68304443359375, 419.447998046875, 192.07904052734375)",224,9
4866,doc9_page224_10.png,"(36.821998596191406, 425.1730041503906, 121.81800079345703, 558.8590087890625)",224,9
4867,doc9_page226_5.png,"(178.57200622558594, 317.4730224609375, 418.6080017089844, 465.1090087890625)",226,9
4868,doc9_page232_10.png,"(36.551998138427734, 56.6829833984375, 143.38800048828125, 184.39898681640625)",232,9
4869,doc9_page233_6.png,"(62.35200119018555, 110.53300476074219, 187.2480010986328, 281.4490051269531)",233,9
4870,doc9_page233_7.png,"(62.35200119018555, 476.2030334472656, 280.8110046386719, 631.6990356445312)",233,9
4871,doc9_page235_7.png,"(62.35200119018555, 56.6829833984375, 161.50799560546875, 188.958984375)",235,9
4872,doc9_page237_11.png,"(61.78200149536133, 289.1230163574219, 175.09800720214844, 440.3590087890625)",237,9
4873,doc9_page238_3.png,"(206.9219970703125, 439.36297607421875, 419.54901123046875, 603.0789794921875)",238,9
4874,doc9_page240_7.png,"(36.821998596191406, 55.48301696777344, 158.98300170898438, 200.1190185546875)",240,9
4875,doc9_page240_8.png,"(283.4519958496094, 229.60301208496094, 419.66900634765625, 453.16900634765625)",240,9
4876,doc9_page241_6.png,"(62.35200119018555, 337.302978515625, 255.10800170898438, 464.77899169921875)",241,9
4877,doc9_page241_7.png,"(274.9320068359375, 337.302978515625, 445.12799072265625, 464.77899169921875)",241,9
4878,doc9_page243_5.png,"(317.47198486328125, 430.8429870605469, 445.2229919433594, 579.5889892578125)",243,9
4879,doc9_page246_7.png,"(36.821998596191406, 289.12298583984375, 149.2969970703125, 437.41900634765625)",246,9
4880,doc9_page247_6.png,"(64.60199737548828, 181.66302490234375, 212.59298706054688, 373.93902587890625)",247,9
4881,doc9_page248_8.png,"(36.821998596191406, 388.3330078125, 156.14999389648438, 550.7890014648438)",248,9
4882,doc9_page250_5.png,"(317.47198486328125, 173.14300537109375, 412.4629821777344, 371.5989990234375)",250,9
4883,doc9_page251_11.png,"(317.47198486328125, 93.52299499511719, 445.12799072265625, 308.5690002441406)",251,9
4884,doc9_page252_10.png,"(36.821998596191406, 167.23300170898438, 159.8389892578125, 318.3789978027344)",252,9
4885,doc9_page252_11.png,"(297.61199951171875, 368.4729919433594, 420.52801513671875, 576.3489990234375)",252,9
4886,doc9_page255_8.png,"(280.60198974609375, 138.88302612304688, 445.0679931640625, 262.2190246582031)",255,9
4887,doc9_page255_10.png,"(62.35200119018555, 429.82305908203125, 175.83799743652344, 573.1390380859375)",255,9
4888,doc9_page256_6.png,"(36.821998596191406, 442.1829833984375, 178.697998046875, 631.0989990234375)",256,9
4889,doc9_page257_5.png,"(328.81201171875, 56.683013916015625, 445.2480163574219, 246.79901123046875)",257,9
4890,doc9_page261_3.png,"(62.35200119018555, 311.80303955078125, 215.51100158691406, 547.3690185546875)",261,9
4891,doc9_page262_10.png,"(221.32200622558594, 56.92301940917969, 419.8380126953125, 218.71902465820312)",262,9
4892,doc9_page263_12.png,"(62.35200119018555, 447.8529968261719, 175.66799926757812, 600.5289916992188)",263,9
4893,doc9_page264_2.png,"(277.7820129394531, 55.51300048828125, 420.64703369140625, 235.00900268554688)",264,9
4894,doc9_page264_4.png,"(36.821998596191406, 249.43299865722656, 207.93798828125, 463.27899169921875)",264,9
4895,doc9_page265_11.png,"(62.35200119018555, 56.68299865722656, 175.75799560546875, 213.3489990234375)",265,9
4896,doc9_page265_12.png,"(187.06199645996094, 56.68299865722656, 446.05902099609375, 230.53900146484375)",265,9
4897,doc9_page269_2.png,"(61.242000579833984, 55.57301330566406, 247.56800842285156, 236.20901489257812)",269,9
4898,doc9_page270_5.png,"(36.821998596191406, 181.39300537109375, 221.89801025390625, 294.7090148925781)",270,9
4899,doc9_page270_6.png,"(231.31199645996094, 181.39300537109375, 419.50799560546875, 294.7090148925781)",270,9
4900,doc9_page271_5.png,"(61.301998138427734, 257.92303466796875, 151.302001953125, 322.93902587890625)",271,9
4901,doc9_page271_6.png,"(357.1319885253906, 257.9230041503906, 445.947998046875, 322.6990051269531)",271,9
4902,doc9_page271_9.png,"(167.56199645996094, 257.92303466796875, 239.35499572753906, 323.17901611328125)",271,9
4903,doc9_page271_10.png,"(251.23199462890625, 257.92303466796875, 346.76800537109375, 322.93902587890625)",271,9
4904,doc9_page272_5.png,"(277.7820129394531, 240.91299438476562, 419.57501220703125, 409.8789978027344)",272,9
4905,doc9_page272_6.png,"(36.821998596191406, 56.683013916015625, 261.25799560546875, 198.07901000976562)",272,9
4906,doc9_page273_6.png,"(62.35200119018555, 56.683013916015625, 201.39700317382812, 252.79901123046875)",273,9
4907,doc9_page273_7.png,"(218.26199340820312, 450.7030029296875, 445.1159973144531, 593.208984375)",273,9
4908,doc9_page275_6.png,"(62.35200119018555, 147.3730010986328, 430.968994140625, 358.03900146484375)",275,9
4909,doc9_page283_6.png,"(300.4620056152344, 79.36302185058594, 444.49798583984375, 278.8390197753906)",283,9
4910,doc9_page283_8.png,"(62.35200119018555, 405.343017578125, 189.8280029296875, 593.2990112304688)",283,9
4911,doc9_page284_4.png,"(272.11199951171875, 388.3330078125, 418.39501953125, 598.1290283203125)",284,9
4912,doc9_page285_9.png,"(195.58200073242188, 56.68299865722656, 312.01800537109375, 201.19900512695312)",285,9
4913,doc9_page285_10.png,"(323.1419982910156, 56.68299865722656, 445.2120056152344, 200.56900024414062)",285,9
4914,doc9_page285_11.png,"(61.332000732421875, 56.68299865722656, 185.2080078125, 201.19900512695312)",285,9
4915,doc9_page286_6.png,"(257.9219970703125, 56.68299865722656, 419.62200927734375, 295.0690002441406)",286,9
4916,doc9_page287_6.png,"(62.35200119018555, 118.00302124023438, 170.19400024414062, 261.5890197753906)",287,9
4917,doc9_page287_7.png,"(62.35200119018555, 504.5530090332031, 170.15200805664062, 633.1090087890625)",287,9
4918,doc9_page291_4.png,"(246.58200073242188, 456.37298583984375, 445.0679931640625, 603.708984375)",291,9
4919,doc9_page292_7.png,"(36.821998596191406, 286.27301025390625, 164.63198852539062, 465.7690124511719)",292,9
4920,doc9_page293_3.png,"(226.7519989013672, 201.25302124023438, 445.1259765625, 323.989013671875)",293,9
4921,doc9_page293_5.png,"(62.35200119018555, 476.2030029296875, 252.42401123046875, 604.72900390625)",293,9
4922,doc9_page296_6.png,"(36.821998596191406, 56.683013916015625, 150.13800048828125, 192.55902099609375)",296,9
4923,doc9_page297_7.png,"(62.35200119018555, 121.8730239868164, 185.26800537109375, 161.7490234375)",297,9
4924,doc9_page299_7.png,"(62.35200119018555, 56.683013916015625, 204.3310089111328, 247.45901489257812)",299,9
4925,doc9_page300_2.png,"(35.71200180053711, 438.1929931640625, 159.78500366210938, 633.1090087890625)",300,9
4926,doc9_page301_6.png,"(61.301998138427734, 439.36297607421875, 185.47000122070312, 632.1489868164062)",301,9
4927,doc9_page303_7.png,"(62.35200119018555, 334.4830322265625, 233.31201171875, 490.3990478515625)",303,9
4928,doc9_page303_8.png,"(323.1419982910156, 476.2030029296875, 444.95098876953125, 632.1489868164062)",303,9
4929,doc9_page304_4.png,"(36.821998596191406, 337.30303955078125, 132.85800170898438, 504.6190185546875)",304,9
4930,doc9_page305_2.png,"(61.18199920654297, 56.68299865722656, 199.21798706054688, 226.87899780273438)",305,9
4931,doc9_page305_3.png,"(206.9219970703125, 56.68299865722656, 327.0769958496094, 226.78900146484375)",305,9
4932,doc9_page305_4.png,"(334.48199462890625, 56.68299865722656, 446.22998046875, 226.78900146484375)",305,9
4933,doc9_page305_8.png,"(61.18199920654297, 308.9530029296875, 253.26800537109375, 453.67901611328125)",305,9
4934,doc9_page305_10.png,"(61.301998138427734, 493.2130126953125, 253.38800048828125, 603.0490112304688)",305,9
4935,doc9_page306_6.png,"(277.7820129394531, 470.53302001953125, 419.65802001953125, 604.72900390625)",306,9
4936,doc9_page307_2.png,"(62.35200119018555, 56.68302917480469, 216.22801208496094, 267.43902587890625)",307,9
4937,doc9_page307_6.png,"(79.36199951171875, 450.7030029296875, 192.67800903320312, 620.8989868164062)",307,9
4938,doc9_page308_2.png,"(43.84199905395508, 36.82301330566406, 172.2779998779297, 229.63900756835938)",308,9
4939,doc9_page308_3.png,"(201.2519989013672, 56.68299865722656, 419.6210021972656, 244.72900390625)",308,9
4940,doc9_page308_6.png,"(65.1719970703125, 409.9330139160156, 206.9980010986328, 604.6690063476562)",308,9
4941,doc9_page308_8.png,"(257.9219970703125, 411.0130310058594, 385.49200439453125, 604.009033203125)",308,9
4942,doc9_page309_4.png,"(61.27199935913086, 55.60302734375, 153.947998046875, 213.55902099609375)",309,9
4943,doc9_page309_6.png,"(255.1020050048828, 473.3529968261719, 446.22802734375, 604.8489990234375)",309,9
4944,doc9_page310_4.png,"(48.1619987487793, 56.683013916015625, 247.3979949951172, 185.1190185546875)",310,9
4945,doc9_page310_5.png,"(269.2619934082031, 56.683013916015625, 408.78997802734375, 229.63900756835938)",310,9
4946,doc9_page311_7.png,"(62.35200119018555, 436.51300048828125, 175.95199584960938, 552.1090087890625)",311,9
4947,doc9_page314_8.png,"(159.3719940185547, 504.552978515625, 244.56500244140625, 632.1489868164062)",314,9
4948,doc9_page314_9.png,"(51.012001037597656, 386.593017578125, 190.94601440429688, 492.19903564453125)",314,9
4949,doc9_page314_10.png,"(265.302001953125, 536.113037109375, 408.3269958496094, 630.7990112304688)",314,9
4950,doc9_page314_11.png,"(206.9219970703125, 375.9430236816406, 319.51800537109375, 494.92901611328125)",314,9
4951,doc9_page314_12.png,"(329.50201416015625, 354.3130187988281, 419.53802490234375, 523.5490112304688)",314,9
4952,doc9_page314_13.png,"(51.012001037597656, 504.55303955078125, 140.49899291992188, 633.01904296875)",314,9
4953,doc9_page316_12.png,"(36.821998596191406, 116.2030029296875, 150.13800048828125, 262.8789978027344)",316,9
4954,doc9_page318_4.png,"(226.7519989013672, 56.6829833984375, 420.468017578125, 178.39898681640625)",318,9
4955,doc9_page319_11.png,"(62.35200119018555, 368.4730224609375, 175.66799926757812, 517.3090209960938)",319,9
4956,doc9_page320_2.png,"(36.821998596191406, 56.68299865722656, 263.7850036621094, 231.28900146484375)",320,9
4957,doc9_page320_3.png,"(317.47198486328125, 76.5130386352539, 402.4679870605469, 192.94903564453125)",320,9
4958,doc9_page321_5.png,"(223.9320068359375, 127.54301452636719, 445.1990051269531, 252.04901123046875)",321,9
4959,doc9_page322_8.png,"(36.821998596191406, 90.70301818847656, 150.30599975585938, 245.7490234375)",322,9
4960,doc9_page323_9.png,"(62.35200119018555, 263.593017578125, 175.66799926757812, 444.8290100097656)",323,9
4961,doc9_page323_11.png,"(303.2820129394531, 456.37298583984375, 445.13702392578125, 635.8389892578125)",323,9
4962,doc9_page326_6.png,"(35.77199935913086, 285.2230224609375, 145.4759979248047, 431.7490234375)",326,9
4963,doc9_page327_4.png,"(62.35200119018555, 56.683013916015625, 175.8610076904297, 198.6190185546875)",327,9
4964,doc9_page327_6.png,"(235.27200317382812, 240.9130096435547, 445.99798583984375, 393.9490051269531)",327,9
4965,doc9_page328_6.png,"(201.2519989013672, 116.2030029296875, 419.57098388671875, 372.3190002441406)",328,9
4966,doc9_page329_5.png,"(61.18199920654297, 56.68299865722656, 161.6060028076172, 241.75900268554688)",329,9
4967,doc9_page329_7.png,"(245.53199768066406, 489.2530212402344, 446.2200012207031, 603.739013671875)",329,9
4968,doc9_page331_7.png,"(331.6319885253906, 56.6829833984375, 444.947998046875, 196.39898681640625)",331,9
4969,doc9_page338_2.png,"(37.09199905395508, 58.93299865722656, 234.15599060058594, 263.4490051269531)",338,9
4970,doc9_page339_3.png,"(62.35200119018555, 13.093017578125, 232.66500854492188, 202.27902221679688)",339,9
4971,doc9_page339_4.png,"(263.5920104980469, 19.813003540039062, 433.78802490234375, 147.28900146484375)",339,9
4972,doc9_page339_6.png,"(255.1020050048828, 490.363037109375, 445.93798828125, 607.51904296875)",339,9
4973,doc9_page340_7.png,"(36.821998596191406, 382.66302490234375, 141.80999755859375, 505.489013671875)",340,9
4974,doc9_page341_2.png,"(62.35200119018555, 56.68299865722656, 204.34201049804688, 277.8789978027344)",341,9
4975,doc9_page343_4.png,"(246.58200073242188, 238.09300231933594, 446.0820007324219, 383.65899658203125)",343,9
4976,doc9_page346_6.png,"(229.6020050048828, 56.683006286621094, 420.43798828125, 183.91900634765625)",346,9
4977,doc9_page348_6.png,"(36.821998596191406, 167.23301696777344, 140.03500366210938, 300.8290100097656)",348,9
4978,doc9_page348_7.png,"(252.2519989013672, 450.7030334472656, 419.66998291015625, 601.1290283203125)",348,9
4979,doc9_page349_8.png,"(331.6319885253906, 56.68302917480469, 445.07098388671875, 174.31903076171875)",349,9
4980,doc9_page350_7.png,"(36.821998596191406, 328.81298828125, 156.12399291992188, 477.198974609375)",350,9
4981,doc9_page351_5.png,"(218.26199340820312, 473.35302734375, 445.1679992675781, 602.3890380859375)",351,9
4982,doc9_page354_4.png,"(306.1319885253906, 116.20301818847656, 419.58599853515625, 302.8990173339844)",354,9
4983,doc9_page354_9.png,"(36.821998596191406, 354.31298828125, 207.11199951171875, 482.0889892578125)",354,9
4984,doc9_page361_8.png,"(62.35200119018555, 362.80303955078125, 175.80599975585938, 515.3890380859375)",361,9
4985,doc9_page362_7.png,"(239.86199951171875, 56.68303680419922, 420.70098876953125, 179.3890380859375)",362,9
4986,doc9_page362_8.png,"(36.821998596191406, 56.68299865722656, 228.85800170898438, 179.5989990234375)",362,9
4987,doc9_page362_11.png,"(36.821998596191406, 498.8830261230469, 150.36099243164062, 616.009033203125)",362,9
4988,doc9_page363_6.png,"(334.48199462890625, 466.6330261230469, 446.0159912109375, 613.2490234375)",363,9
4989,doc9_page363_8.png,"(62.35200119018555, 296.593017578125, 173.7969970703125, 440.17901611328125)",363,9
4990,doc9_page364_4.png,"(322.12200927734375, 56.68302917480469, 420.3179931640625, 253.27902221679688)",364,9
4991,doc9_page364_6.png,"(36.821998596191406, 323.1430358886719, 164.41799926757812, 497.509033203125)",364,9
4992,doc9_page364_8.png,"(35.832000732421875, 501.7030029296875, 165.22799682617188, 632.0590209960938)",364,9
4993,doc9_page365_6.png,"(191.6219940185547, 421.2729797363281, 312.96099853515625, 582.0789794921875)",365,9
4994,doc9_page365_7.png,"(62.35200119018555, 422.3529968261719, 181.6199951171875, 581.0289916992188)",365,9
4995,doc9_page365_8.png,"(324.9419860839844, 422.35302734375, 446.0469970703125, 582.1090087890625)",365,9
4996,doc9_page366_4.png,"(36.821998596191406, 402.76300048828125, 161.18899536132812, 559.5490112304688)",366,9
4997,doc9_page366_5.png,"(174.58200073242188, 402.7630615234375, 418.697998046875, 559.51904296875)",366,9
4998,doc9_page367_6.png,"(62.35200119018555, 56.68302917480469, 218.9820098876953, 212.68902587890625)",367,9
4999,doc9_page367_7.png,"(231.28199768066406, 56.68302917480469, 446.04998779296875, 213.4990234375)",367,9
5000,doc9_page367_10.png,"(61.242000579833984, 392.9230041503906, 281.61700439453125, 491.239013671875)",367,9
5001,doc9_page368_5.png,"(237.01199340820312, 56.683013916015625, 420.6259765625, 201.79901123046875)",368,9
5002,doc9_page368_6.png,"(35.801998138427734, 447.85296630859375, 222.0780029296875, 632.208984375)",368,9
5003,doc9_page368_7.png,"(266.4419860839844, 428.02301025390625, 408.3179931640625, 550.9390258789062)",368,9
5004,doc9_page369_6.png,"(337.302001953125, 79.36299133300781, 445.281005859375, 244.15899658203125)",369,9
5005,doc9_page369_7.png,"(218.26199340820312, 78.31300354003906, 326.114990234375, 234.22900390625)",369,9
5006,doc9_page370_6.png,"(35.77199935913086, 331.63299560546875, 140.0419921875, 448.8489990234375)",370,9
5007,doc9_page374_7.png,"(51.012001037597656, 262.3330078125, 243.04800415039062, 370.3690185546875)",374,9
5008,doc9_page378_17.png,"(59.927982330322266, 264.2760925292969, 136.15200805664062, 380.340087890625)",378,9
5009,doc9_page378_19.png,"(179.68801879882812, 285.5160827636719, 250.63201904296875, 380.580078125)",378,9
5010,doc9_page378_21.png,"(59.0880126953125, 107.43605041503906, 137.47201538085938, 154.62005615234375)",378,9
5011,doc9_page378_23.png,"(168.76803588867188, 118.35608673095703, 239.11203002929688, 209.340087890625)",378,9
5012,doc9_page378_25.png,"(255.88804626464844, 116.07605743408203, 326.2320556640625, 210.4200439453125)",378,9
5013,doc9_page378_26.png,"(61.00799560546875, 399.27606201171875, 217.3920440673828, 461.1000671386719)",378,9
5014,doc9_page378_27.png,"(232.84799194335938, 397.8360595703125, 324.9119873046875, 510.9000549316406)",378,9
5015,doc9_page378_29.png,"(348.5279846191406, 258.51605224609375, 469.3919982910156, 319.8600769042969)",378,9
5016,doc9_page378_32.png,"(349.12799072265625, 339.9960632324219, 470.35198974609375, 429.06005859375)",378,9
5017,doc9_page378_34.png,"(357.52801513671875, 482.91607666015625, 470.3520202636719, 581.10009765625)",378,9
5018,doc9_page378_37.png,"(649.8480224609375, 493.7160949707031, 734.592041015625, 576.7800903320312)",378,9
5019,doc9_page378_41.png,"(834.7679443359375, 120.03607177734375, 915.6719970703125, 253.74008178710938)",378,9
5020,doc9_page378_43.png,"(651.4080810546875, 283.47607421875, 813.5521240234375, 390.78009033203125)",378,9
5021,doc9_page378_45.png,"(855.0479736328125, 340.47601318359375, 938.3519897460938, 389.46002197265625)",378,9
5022,doc9_page378_47.png,"(768.4080200195312, 437.7960510253906, 908.9520263671875, 535.3800659179688)",378,9
5023,doc9_page378_49.png,"(876.2879638671875, 280.1160888671875, 935.7119750976562, 319.860107421875)",378,9
5024,doc9_page378_50.png,"(652.3680419921875, 132.8759765625, 748.2720336914062, 254.93997192382812)",378,9
5025,doc9_page378_52.png,"(484.968017578125, 191.07608032226562, 626.83203125, 298.7400817871094)",378,9
5026,doc9_page378_53.png,"(485.80804443359375, 475.83612060546875, 615.5520629882812, 578.7001342773438)",378,9
5027,doc9_page378_54.png,"(485.8080139160156, 323.79608154296875, 626.2319946289062, 427.86004638671875)",378,9
5028,doc9_page379_0.png,"(0.0, 0.0, 0.0, 0.0)",379,9
5029,doc9_page379_1.png,"(0.0, 0.0, 0.0, 0.0)",379,9
5030,doc9_page379_2.png,"(0.0, 0.0, 0.0, 0.0)",379,9
5031,doc9_page379_3.png,"(0.0, 0.0, 0.0, 0.0)",379,9
5032,doc9_page379_4.png,"(0.0, 0.0, 0.0, 0.0)",379,9
5033,doc9_page379_5.png,"(11.222301483154297, 308.70806884765625, 413.4082946777344, 673.7840576171875)",379,9
5034,doc9_page379_6.png,"(0.0, 0.0, 0.0, 0.0)",379,9
5035,doc9_page379_7.png,"(11.0, 270.0, 166.0, 397.0)",379,9
5036,doc9_page379_8.png,"(10.9822998046875, 308.468017578125, 139.3282928466797, 396.82403564453125)",379,9
5037,doc9_page379_9.png,"(10.26230239868164, 270.42803955078125, 166.2982940673828, 397.18402099609375)",379,9
5038,doc9_page379_10.png,"(10.9822998046875, 308.468017578125, 139.3282928466797, 396.82403564453125)",379,9
5039,doc9_page379_11.png,"(196.0, 269.0, 264.0, 271.0)",379,9
5040,doc9_page379_12.png,"(236.0, 270.0, 263.0, 309.0)",379,9
5041,doc9_page379_13.png,"(109.47230529785156, 308.468017578125, 236.34829711914062, 395.384033203125)",379,9
5042,doc9_page379_14.png,"(195.0623016357422, 268.988037109375, 264.2182922363281, 271.4240417480469)",379,9
5043,doc9_page379_15.png,"(168.6623077392578, 269.9480285644531, 263.25830078125, 309.3440246582031)",379,9
5044,doc9_page379_16.png,"(109.47230529785156, 308.468017578125, 236.34829711914062, 395.384033203125)",379,9
5045,doc9_page379_17.png,"(335.0, 269.0, 363.0, 271.0)",379,9
5046,doc9_page379_18.png,"(335.0, 270.0, 363.0, 309.0)",379,9
5047,doc9_page379_19.png,"(247.95228576660156, 308.468017578125, 335.79827880859375, 395.384033203125)",379,9
5048,doc9_page379_20.png,"(333.78228759765625, 268.988037109375, 363.5782775878906, 271.4240417480469)",379,9
5049,doc9_page379_21.png,"(307.38232421875, 269.9480285644531, 362.6183166503906, 309.3440246582031)",379,9
5050,doc9_page379_22.png,"(247.95228576660156, 308.468017578125, 335.79827880859375, 395.384033203125)",379,9
5051,doc9_page379_23.png,"(0.0, 0.0, 0.0, 0.0)",379,9
5052,doc9_page379_24.png,"(284.82232666015625, 537.9080200195312, 413.6483154296875, 573.9440307617188)",379,9
5053,doc9_page379_25.png,"(215.22230529785156, 537.9080810546875, 413.6483154296875, 674.0240478515625)",379,9
5054,doc9_page379_26.png,"(183.9322967529297, 575.3480224609375, 251.1383056640625, 674.0240478515625)",379,9
5055,doc9_page379_27.png,"(159.6623077392578, 537.9080810546875, 276.3683166503906, 674.0240478515625)",379,9
5056,doc9_page379_28.png,"(0.0, 0.0, 0.0, 0.0)",379,9
5057,doc9_page379_29.png,"(0.0, 0.0, 0.0, 0.0)",379,9
5058,doc9_page379_30.png,"(0.0, 0.0, 0.0, 0.0)",379,9
5059,doc9_page379_31.png,"(0.0, 0.0, 0.0, 0.0)",379,9
5060,doc9_page379_32.png,"(0.0, 0.0, 0.0, 0.0)",379,9
5061,doc9_page379_33.png,"(0.0, 0.0, 0.0, 0.0)",379,9
5062,doc9_page379_34.png,"(0.0, 0.0, 0.0, 0.0)",379,9
5063,doc9_page379_35.png,"(0.0, 0.0, 0.0, 0.0)",379,9
5064,doc9_page379_36.png,"(0.0, 0.0, 0.0, 0.0)",379,9
5065,doc9_page379_37.png,"(0.0, 0.0, 0.0, 0.0)",379,9
5066,doc9_page379_38.png,"(0.0, 0.0, 0.0, 0.0)",379,9
5067,doc9_page379_39.png,"(0.0, 0.0, 0.0, 0.0)",379,9
5068,doc9_page379_40.png,"(11.0, 671.0, 416.0, 674.0)",379,9
5069,doc9_page379_41.png,"(11.0, 307.0, 416.0, 310.0)",379,9
5070,doc10_page1_0.png,"(49.88980484008789, 208.3641357421875, 106.58270263671875, 265.0570373535156)",1,10
5071,doc10_page1_1.png,"(289.0788269042969, 96.16714477539062, 345.771728515625, 152.86004638671875)",1,10
5072,doc10_page1_2.png,"(289.0788269042969, 397.1341247558594, 345.771728515625, 453.8270263671875)",1,10
5073,doc10_page1_3.png,"(49.88980484008789, 586.6680908203125, 106.58270263671875, 643.3609619140625)",1,10
5074,doc10_page1_4.png,"(49.88980484008789, 264.8751220703125, 106.58270263671875, 321.5680236816406)",1,10
5075,doc10_page1_5.png,"(289.0788269042969, 453.8271179199219, 345.771728515625, 510.52001953125)",1,10
5076,doc10_page1_6.png,"(49.88980484008789, 643.3609619140625, 106.58270263671875, 700.0538330078125)",1,10
5077,doc10_page1_7.png,"(289.0788269042969, 583.9901123046875, 345.771728515625, 640.6829833984375)",1,10
5078,doc10_page1_8.png,"(49.88980484008789, 321.25213623046875, 106.58270263671875, 377.9450378417969)",1,10
5079,doc10_page1_9.png,"(289.0788269042969, 208.18212890625, 345.771728515625, 264.8750305175781)",1,10
5080,doc10_page1_10.png,"(289.0788269042969, 265.1201171875, 345.771728515625, 321.8130187988281)",1,10
5081,doc10_page1_11.png,"(289.0788269042969, 322.16412353515625, 345.771728515625, 378.8570251464844)",1,10
5082,doc10_page1_12.png,"(49.88980484008789, 453.8271179199219, 106.58270263671875, 510.52001953125)",1,10
5083,doc10_page2_1.png,"(120.0, 419.0475769042969, 177.1103973388672, 476.1579895019531)",2,10
5084,doc10_page3_9.png,"(108.2969970703125, 549.2351684570312, 168.08580017089844, 609.0239868164062)",3,10
5085,doc10_page5_9.jpeg,"(33.82680130004883, 99.93673706054688, 84.09449768066406, 145.8580322265625)",5,10
5086,doc10_page7_13.png,"(34.015777587890625, 382.42572021484375, 84.09452056884766, 428.1580505371094)",7,10
5087,doc10_page10_8.jpeg,"(354.1419982910156, 137.75173950195312, 404.4096984863281, 183.67303466796875)",10,10
5088,doc10_page11_5.jpeg,"(12.671149253845215, 485.4400634765625, 212.6954803466797, 640.8118896484375)",11,10
5089,doc10_page14_8.jpeg,"(45.146156311035156, 65.825927734375, 329.02716064453125, 280.6519775390625)",14,10
5090,doc10_page16_4.jpeg,"(45.95429992675781, 65.98103332519531, 276.46435546875, 195.8509979248047)",16,10
5091,doc10_page16_5.png,"(301.8160095214844, 64.93202209472656, 533.0494384765625, 195.84494018554688)",16,10
5092,doc10_page18_10.png,"(354.3309631347656, 635.6300048828125, 404.4096984863281, 681.3623046875)",18,10
5093,doc10_page18_13.jpeg,"(354.1419982910156, 98.4017333984375, 404.4096984863281, 144.134033203125)",18,10
5094,doc10_page20_12.jpeg,"(45.35430145263672, 64.69673156738281, 276.4643859863281, 209.76719665527344)",20,10
5095,doc10_page20_13.jpeg,"(301.9280090332031, 65.173095703125, 532.875, 209.62423706054688)",20,10
5096,doc10_page21_9.png,"(33.96953201293945, 64.90815734863281, 264.9755859375, 215.66184997558594)",21,10
5097,doc10_page21_10.jpeg,"(290.72991943359375, 65.10910034179688, 521.3958129882812, 215.52096557617188)",21,10
5098,doc10_page22_7.jpeg,"(349.9628601074219, 212.1951446533203, 537.1441650390625, 467.68505859375)",22,10
5099,doc10_page24_5.jpeg,"(45.35430145263672, 65.19700622558594, 328.8193054199219, 202.6771240234375)",24,10
5100,doc10_page26_4.jpeg,"(355.0459899902344, 306.77203369140625, 556.64599609375, 439.02203369140625)",26,10
5101,doc10_page26_9.png,"(45.35430145263672, 65.56344604492188, 276.4829406738281, 215.48512268066406)",26,10
5102,doc10_page26_10.jpeg,"(301.8028259277344, 65.57867431640625, 532.9129028320312, 215.279052734375)",26,10
5103,doc10_page26_12.jpeg,"(45.35430145263672, 436.11895751953125, 328.9375305175781, 655.8573608398438)",26,10
5104,doc10_page28_11.jpeg,"(45.44892120361328, 65.13285827636719, 276.30718994140625, 226.3782196044922)",28,10
5105,doc10_page28_12.jpeg,"(302.0194396972656, 64.91482543945312, 532.8684692382812, 226.4753875732422)",28,10
5106,doc10_page29_8.jpeg,"(33.82680130004883, 111.40176391601562, 84.09449768066406, 157.32305908203125)",29,10
5107,doc10_page29_12.png,"(34.015777587890625, 640.43310546875, 84.09452056884766, 686.1654052734375)",29,10
5108,doc10_page31_24.jpeg,"(34.01043701171875, 397.6987609863281, 212.4280242919922, 651.3090209960938)",31,10
5109,doc10_page32_3.jpeg,"(419.77801513671875, 320.70904541015625, 532.7404174804688, 499.4720458984375)",32,10
5110,doc10_page32_5.jpeg,"(419.77801513671875, 65.63304138183594, 532.6640014648438, 206.803955078125)",32,10
5111,doc10_page33_12.jpeg,"(238.10980224609375, 65.27607727050781, 521.5748291015625, 228.72640991210938)",33,10
5112,doc10_page33_14.png,"(66.86419677734375, 253.301025390625, 179.7501983642578, 397.4870300292969)",33,10
5113,doc10_page34_3.jpeg,"(354.0903015136719, 64.96400451660156, 557.7849731445312, 182.197021484375)",34,10
5114,doc10_page35_7.jpeg,"(290.5990295410156, 65.14898681640625, 521.5267333984375, 221.1490020751953)",35,10
5115,doc10_page35_8.jpeg,"(33.92627716064453, 66.40106201171875, 265.1289978027344, 221.28103637695312)",35,10
5116,doc10_page36_7.png,"(354.3309631347656, 332.87371826171875, 404.4096984863281, 378.60601806640625)",36,10
5117,doc10_page36_10.jpeg,"(353.4490051269531, 484.4381408691406, 533.7960205078125, 522.47705078125)",36,10
5118,doc10_page36_11.jpeg,"(353.53900146484375, 425.9663391113281, 533.7120361328125, 474.25604248046875)",36,10
5119,doc10_page36_12.jpeg,"(354.8699951171875, 532.300048828125, 532.8740234375, 633.5580444335938)",36,10
5120,doc10_page37_243.jpeg,"(33.560848236083984, 536.3318481445312, 133.14573669433594, 653.02880859375)",37,10
5121,doc10_page38_6.jpeg,"(429.1473693847656, 259.99542236328125, 532.806640625, 390.68865966796875)",38,10
5122,doc10_page38_7.jpeg,"(429.22601318359375, 445.5730285644531, 531.968017578125, 575.6331787109375)",38,10
5123,doc10_page38_8.jpeg,"(429.1046447753906, 65.44703674316406, 531.3080444335938, 195.4376983642578)",38,10
5124,doc10_page39_6.jpeg,"(33.76580047607422, 65.7950439453125, 212.34878540039062, 316.988037109375)",39,10
5125,doc10_page40_19.png,"(354.3309631347656, 317.42572021484375, 404.4096984863281, 363.15802001953125)",40,10
5126,doc10_page41_11.jpeg,"(33.82680130004883, 98.4017333984375, 84.09449768066406, 144.134033203125)",41,10
5127,doc10_page43_9.png,"(66.86419677734375, 523.3668212890625, 179.7501983642578, 652.056884765625)",43,10
5128,doc10_page43_11.jpeg,"(34.15406799316406, 65.12081909179688, 264.9538269042969, 221.4032745361328)",43,10
5129,doc10_page43_12.jpeg,"(290.74481201171875, 64.970703125, 521.3809204101562, 221.327392578125)",43,10
5130,doc10_page44_6.jpeg,"(45.10670471191406, 65.07928466796875, 329.03656005859375, 254.61874389648438)",44,10
5131,doc10_page45_10.png,"(33.82680130004883, 463.51171875, 84.09449768066406, 509.2440185546875)",45,10
5132,doc10_page46_4.jpeg,"(45.14434051513672, 456.6119384765625, 329.0502014160156, 664.9766235351562)",46,10
5133,doc10_page46_8.jpeg,"(21.56730079650879, 63.69403076171875, 329.9292907714844, 235.83203125)",46,10
5134,doc10_page49_7.png,"(34.015777587890625, 90.07069396972656, 84.09452056884766, 135.8030242919922)",49,10
5135,doc10_page50_12.jpeg,"(352.764404296875, 401.01287841796875, 534.571533203125, 649.36328125)",50,10
5136,doc10_page51_8.png,"(33.01140213012695, 571.9705200195312, 84.47239685058594, 619.572021484375)",51,10
5137,doc10_page51_10.png,"(33.01140213012695, 636.9323120117188, 84.47239685058594, 684.5338134765625)",51,10
5138,doc10_page51_13.jpeg,"(34.819801330566406, 97.40301513671875, 213.62179565429688, 352.52001953125)",51,10
5139,doc10_page51_15.jpeg,"(59.5275993347168, 404.9000244140625, 180.52760314941406, 525.9000244140625)",51,10
5140,doc10_page52_1.jpeg,"(45.35430145263672, 34.0152587890625, 532.9132690429688, 685.9842529296875)",52,10
5141,doc10_page53_9.jpeg,"(33.82680130004883, 124.40176391601562, 84.09449768066406, 170.32305908203125)",53,10
5142,doc10_page55_6.png,"(33.82680130004883, 88.52774047851562, 84.09449768066406, 134.44903564453125)",55,10
5143,doc10_page56_3.jpeg,"(45.73017883300781, 64.39381408691406, 276.5851135253906, 220.5838623046875)",56,10
5144,doc10_page56_4.jpeg,"(302.04193115234375, 63.882965087890625, 533.3021240234375, 221.14007568359375)",56,10
5145,doc10_page56_7.jpeg,"(353.5360107421875, 364.8310546875, 533.72998046875, 612.7940673828125)",56,10
5146,doc10_page57_4.jpeg,"(238.00279235839844, 64.86552429199219, 521.6827392578125, 222.85055541992188)",57,10
5147,doc10_page58_13.jpeg,"(350.5769958496094, 444.7890319824219, 560.9030151367188, 600.4100341796875)",58,10
5148,doc10_page59_10.jpeg,"(33.82680130004883, 98.4017333984375, 84.09449768066406, 144.134033203125)",59,10
5149,doc10_page60_4.jpeg,"(354.5370788574219, 65.15005493164062, 532.739990234375, 243.3529510498047)",60,10
5150,doc10_page60_6.jpeg,"(45.45369338989258, 65.19696044921875, 328.49560546875, 241.77040100097656)",60,10
5151,doc10_page61_15.jpeg,"(22.57549285888672, 530.9817504882812, 212.3515625, 662.8004150390625)",61,10
5152,doc10_page61_16.jpeg,"(22.35862922668457, 413.7775573730469, 212.78562927246094, 520.7610473632812)",61,10
5153,doc10_page63_2.jpeg,"(238.31600952148438, 65.68550109863281, 521.574951171875, 228.62356567382812)",63,10
5154,doc10_page64_7.jpeg,"(354.1419982910156, 98.4017333984375, 404.4096984863281, 144.134033203125)",64,10
5155,doc10_page65_6.jpeg,"(33.24590301513672, 65.7960205078125, 213.36788940429688, 259.5340270996094)",65,10
5156,doc10_page66_3.jpeg,"(45.55859375, 65.03431701660156, 276.3560485839844, 221.2357635498047)",66,10
5157,doc10_page66_4.jpeg,"(301.052001953125, 64.10902404785156, 533.7520141601562, 222.18902587890625)",66,10
5158,doc10_page68_4.jpeg,"(44.29629898071289, 64.0770263671875, 534.0762939453125, 346.6770324707031)",68,10
5159,doc10_page69_4.jpeg,"(33.89670181274414, 64.10804748535156, 211.01669311523438, 307.05804443359375)",69,10
5160,doc10_page71_7.jpeg,"(33.83180618286133, 61.57966613769531, 216.61672973632812, 169.682373046875)",71,10
5161,doc10_page74_7.jpeg,"(354.1419982910156, 91.77175903320312, 404.4096984863281, 137.69305419921875)",74,10
5162,doc10_page76_9.png,"(354.3309631347656, 638.7559204101562, 404.4096984863281, 684.48828125)",76,10
5163,doc10_page77_8.jpeg,"(66.73698425292969, 65.40069580078125, 179.8851776123047, 206.90963745117188)",77,10
5164,doc10_page77_9.jpeg,"(66.66709899902344, 243.92701721191406, 179.94705200195312, 385.2870178222656)",77,10
5165,doc10_page78_10.png,"(387.0690612792969, 303.7141418457031, 500.1749572753906, 445.4319152832031)",78,10
5166,doc10_page79_7.jpeg,"(66.40325927734375, 279.2735900878906, 180.2105255126953, 415.4790954589844)",79,10
5167,doc10_page79_10.jpeg,"(66.74939727783203, 451.406982421875, 179.79336547851562, 587.2470092773438)",79,10
5168,doc10_page80_5.png,"(387.1789855957031, 368.94305419921875, 500.20220947265625, 498.5469970703125)",80,10
5169,doc10_page80_6.png,"(387.1789855957031, 513.2109985351562, 500.1194763183594, 641.5770874023438)",80,10
5170,doc10_page81_11.jpeg,"(34.376800537109375, 345.5279846191406, 212.49510192871094, 609.9340209960938)",81,10
5171,doc10_page82_12.jpeg,"(354.1419982910156, 100.85772705078125, 404.4096984863281, 146.59002685546875)",82,10
5172,doc10_page83_3.jpeg,"(66.75782012939453, 406.13348388671875, 179.87887573242188, 545.735595703125)",83,10
5173,doc10_page84_3.jpeg,"(355.0530090332031, 65.0370101928711, 423.53302001953125, 135.99700927734375)",84,10
5174,doc10_page84_4.jpeg,"(423.37298583984375, 65.0370101928711, 491.8529968261719, 135.99700927734375)",84,10
5175,doc10_page84_5.jpeg,"(491.6929931640625, 65.0370101928711, 560.1729736328125, 135.99700927734375)",84,10
5176,doc10_page84_6.jpeg,"(355.0530090332031, 135.83706665039062, 423.53302001953125, 206.79705810546875)",84,10
5177,doc10_page84_7.jpeg,"(423.37298583984375, 135.83706665039062, 491.8529968261719, 206.79705810546875)",84,10
5178,doc10_page84_8.jpeg,"(491.6929931640625, 135.83706665039062, 560.1729736328125, 206.79705810546875)",84,10
5179,doc10_page84_12.jpeg,"(373.8059997558594, 440.9840393066406, 515.906005859375, 583.0840454101562)",84,10
5180,doc10_page85_2.jpeg,"(115.33479309082031, 483.78302001953125, 212.8140869140625, 614.531005859375)",85,10
5181,doc10_page85_3.jpeg,"(115.33479309082031, 614.2981567382812, 212.8140869140625, 679.7884521484375)",85,10
5182,doc10_page86_4.jpeg,"(45.13570022583008, 64.97805786132812, 142.19590759277344, 169.0340576171875)",86,10
5183,doc10_page86_5.jpeg,"(141.9770050048828, 64.97805786132812, 239.03720092773438, 169.0340576171875)",86,10
5184,doc10_page86_6.jpeg,"(238.81900024414062, 64.97805786132812, 303.52581787109375, 203.57305908203125)",86,10
5185,doc10_page86_7.jpeg,"(45.13570022583008, 168.8150634765625, 239.03768920898438, 203.57305908203125)",86,10
5186,doc10_page87_4.jpeg,"(238.10980224609375, 65.56202697753906, 521.5748291015625, 294.5910339355469)",87,10
5187,doc10_page88_2.jpeg,"(44.44879913330078, 65.97003173828125, 463.8157958984375, 294.4100341796875)",88,10
5188,doc10_page88_6.jpeg,"(354.1564636230469, 332.29736328125, 532.9095458984375, 654.3106689453125)",88,10
5189,doc10_page90_5.jpeg,"(354.1820068359375, 189.23001098632812, 551.2620239257812, 482.8390197753906)",90,10
5190,doc10_page91_5.jpeg,"(34.027305603027344, 64.84321594238281, 521.6309204101562, 254.7408905029297)",91,10
5191,doc10_page92_15.jpeg,"(354.33099365234375, 422.488037109375, 533.9310302734375, 623.4510498046875)",92,10
5192,doc10_page93_2.png,"(33.01140213012695, 575.2265014648438, 84.47239685058594, 622.8280029296875)",93,10
5193,doc10_page93_4.png,"(33.01140213012695, 640.188232421875, 84.47239685058594, 687.7897338867188)",93,10
5194,doc10_page93_13.jpeg,"(29.931806564331055, 388.2992858886719, 185.8024139404297, 502.4517517089844)",93,10
5195,doc10_page93_15.jpeg,"(32.881900787353516, 124.17457580566406, 186.8863525390625, 312.62994384765625)",93,10
5196,doc10_page94_1.jpeg,"(45.354400634765625, 34.015380859375, 532.9133911132812, 680.787353515625)",94,10
5197,doc10_page95_6.jpeg,"(238.10980224609375, 441.74566650390625, 521.5748291015625, 613.3324584960938)",95,10
5198,doc10_page95_10.jpeg,"(33.82680130004883, 150.4017333984375, 84.09449768066406, 196.134033203125)",95,10
5199,doc10_page96_8.jpeg,"(387.71990966796875, 376.83953857421875, 500.7530517578125, 518.2234497070312)",96,10
5200,doc10_page99_8.jpeg,"(33.82680130004883, 98.4017333984375, 84.09449768066406, 144.134033203125)",99,10
5201,doc10_page100_9.jpeg,"(45.26933288574219, 64.30348205566406, 317.480712890625, 248.52703857421875)",100,10
5202,doc10_page101_10.jpeg,"(238.10980224609375, 475.52789306640625, 521.5748291015625, 683.8325805664062)",101,10
5203,doc10_page101_11.jpeg,"(22.841899871826172, 65.44601440429688, 212.34890747070312, 332.5980224609375)",101,10
5204,doc10_page103_8.jpeg,"(66.86930084228516, 160.48196411132812, 179.91136169433594, 301.92303466796875)",103,10
5205,doc10_page104_8.jpeg,"(353.4949951171875, 309.0420227050781, 546.2139892578125, 521.3480224609375)",104,10
5206,doc10_page105_17.jpeg,"(33.7322998046875, 111.30673217773438, 84.37799835205078, 157.22802734375)",105,10
5207,doc10_page107_9.jpeg,"(33.70756912231445, 384.1352233886719, 212.40625, 652.601318359375)",107,10
5208,doc10_page108_7.jpeg,"(45.186500549316406, 65.05776977539062, 328.8664245605469, 221.34022521972656)",108,10
5209,doc10_page110_4.jpeg,"(44.56840133666992, 64.84002685546875, 298.66839599609375, 257.6200256347656)",110,10
5210,doc10_page111_8.jpeg,"(21.62110137939453, 296.8780212402344, 213.35610961914062, 503.4560241699219)",111,10
5211,doc10_page112_9.png,"(354.3309631347656, 484.5077209472656, 404.4096984863281, 530.2400512695312)",112,10
5212,doc10_page112_11.jpeg,"(354.1419982910156, 98.4017333984375, 404.4096984863281, 144.134033203125)",112,10
5213,doc10_page114_5.jpeg,"(354.5069885253906, 66.53175354003906, 532.8819580078125, 199.65301513671875)",114,10
5214,doc10_page114_6.jpeg,"(354.3810119628906, 212.7941131591797, 532.792724609375, 317.44097900390625)",114,10
5215,doc10_page114_7.jpeg,"(354.4945983886719, 334.2358703613281, 532.6882934570312, 481.57110595703125)",114,10
5216,doc10_page115_8.png,"(34.015777587890625, 225.7557373046875, 84.09452056884766, 271.488037109375)",115,10
5217,doc10_page116_11.png,"(386.908203125, 65.44602966308594, 500.33673095703125, 206.86029052734375)",116,10
5218,doc10_page116_12.jpeg,"(387.56231689453125, 528.8353271484375, 498.6097412109375, 638.8136596679688)",116,10
5219,doc10_page117_10.jpeg,"(65.7500991821289, 391.91204833984375, 180.86410522460938, 533.14404296875)",117,10
5220,doc10_page118_8.jpeg,"(354.14996337890625, 367.7999267578125, 534.9140014648438, 643.0340576171875)",118,10
5221,doc10_page119_4.jpeg,"(66.739501953125, 239.18704223632812, 179.9267120361328, 380.4190368652344)",119,10
5222,doc10_page119_13.png,"(33.82680130004883, 474.3387145996094, 84.09449768066406, 520.260009765625)",119,10
5223,doc10_page120_8.png,"(354.3309631347656, 312.7637023925781, 405.5436096191406, 358.49603271484375)",120,10
5224,doc10_page121_5.jpeg,"(238.34779357910156, 64.55900573730469, 521.5747680664062, 216.29901123046875)",121,10
5225,doc10_page121_9.jpeg,"(64.71809387207031, 504.4716796875, 182.30108642578125, 656.07666015625)",121,10
5226,doc10_page123_8.jpeg,"(34.9087028503418, 454.75628662109375, 212.6544952392578, 588.2977294921875)",123,10
5227,doc10_page123_10.jpeg,"(33.82680130004883, 98.30673217773438, 84.6613998413086, 144.22802734375)",123,10
5228,doc10_page126_9.jpeg,"(301.80999755859375, 64.11102294921875, 556.636962890625, 241.96102905273438)",126,10
5229,doc10_page126_10.jpeg,"(45.42497253417969, 65.01631164550781, 275.4591369628906, 240.55804443359375)",126,10
5230,doc10_page127_8.jpeg,"(65.75789642333984, 64.40203857421875, 180.85589599609375, 207.80303955078125)",127,10
5231,doc10_page127_11.jpeg,"(34.13368606567383, 507.0089111328125, 212.43057250976562, 655.3458862304688)",127,10
5232,doc10_page128_4.jpeg,"(354.33099365234375, 319.5489807128906, 534.4652709960938, 448.18109130859375)",128,10
5233,doc10_page129_7.jpeg,"(41.69969940185547, 483.26007080078125, 257.355712890625, 641.2010498046875)",129,10
5234,doc10_page129_8.jpeg,"(289.6938171386719, 484.321044921875, 522.4318237304688, 640.1410522460938)",129,10
5235,doc10_page130_5.jpeg,"(47.05509948730469, 61.82904052734375, 274.96112060546875, 219.7430419921875)",130,10
5236,doc10_page130_6.jpeg,"(302.0489196777344, 66.58352661132812, 532.9129638671875, 222.64801025390625)",130,10
5237,doc10_page130_10.png,"(386.9939880371094, 510.8400573730469, 500.2439270019531, 652.5900268554688)",130,10
5238,doc10_page131_6.jpeg,"(34.01580047607422, 65.1971435546875, 212.59878540039062, 293.6434020996094)",131,10
5239,doc10_page133_8.jpeg,"(65.27103424072266, 65.34794616699219, 181.25396728515625, 214.6280059814453)",133,10
5240,doc10_page133_11.jpeg,"(237.15379333496094, 527.5278930664062, 521.5747680664062, 683.1759033203125)",133,10
5241,doc10_page134_11.jpeg,"(385.6579895019531, 235.7540283203125, 501.58697509765625, 393.155029296875)",134,10
5242,doc10_page135_8.png,"(33.01140213012695, 546.1675415039062, 84.47239685058594, 593.76904296875)",135,10
5243,doc10_page135_10.png,"(33.01140213012695, 611.129150390625, 84.47239685058594, 658.7306518554688)",135,10
5244,doc10_page135_13.jpeg,"(34.24465560913086, 333.31402587890625, 236.40463256835938, 478.40301513671875)",135,10
5245,doc10_page135_15.jpeg,"(65.6250991821289, 111.76702880859375, 181.1781005859375, 282.655029296875)",135,10
5246,doc10_page136_1.jpeg,"(45.35430145263672, 36.47222900390625, 532.9132690429688, 685.9842529296875)",136,10
5247,doc10_page137_5.jpeg,"(33.82680130004883, 150.4017333984375, 84.6613998413086, 196.134033203125)",137,10
5248,doc10_page138_3.jpeg,"(45.60430145263672, 495.0567932128906, 328.5693054199219, 685.893798828125)",138,10
5249,doc10_page139_6.jpeg,"(25.795299530029297, 360.6730651855469, 217.26229858398438, 627.8050537109375)",139,10
5250,doc10_page140_10.jpeg,"(353.3160095214844, 434.099609375, 543.4019775390625, 534.1278076171875)",140,10
5251,doc10_page144_5.jpeg,"(354.2359924316406, 113.80075073242188, 404.69268798828125, 159.7220458984375)",144,10
5252,doc10_page146_4.jpeg,"(45.52181625366211, 64.35145568847656, 276.273193359375, 220.64202880859375)",146,10
5253,doc10_page147_5.jpeg,"(289.788818359375, 64.0830078125, 522.3367919921875, 222.21600341796875)",147,10
5254,doc10_page148_2.jpeg,"(45.35430145263672, 64.92970275878906, 329.0132751464844, 227.73004150390625)",148,10
5255,doc10_page150_6.jpeg,"(354.33099365234375, 471.87860107421875, 552.7559814453125, 635.1524047851562)",150,10
5256,doc10_page150_11.png,"(354.3309631347656, 377.732421875, 404.4096984863281, 420.4410400390625)",150,10
5257,doc10_page150_12.jpeg,"(354.1419982910156, 113.85775756835938, 404.4096984863281, 159.779052734375)",150,10
5258,doc10_page151_4.jpeg,"(290.5508117675781, 64.11004638671875, 522.7078247070312, 235.748046875)",151,10
5259,doc10_page151_10.png,"(34.015777587890625, 356.535400390625, 90.89772033691406, 399.2440185546875)",151,10
5260,doc10_page152_3.jpeg,"(45.26780700683594, 65.14328002929688, 328.861328125, 235.8937530517578)",152,10
5261,doc10_page152_4.jpeg,"(354.4728698730469, 392.5428466796875, 532.8192138671875, 627.9580078125)",152,10
5262,doc10_page153_2.jpeg,"(237.27879333496094, 64.40803527832031, 522.394775390625, 255.36602783203125)",153,10
5263,doc10_page154_4.png,"(354.1419982910156, 88.0941162109375, 404.4096984863281, 136.6610107421875)",154,10
5264,doc10_page154_7.jpeg,"(45.50177001953125, 65.11160278320312, 328.96612548828125, 254.71145629882812)",154,10
5265,doc10_page155_11.png,"(34.015777587890625, 203.3621063232422, 84.09452056884766, 251.7400360107422)",155,10
5266,doc10_page156_5.jpeg,"(45.35430145263672, 66.328369140625, 276.2911071777344, 222.74037170410156)",156,10
5267,doc10_page156_6.png,"(302.0521545410156, 66.53657531738281, 532.73388671875, 222.6214599609375)",156,10
5268,doc10_page156_10.jpeg,"(387.1789855957031, 522.5228271484375, 500.06500244140625, 664.6563720703125)",156,10
5269,doc10_page157_6.jpeg,"(34.01580047607422, 65.1968994140625, 212.70474243164062, 332.35546875)",157,10
5270,doc10_page158_3.jpeg,"(45.22972869873047, 59.32453918457031, 324.5102844238281, 266.5954284667969)",158,10
5271,doc10_page158_6.jpeg,"(354.5503234863281, 395.5379333496094, 532.8607788085938, 653.1464233398438)",158,10
5272,doc10_page160_2.png,"(45.35430145263672, 65.32197570800781, 328.8193054199219, 254.47727966308594)",160,10
5273,doc10_page160_5.jpeg,"(386.093994140625, 160.0420379638672, 501.1499938964844, 303.45404052734375)",160,10
5274,doc10_page160_7.jpeg,"(387.28399658203125, 356.03631591796875, 500.47698974609375, 488.52703857421875)",160,10
5275,doc10_page161_6.jpeg,"(65.70709991455078, 65.197021484375, 180.9071044921875, 207.697021484375)",161,10
5276,doc10_page161_8.jpeg,"(34.26580047607422, 357.9198303222656, 212.72137451171875, 617.0576782226562)",161,10
5277,doc10_page161_11.png,"(34.015777587890625, 279.7401428222656, 84.09452056884766, 328.1180725097656)",161,10
5278,doc10_page163_8.jpeg,"(34.04640579223633, 440.8899230957031, 212.69561767578125, 617.3499755859375)",163,10
5279,doc10_page163_9.jpeg,"(33.82680130004883, 98.4017333984375, 84.6613998413086, 144.134033203125)",163,10
5280,doc10_page164_4.jpeg,"(45.209205627441406, 65.525146484375, 328.9263000488281, 221.6989288330078)",164,10
5281,doc10_page165_5.jpeg,"(238.10980224609375, 64.96633911132812, 521.09521484375, 221.19358825683594)",165,10
5282,doc10_page165_10.jpeg,"(33.257999420166016, 65.447021484375, 213.60398864746094, 261.7320251464844)",165,10
5283,doc10_page165_12.jpeg,"(67.86370086669922, 380.63104248046875, 177.65769958496094, 510.30804443359375)",165,10
5284,doc10_page166_14.png,"(45.526668548583984, 476.1142578125, 328.7875061035156, 685.7490844726562)",166,10
5285,doc10_page167_2.jpeg,"(238.10980224609375, 65.3868408203125, 521.5899658203125, 244.39804077148438)",167,10
5286,doc10_page168_17.jpeg,"(46.27709197998047, 449.68560791015625, 328.7588195800781, 609.7684936523438)",168,10
5287,doc10_page169_5.jpeg,"(26.181400299072266, 64.43902587890625, 212.59840393066406, 341.3520202636719)",169,10
5288,doc10_page169_10.jpeg,"(238.22116088867188, 65.16246032714844, 521.5284423828125, 274.7486267089844)",169,10
5289,doc10_page170_2.jpeg,"(45.37368392944336, 65.35231018066406, 328.8191223144531, 215.33267211914062)",170,10
5290,doc10_page172_2.png,"(412.85400390625, 482.5455322265625, 464.31500244140625, 530.1470336914062)",172,10
5291,doc10_page172_4.png,"(412.79400634765625, 591.3655395507812, 464.5981140136719, 638.967041015625)",172,10
5292,doc10_page172_9.jpeg,"(419.6445617675781, 124.67730712890625, 532.75341796875, 266.65966796875)",172,10
5293,doc10_page173_1.jpeg,"(34.01570129394531, 34.0155029296875, 521.57470703125, 683.5275268554688)",173,10
5294,doc10_page174_9.jpeg,"(354.1419982910156, 124.4017333984375, 404.9765930175781, 170.134033203125)",174,10
5295,doc10_page175_12.jpeg,"(62.735103607177734, 391.01904296875, 175.37510681152344, 503.6590576171875)",175,10
5296,doc10_page176_4.jpeg,"(45.35430145263672, 65.19606018066406, 328.90283203125, 286.4607849121094)",176,10
5297,doc10_page177_3.jpeg,"(66.54090118408203, 151.47914123535156, 179.89883422851562, 292.1479187011719)",177,10
5298,doc10_page177_9.jpeg,"(236.99679565429688, 448.44000244140625, 521.5748291015625, 628.697021484375)",177,10
5299,doc10_page178_9.jpeg,"(386.8599853515625, 491.17913818359375, 500.38397216796875, 652.47412109375)",178,10
5300,doc10_page178_12.png,"(354.3309631347656, 89.0947265625, 404.4096984863281, 134.8270263671875)",178,10
5301,doc10_page178_15.jpeg,"(45.35430145263672, 64.99403381347656, 330.15130615234375, 225.70404052734375)",178,10
5302,doc10_page179_5.jpeg,"(211.58380126953125, 64.19401550292969, 522.5238037109375, 242.55401611328125)",179,10
5303,doc10_page179_6.jpeg,"(34.29920196533203, 514.8800048828125, 212.59820556640625, 642.0670166015625)",179,10
5304,doc10_page180_7.jpeg,"(45.35430145263672, 65.00621032714844, 328.8193054199219, 241.6688995361328)",180,10
5305,doc10_page181_3.png,"(238.10980224609375, 65.13668823242188, 521.6121826171875, 241.52703857421875)",181,10
5306,doc10_page181_11.png,"(34.015777587890625, 89.0947265625, 84.09452056884766, 134.8270263671875)",181,10
5307,doc10_page182_4.jpeg,"(45.55221176147461, 64.825927734375, 276.19427490234375, 221.2464141845703)",182,10
5308,doc10_page182_7.png,"(354.3309631347656, 637.6851196289062, 404.4096984863281, 683.41748046875)",182,10
5309,doc10_page182_8.png,"(303.59100341796875, 65.05401611328125, 482.91400146484375, 183.39501953125)",182,10
5310,doc10_page182_11.jpeg,"(419.51800537109375, 215.52804565429688, 534.81298828125, 370.2860412597656)",182,10
5311,doc10_page183_13.jpeg,"(11.692900657653809, 486.72808837890625, 212.4662322998047, 626.331298828125)",183,10
5312,doc10_page184_4.jpeg,"(354.33099365234375, 602.689208984375, 532.9140014648438, 667.5590209960938)",184,10
5313,doc10_page184_8.jpeg,"(354.1419982910156, 98.4017333984375, 404.4096984863281, 144.134033203125)",184,10
5314,doc10_page185_4.jpeg,"(408.3528137207031, 65.33704376220703, 518.90380859375, 175.70404052734375)",185,10
5315,doc10_page185_5.jpeg,"(33.981300354003906, 64.7800064086914, 146.30130004882812, 172.79400634765625)",185,10
5316,doc10_page185_10.jpeg,"(157.41380310058594, 65.17406463623047, 264.28875732421875, 172.04901123046875)",185,10
5317,doc10_page185_11.jpeg,"(283.7208251953125, 65.22601318359375, 398.7208251953125, 140.22601318359375)",185,10
5318,doc10_page186_10.jpeg,"(45.35430145263672, 68.23280334472656, 276.26025390625, 224.35621643066406)",186,10
5319,doc10_page186_12.jpeg,"(385.9849853515625, 522.1085205078125, 501.25897216796875, 663.3405151367188)",186,10
5320,doc10_page188_2.jpeg,"(354.6719970703125, 523.9817504882812, 532.0070190429688, 612.1170654296875)",188,10
5321,doc10_page189_7.jpeg,"(34.1068000793457, 501.44305419921875, 212.63079833984375, 623.2670288085938)",189,10
5322,doc10_page189_11.jpeg,"(33.82680130004883, 111.40176391601562, 84.09449768066406, 157.32305908203125)",189,10
5323,doc10_page190_2.jpeg,"(44.16740036010742, 64.03703308105469, 328.8183898925781, 264.72802734375)",190,10
5324,doc10_page191_6.jpeg,"(34.01580047607422, 101.79501342773438, 212.59878540039062, 302.40301513671875)",191,10
5325,doc10_page192_6.png,"(354.3309631347656, 369.42572021484375, 404.4096984863281, 415.1580505371094)",192,10
5326,doc10_page192_8.jpeg,"(45.347496032714844, 65.18145751953125, 276.4549255371094, 221.24876403808594)",192,10
5327,doc10_page192_9.jpeg,"(301.0710144042969, 64.093017578125, 533.821044921875, 222.343017578125)",192,10
5328,doc10_page193_5.jpeg,"(33.645687103271484, 397.2513427734375, 212.59092712402344, 537.5606079101562)",193,10
5329,doc10_page193_7.jpeg,"(34.01580047607422, 64.93424987792969, 317.63897705078125, 254.72677612304688)",193,10
5330,doc10_page193_8.jpeg,"(238.10980224609375, 266.4220275878906, 522.5438232421875, 450.5990295410156)",193,10
5331,doc10_page195_4.jpeg,"(66.19469451904297, 62.946014404296875, 179.47470092773438, 206.34600830078125)",195,10
5332,doc10_page195_5.jpeg,"(66.25579833984375, 273.0150146484375, 180.3137969970703, 488.218017578125)",195,10
5333,doc10_page195_6.jpeg,"(66.25579833984375, 487.91107177734375, 180.3137969970703, 631.4820556640625)",195,10
5334,doc10_page196_12.jpeg,"(354.49798583984375, 293.7780456542969, 533.7130126953125, 457.7950439453125)",196,10
5335,doc10_page196_14.jpeg,"(354.58099365234375, 518.4420166015625, 533.031982421875, 650.3920288085938)",196,10
5336,doc10_page197_10.jpeg,"(33.82680130004883, 98.30673217773438, 84.6613998413086, 144.22802734375)",197,10
5337,doc10_page199_9.jpeg,"(18.224300384521484, 188.0640411376953, 213.00930786132812, 414.15704345703125)",199,10
5338,doc10_page199_10.jpeg,"(18.224300384521484, 413.73675537109375, 213.00930786132812, 478.6650390625)",199,10
5339,doc10_page201_4.jpeg,"(34.83270263671875, 64.91300964355469, 211.95269775390625, 206.6090087890625)",201,10
5340,doc10_page201_7.jpeg,"(37.198402404785156, 294.51904296875, 210.98739624023438, 536.4610595703125)",201,10
5341,doc10_page202_13.jpeg,"(46.05580139160156, 65.94503784179688, 289.8558044433594, 197.34503173828125)",202,10
5342,doc10_page202_14.jpeg,"(299.3479919433594, 64.00204467773438, 543.1480102539062, 197.40203857421875)",202,10
5343,doc10_page204_8.jpeg,"(354.1419982910156, 111.40176391601562, 404.4096984863281, 157.32305908203125)",204,10
5344,doc10_page205_7.jpeg,"(34.01570129394531, 526.6063232421875, 212.59869384765625, 653.102294921875)",205,10
5345,doc10_page205_8.jpeg,"(34.01580047607422, 373.5790100097656, 212.59878540039062, 510.56201171875)",205,10
5346,doc10_page206_2.jpeg,"(45.35430145263672, 64.38401794433594, 329.71929931640625, 242.33502197265625)",206,10
5347,doc10_page207_15.jpeg,"(345.6979064941406, 64.90301513671875, 521.77978515625, 220.80902099609375)",207,10
5348,doc10_page209_3.jpeg,"(33.99910354614258, 64.87712097167969, 212.65194702148438, 215.439453125)",209,10
5349,doc10_page209_4.jpeg,"(33.23590087890625, 409.38836669921875, 213.43389892578125, 664.4383544921875)",209,10
5350,doc10_page210_2.jpeg,"(45.35430145263672, 65.19601440429688, 328.898681640625, 241.57073974609375)",210,10
5351,doc10_page210_8.jpeg,"(353.385986328125, 411.6010437011719, 532.9140014648438, 653.3650512695312)",210,10
5352,doc10_page212_7.jpeg,"(354.2359924316406, 96.15774536132812, 405.25958251953125, 142.07904052734375)",212,10
5353,doc10_page213_6.jpeg,"(34.1963005065918, 66.10005187988281, 265.04620361328125, 221.21502685546875)",213,10
5354,doc10_page213_7.jpeg,"(289.7518005371094, 64.18002319335938, 522.3807983398438, 222.29302978515625)",213,10
5355,doc10_page214_4.jpeg,"(45.63779830932617, 65.22906494140625, 283.46478271484375, 254.33453369140625)",214,10
5356,doc10_page215_5.jpeg,"(34.104469299316406, 475.77410888671875, 264.5671691894531, 631.8226928710938)",215,10
5357,doc10_page215_6.jpeg,"(290.01580810546875, 474.4530029296875, 522.5848388671875, 632.4760131835938)",215,10
5358,doc10_page217_9.jpeg,"(33.82680130004883, 111.40176391601562, 84.09449768066406, 157.32305908203125)",217,10
5359,doc10_page217_13.png,"(34.015777587890625, 616.4252319335938, 84.09452056884766, 662.1575317382812)",217,10
5360,doc10_page219_29.jpeg,"(239.06480407714844, 65.0673828125, 520.6207885742188, 243.90965270996094)",219,10
5361,doc10_page219_32.png,"(34.015777587890625, 621.2125854492188, 84.09452056884766, 666.9449462890625)",219,10
5362,doc10_page220_2.jpeg,"(45.35430145263672, 65.11537170410156, 328.8193054199219, 246.7027130126953)",220,10
5363,doc10_page221_8.jpeg,"(263.95782470703125, 64.06904602050781, 521.5748291015625, 222.14404296875)",221,10
5364,doc10_page222_6.jpeg,"(45.48989486694336, 65.018310546875, 276.54364013671875, 221.26739501953125)",222,10
5365,doc10_page222_7.jpeg,"(302.25299072265625, 64.03303527832031, 533.678955078125, 222.155029296875)",222,10
5366,doc10_page222_9.jpeg,"(44.1713981628418, 526.3623046875, 328.9433898925781, 682.7703247070312)",222,10
5367,doc10_page223_5.jpeg,"(290.74560546875, 65.09931945800781, 521.5748901367188, 240.94503784179688)",223,10
5368,doc10_page224_3.jpeg,"(46.03879928588867, 64.9014892578125, 328.8638000488281, 242.42652893066406)",224,10
5369,doc10_page224_7.jpeg,"(354.33099365234375, 452.67706298828125, 544.532958984375, 610.3860473632812)",224,10
5370,doc10_page225_8.jpeg,"(33.16640090942383, 64.08004760742188, 265.8883972167969, 222.21905517578125)",225,10
5371,doc10_page225_9.jpeg,"(290.682861328125, 65.03306579589844, 521.5728759765625, 314.166015625)",225,10
5372,doc10_page226_3.jpeg,"(354.33099365234375, 370.7590026855469, 544.2520141601562, 541.3720092773438)",226,10
5373,doc10_page226_4.jpeg,"(45.455413818359375, 65.2335205078125, 532.78662109375, 178.5706024169922)",226,10
5374,doc10_page229_7.jpeg,"(33.82680130004883, 98.4017333984375, 84.09449768066406, 144.134033203125)",229,10
5375,doc10_page229_9.jpeg,"(34.29920196533203, 377.3778991699219, 212.59820556640625, 652.1771240234375)",229,10
5376,doc10_page230_12.jpeg,"(44.45830154418945, 405.1558837890625, 533.8073120117188, 658.0108642578125)",230,10
5377,doc10_page231_5.jpeg,"(33.52750015258789, 63.933013916015625, 265.5274963378906, 222.27301025390625)",231,10
5378,doc10_page231_6.jpeg,"(289.55780029296875, 64.92401123046875, 522.5678100585938, 220.17401123046875)",231,10
5379,doc10_page232_4.jpeg,"(229.80599975585938, 59.52801513671875, 342.7919921875, 171.6190185546875)",232,10
5380,doc10_page232_8.jpeg,"(44.538700103759766, 445.873046875, 343.8406982421875, 683.9910278320312)",232,10
5381,doc10_page232_10.jpeg,"(367.5429992675781, 227.24703979492188, 532.9129638671875, 401.4370422363281)",232,10
5382,doc10_page233_9.jpeg,"(33.86030197143555, 64.89906311035156, 177.09429931640625, 205.31005859375)",233,10
5383,doc10_page233_10.jpeg,"(176.7967987060547, 64.89903259277344, 212.75379943847656, 310.3580322265625)",233,10
5384,doc10_page233_11.jpeg,"(33.86030197143555, 205.01303100585938, 177.09429931640625, 310.3580322265625)",233,10
5385,doc10_page234_5.jpeg,"(354.614013671875, 376.47003173828125, 533.9620361328125, 629.2560424804688)",234,10
5386,doc10_page235_2.jpeg,"(33.96591567993164, 59.52789306640625, 521.5748291015625, 319.5525207519531)",235,10
5387,doc10_page235_3.jpeg,"(34.01580047607422, 345.52703857421875, 264.5458068847656, 501.43304443359375)",235,10
5388,doc10_page235_4.jpeg,"(34.01580047607422, 527.5272216796875, 264.7055358886719, 683.6920776367188)",235,10
5389,doc10_page235_5.jpeg,"(291.0447998046875, 345.52703857421875, 521.5748291015625, 501.43304443359375)",235,10
5390,doc10_page236_27.jpeg,"(419.30499267578125, 523.8470458984375, 532.1909790039062, 654.9830322265625)",236,10
5391,doc10_page236_29.jpeg,"(419.30499267578125, 307.9940185546875, 532.1909790039062, 423.13800048828125)",236,10
5392,doc10_page236_31.jpeg,"(418.27301025390625, 64.38999938964844, 533.2230224609375, 209.76300048828125)",236,10
5393,doc10_page237_10.jpeg,"(237.8988037109375, 70.09701538085938, 522.0328369140625, 216.739013671875)",237,10
5394,doc10_page238_5.jpeg,"(354.33099365234375, 521.0493774414062, 532.9140014648438, 653.5093994140625)",238,10
5395,doc10_page239_3.jpeg,"(33.2212028503418, 344.717041015625, 148.19619750976562, 476.717041015625)",239,10
5396,doc10_page239_5.jpeg,"(33.177001953125, 530.6123046875, 148.24000549316406, 658.4603271484375)",239,10
5397,doc10_page239_9.jpeg,"(173.04339599609375, 65.35501098632812, 521.3773193359375, 321.1701354980469)",239,10
5398,doc10_page241_6.jpeg,"(33.240699768066406, 117.2281265258789, 212.3507080078125, 216.11102294921875)",241,10
5399,doc10_page241_7.png,"(33.01140213012695, 573.49853515625, 84.47239685058594, 621.1000366210938)",241,10
5400,doc10_page241_9.png,"(32.95180130004883, 638.538330078125, 84.75590515136719, 686.1398315429688)",241,10
5401,doc10_page241_11.jpeg,"(33.765602111816406, 278.47802734375, 177.08160400390625, 386.65301513671875)",241,10
5402,doc10_page241_12.jpeg,"(176.83180236816406, 278.47802734375, 212.8485107421875, 494.7030334472656)",241,10
5403,doc10_page241_13.jpeg,"(33.765602111816406, 386.40301513671875, 177.08160400390625, 494.7030029296875)",241,10
5404,doc10_page242_1.jpeg,"(45.0718994140625, 34.0152587890625, 533.1959228515625, 685.9842529296875)",242,10
5405,doc10_page243_11.jpeg,"(33.82680130004883, 150.30673217773438, 84.6613998413086, 196.22802734375)",243,10
5406,doc10_page244_7.jpeg,"(354.33099365234375, 405.748046875, 564.302001953125, 545.029052734375)",244,10
5407,doc10_page244_10.png,"(354.3309631347656, 91.59071350097656, 404.4096984863281, 137.3230438232422)",244,10
5408,doc10_page245_7.jpeg,"(34.01580047607422, 64.17301940917969, 265.9397888183594, 220.83001708984375)",245,10
5409,doc10_page245_8.jpeg,"(289.7018127441406, 64.16004943847656, 522.4578247070312, 222.1490478515625)",245,10
5410,doc10_page245_9.jpeg,"(34.29920196533203, 485.86407470703125, 212.59820556640625, 643.6590576171875)",245,10
5411,doc10_page246_254.png,"(354.1419982910156, 628.4306640625, 404.4096984863281, 674.1629638671875)",246,10
5412,doc10_page247_5.jpeg,"(237.07879638671875, 64.12704467773438, 522.3787841796875, 255.52703857421875)",247,10
5413,doc10_page247_8.png,"(34.015777587890625, 330.42572021484375, 84.09452056884766, 376.15802001953125)",247,10
5414,doc10_page248_2.jpeg,"(354.2769470214844, 65.19703674316406, 566.7974853515625, 286.77703857421875)",248,10
5415,doc10_page249_5.jpeg,"(287.7171936035156, 64.98603820800781, 521.5747680664062, 209.31402587890625)",249,10
5416,doc10_page249_6.jpeg,"(33.01830291748047, 347.16802978515625, 212.59829711914062, 564.3710327148438)",249,10
5417,doc10_page250_5.jpeg,"(354.33099365234375, 527.52001953125, 534.375, 642.748046875)",250,10
5418,doc10_page251_12.jpeg,"(34.027099609375, 389.8740234375, 212.58709716796875, 586.0740356445312)",251,10
5419,doc10_page252_7.jpeg,"(354.1419982910156, 98.4017333984375, 404.4096984863281, 144.134033203125)",252,10
5420,doc10_page253_3.jpeg,"(238.10980224609375, 63.008026123046875, 522.311767578125, 225.66302490234375)",253,10
5421,doc10_page254_5.png,"(262.0, 79.0, 305.0, 160.0)",254,10
5422,doc10_page254_113.png,"(50.0, 513.0, 71.0, 523.0)",254,10
5423,doc10_page255_3.jpeg,"(34.01580047607422, 65.19703674316406, 213.86178588867188, 203.04803466796875)",255,10
5424,doc10_page255_6.jpeg,"(34.01580047607422, 306.52703857421875, 213.43780517578125, 539.3240356445312)",255,10
5425,doc10_page256_3.jpeg,"(45.35430145263672, 65.00404357910156, 275.9053039550781, 189.88604736328125)",256,10
5426,doc10_page256_4.jpeg,"(300.9779968261719, 64.06305694580078, 533.8259887695312, 191.93505859375)",256,10
5427,doc10_page256_8.png,"(354.3309631347656, 283.7557373046875, 404.4096984863281, 329.4880676269531)",256,10
5428,doc10_page257_4.jpeg,"(6.502301216125488, 59.247039794921875, 212.97230529785156, 329.1170349121094)",257,10
5429,doc10_page258_3.jpeg,"(44.557701110839844, 65.197021484375, 277.1747131347656, 221.05401611328125)",258,10
5430,doc10_page258_7.jpeg,"(354.33099365234375, 379.9620361328125, 535.1439819335938, 630.9230346679688)",258,10
5431,doc10_page259_4.jpeg,"(289.52581787109375, 60.635040283203125, 522.600830078125, 207.81103515625)",259,10
5432,doc10_page259_7.jpeg,"(33.23080062866211, 63.09205627441406, 265.8247985839844, 206.4610595703125)",259,10
5433,doc10_page259_9.jpeg,"(66.80796813964844, 306.3677978515625, 179.9561309814453, 443.44305419921875)",259,10
5434,doc10_page261_11.jpeg,"(33.946956634521484, 65.69566345214844, 212.68026733398438, 207.57838439941406)",261,10
5435,doc10_page263_7.jpeg,"(34.29920196533203, 397.776123046875, 212.40216064453125, 490.94647216796875)",263,10
5436,doc10_page264_3.jpeg,"(45.464599609375, 65.12794494628906, 328.6647033691406, 215.5279998779297)",264,10
5437,doc10_page265_10.jpeg,"(238.1627960205078, 65.08297729492188, 521.9827270507812, 228.84300231933594)",265,10
5438,doc10_page265_16.jpeg,"(34.49457550048828, 345.41363525390625, 212.59878540039062, 403.4496154785156)",265,10
5439,doc10_page266_5.jpeg,"(45.60430145263672, 64.22703552246094, 328.8193054199219, 229.43603515625)",266,10
5440,doc10_page267_6.jpeg,"(33.7322998046875, 117.67672729492188, 84.37799835205078, 163.5980224609375)",267,10
5441,doc10_page268_7.jpeg,"(45.35430145263672, 65.45623779296875, 276.2461853027344, 221.57882690429688)",268,10
5442,doc10_page268_8.jpeg,"(301.00201416015625, 64.52705383300781, 533.802001953125, 222.72705078125)",268,10
5443,doc10_page268_10.jpeg,"(353.8009948730469, 319.7480163574219, 537.3499755859375, 445.6100158691406)",268,10
5444,doc10_page270_3.jpeg,"(45.35430145263672, 65.67800903320312, 328.8193054199219, 222.385009765625)",270,10
5445,doc10_page270_5.jpeg,"(354.33099365234375, 486.52301025390625, 566.9290161132812, 627.989013671875)",270,10
5446,doc10_page271_4.jpeg,"(256.5438232421875, 82.55003356933594, 503.14080810546875, 239.1390380859375)",271,10
5447,doc10_page271_6.jpeg,"(21.471702575683594, 367.325927734375, 212.59869384765625, 652.2299194335938)",271,10
5448,doc10_page272_2.jpeg,"(45.35430145263672, 64.07504272460938, 328.8193054199219, 255.1180419921875)",272,10
5449,doc10_page272_11.jpeg,"(387.1789855957031, 304.8270263671875, 500.47198486328125, 460.21185302734375)",272,10
5450,doc10_page273_8.jpeg,"(236.8817901611328, 64.18801879882812, 522.8018188476562, 242.53701782226562)",273,10
5451,doc10_page274_12.jpeg,"(353.50201416015625, 467.9310302734375, 533.7630004882812, 630.4230346679688)",274,10
5452,doc10_page275_20.jpeg,"(33.1223030090332, 521.7167358398438, 213.3712921142578, 662.94873046875)",275,10
5453,doc10_page275_21.jpeg,"(33.82680130004883, 98.4017333984375, 85.22840118408203, 144.134033203125)",275,10
5454,doc10_page277_8.jpeg,"(289.79681396484375, 63.94805908203125, 522.5007934570312, 222.06005859375)",277,10
5455,doc10_page277_10.jpeg,"(35.12790298461914, 390.475341796875, 106.62400817871094, 443.5230407714844)",277,10
5456,doc10_page277_11.jpeg,"(106.48479461669922, 390.475341796875, 177.98089599609375, 443.5230407714844)",277,10
5457,doc10_page277_12.jpeg,"(177.841796875, 390.4751281738281, 213.62460327148438, 469.9770202636719)",277,10
5458,doc10_page277_13.jpeg,"(35.12790298461914, 443.3835144042969, 177.98089599609375, 469.9770202636719)",277,10
5459,doc10_page279_6.jpeg,"(238.1954803466797, 64.910888671875, 521.5748291015625, 293.52703857421875)",279,10
5460,doc10_page280_3.jpeg,"(45.35430145263672, 63.94502258300781, 532.9132690429688, 293.52801513671875)",280,10
5461,doc10_page280_6.png,"(354.9599914550781, 579.4425048828125, 390.49578857421875, 603.2780151367188)",280,10
5462,doc10_page280_7.jpeg,"(390.4169921875, 579.4425048828125, 425.9527893066406, 603.2780151367188)",280,10
5463,doc10_page280_8.jpeg,"(425.8739929199219, 579.4425048828125, 461.37030029296875, 603.2780151367188)",280,10
5464,doc10_page280_9.jpeg,"(461.2909851074219, 579.4425048828125, 496.8267822265625, 603.2780151367188)",280,10
5465,doc10_page280_10.jpeg,"(496.74798583984375, 579.4425048828125, 532.2838134765625, 603.2780151367188)",280,10
5466,doc10_page280_11.jpeg,"(354.9599914550781, 603.1990356445312, 390.49578857421875, 626.9950561523438)",280,10
5467,doc10_page280_12.jpeg,"(390.4169921875, 603.1990356445312, 425.9527893066406, 626.9950561523438)",280,10
5468,doc10_page280_13.jpeg,"(425.8739929199219, 603.1990356445312, 461.37030029296875, 626.9950561523438)",280,10
5469,doc10_page280_14.png,"(461.2909851074219, 603.1990356445312, 496.8267822265625, 626.9950561523438)",280,10
5470,doc10_page280_15.png,"(496.74798583984375, 603.1990356445312, 532.2838134765625, 626.9950561523438)",280,10
5471,doc10_page282_7.jpeg,"(354.1419982910156, 111.40176391601562, 404.4096984863281, 157.32305908203125)",282,10
5472,doc10_page284_7.jpeg,"(45.533111572265625, 65.00550842285156, 276.198974609375, 235.97552490234375)",284,10
5473,doc10_page285_8.jpeg,"(237.56979370117188, 64.03401184082031, 522.7847900390625, 241.42901611328125)",285,10
5474,doc10_page286_5.jpeg,"(45.35394287109375, 65.29203796386719, 276.240966796875, 241.52703857421875)",286,10
5475,doc10_page286_6.jpeg,"(301.8628845214844, 66.0400390625, 533.0042114257812, 240.94503784179688)",286,10
5476,doc10_page286_7.jpeg,"(387.343994140625, 294.60302734375, 500.3416442871094, 435.17010498046875)",286,10
5477,doc10_page287_2.jpeg,"(34.02388000488281, 472.8840026855469, 212.59872436523438, 635.1005249023438)",287,10
5478,doc10_page287_8.jpeg,"(238.1644287109375, 65.40838623046875, 521.6361083984375, 254.53604125976562)",287,10
5479,doc10_page288_10.jpeg,"(45.60430145263672, 65.07099914550781, 328.62469482421875, 253.39126586914062)",288,10
5480,doc10_page289_9.jpeg,"(290.6984558105469, 65.19601440429688, 521.4952392578125, 225.110595703125)",289,10
5481,doc10_page290_3.jpeg,"(45.354400634765625, 64.99964904785156, 328.81939697265625, 267.52703857421875)",290,10
5482,doc10_page291_4.jpeg,"(238.11903381347656, 65.196044921875, 521.57470703125, 241.52703857421875)",291,10
5483,doc10_page291_6.jpeg,"(33.84373092651367, 335.1842041015625, 211.9813232421875, 581.4249267578125)",291,10
5484,doc10_page292_6.jpeg,"(354.1286926269531, 397.31396484375, 533.109375, 553.7940063476562)",292,10
5485,doc10_page293_3.jpeg,"(238.10980224609375, 501.5521240234375, 521.5748291015625, 653.7667236328125)",293,10
5486,doc10_page293_9.jpeg,"(290.5474548339844, 64.90325927734375, 521.5792846679688, 228.76300048828125)",293,10
5487,doc10_page295_3.jpeg,"(211.3817901611328, 65.1810302734375, 526.36279296875, 278.2290344238281)",295,10
5488,doc10_page296_3.jpeg,"(45.03120040893555, 65.196044921875, 329.8291931152344, 280.52703857421875)",296,10
5489,doc10_page297_9.jpeg,"(290.7295227050781, 475.52801513671875, 521.544189453125, 639.7030029296875)",297,10
5490,doc10_page298_6.jpeg,"(354.84698486328125, 427.956298828125, 532.39697265625, 528.3106689453125)",298,10
5491,doc10_page300_4.jpeg,"(45.36875915527344, 65.08477783203125, 276.55035400390625, 219.76925659179688)",300,10
5492,doc10_page301_4.jpeg,"(66.4664306640625, 449.4107666015625, 180.147705078125, 605.6932373046875)",301,10
5493,doc10_page301_6.jpeg,"(34.150390625, 65.19601440429688, 263.99578857421875, 220.17901611328125)",301,10
5494,doc10_page301_7.jpeg,"(290.694091796875, 65.11677551269531, 521.4354858398438, 221.2183837890625)",301,10
5495,doc10_page302_3.jpeg,"(45.10430145263672, 65.05464172363281, 328.5693054199219, 254.6634063720703)",302,10
5496,doc10_page303_12.jpeg,"(34.01580047607422, 418.91400146484375, 212.59878540039062, 634.5980224609375)",303,10
5497,doc10_page304_9.png,"(353.32598876953125, 415.97052001953125, 404.7869873046875, 463.572021484375)",304,10
5498,doc10_page304_11.png,"(353.2929992675781, 480.97052001953125, 405.3544006347656, 528.572021484375)",304,10
5499,doc10_page305_1.jpeg,"(34.01580047607422, 34.0152587890625, 521.5747680664062, 685.9842529296875)",305,10
5500,doc10_page306_18.jpeg,"(44.59370040893555, 424.7225036621094, 383.4336853027344, 682.2935180664062)",306,10
5501,doc10_page307_31.jpeg,"(34.28269958496094, 478.2760314941406, 209.85169982910156, 603.3090209960938)",307,10
5502,doc10_page307_34.jpeg,"(33.78020095825195, 65.29884338378906, 212.39353942871094, 320.0563049316406)",307,10
5503,doc10_page308_28.jpeg,"(354.33099365234375, 66.46902465820312, 532.9140014648438, 329.0910339355469)",308,10
5504,doc10_page308_29.jpeg,"(353.54998779296875, 455.40704345703125, 533.7080078125, 605.0480346679688)",308,10
5505,doc10_page309_30.jpeg,"(33.224700927734375, 96.62803649902344, 213.38369750976562, 303.1350402832031)",309,10
5506,doc10_page309_32.jpeg,"(25.02560043334961, 485.9130554199219, 221.0216064453125, 628.425048828125)",309,10
5507,doc10_page310_24.jpeg,"(354.33099365234375, 64.07601928710938, 532.9140014648438, 189.9210205078125)",310,10
5508,doc10_page310_26.jpeg,"(354.58099365234375, 539.916015625, 532.6640014648438, 640.010986328125)",310,10
5509,doc10_page310_28.jpeg,"(354.6199951171875, 306.6080322265625, 532.5869750976562, 429.238037109375)",310,10
5510,doc10_page311_16.jpeg,"(29.737503051757812, 408.4898986816406, 213.7504425048828, 658.885498046875)",311,10
5511,doc10_page311_18.jpeg,"(33.98773193359375, 65.44593811035156, 212.34872436523438, 280.4362487792969)",311,10
5512,doc10_page312_17.jpeg,"(353.093994140625, 64.18801879882812, 533.9730224609375, 318.64501953125)",312,10
5513,doc10_page312_19.jpeg,"(351.4960021972656, 477.508056640625, 532.9130249023438, 613.89404296875)",312,10
5514,doc10_page313_18.jpeg,"(33.138099670410156, 65.49702453613281, 213.52508544921875, 250.90802001953125)",313,10
5515,doc10_page313_19.jpeg,"(33.962852478027344, 533.260986328125, 212.66665649414062, 661.870361328125)",313,10
5516,doc10_page314_15.jpeg,"(357.8739929199219, 70.52703857421875, 538.0150146484375, 252.52703857421875)",314,10
5517,doc10_page314_18.jpeg,"(354.49578857421875, 474.8931884765625, 544.3381958007812, 640.81494140625)",314,10
5518,doc10_page315_17.jpeg,"(34.14120101928711, 492.009033203125, 209.95220947265625, 632.468017578125)",315,10
5519,doc10_page315_19.jpeg,"(34.01580047607422, 65.40911865234375, 212.38681030273438, 324.1952209472656)",315,10
5520,doc10_page316_16.jpeg,"(354.57000732421875, 64.94949340820312, 532.8484497070312, 306.0260314941406)",316,10
5521,doc10_page316_18.jpeg,"(354.33099365234375, 452.0369873046875, 533.9769897460938, 643.4739990234375)",316,10
5522,doc10_page317_17.jpeg,"(34.26580047607422, 75.10700988769531, 212.60263061523438, 261.89910888671875)",317,10
5523,doc10_page317_19.jpeg,"(34.06494903564453, 447.7210998535156, 212.46670532226562, 626.1228637695312)",317,10
5524,doc10_page318_14.jpeg,"(354.5364990234375, 65.01054382324219, 532.8195190429688, 243.49143981933594)",318,10
5525,doc10_page318_16.jpeg,"(354.4544372558594, 359.2430419921875, 532.9129028320312, 511.7349548339844)",318,10
5526,doc10_page320_12.jpeg,"(414.37799072265625, 591.771728515625, 465.21258544921875, 637.5040283203125)",320,10
5527,doc10_page322_0.png,"(49.18902587890625, 348.65911865234375, 105.88192749023438, 405.3520202636719)",322,10
5528,doc10_page322_1.png,"(49.18902587890625, 642.755859375, 105.88192749023438, 699.44873046875)",322,10
5529,doc10_page322_2.png,"(49.18902587890625, 159.29513549804688, 105.88192749023438, 215.988037109375)",322,10
5530,doc10_page322_3.png,"(289.134033203125, 348.65911865234375, 345.8269348144531, 405.3520202636719)",322,10
5531,doc10_page322_4.png,"(289.134033203125, 586.173095703125, 345.8269348144531, 642.865966796875)",322,10
5532,doc10_page322_5.png,"(288.717041015625, 100.38412475585938, 345.4099426269531, 157.0770263671875)",322,10
5533,doc10_page322_6.png,"(49.18902587890625, 405.3521423339844, 105.88192749023438, 462.0450439453125)",322,10
5534,doc10_page322_7.png,"(49.18902587890625, 586.0631103515625, 105.88192749023438, 642.7559814453125)",322,10
5535,doc10_page322_8.png,"(49.18902587890625, 215.568115234375, 105.88192749023438, 272.2610168457031)",322,10
5536,doc10_page322_9.png,"(289.134033203125, 405.3521423339844, 345.8269348144531, 462.0450439453125)",322,10
5537,doc10_page322_10.png,"(289.134033203125, 642.755859375, 345.8269348144531, 699.44873046875)",322,10
5538,doc10_page322_11.png,"(49.18902587890625, 462.0451354980469, 105.88192749023438, 518.738037109375)",322,10
5539,doc10_page322_12.png,"(289.134033203125, 462.0451354980469, 345.8269348144531, 518.738037109375)",322,10
5540,doc10_page322_13.png,"(289.134033203125, 157.07711791992188, 345.8269348144531, 213.77001953125)",322,10
5541,doc10_page322_14.png,"(289.134033203125, 213.7701416015625, 345.8269348144531, 270.4630432128906)",322,10
5542,doc10_page323_2.png,"(0.0, 0.0, 0.0, 0.0)",323,10
5543,doc10_page323_3.png,"(0.0, 0.0, 0.0, 0.0)",323,10
5544,doc10_page323_7.png,"(357.0150146484375, 613.9583129882812, 419.6778259277344, 676.62109375)",323,10
5545,doc11_page0_0.png,"(59.21600341796875, 283.69696044921875, 258.5419921875, 523.7329711914062)",0,11
5546,doc11_page0_1.png,"(291.32598876953125, 283.6969909667969, 457.59197998046875, 558.052978515625)",0,11
5547,doc11_page0_2.png,"(258.0260009765625, 318.0169372558594, 291.8420104980469, 660.77294921875)",0,11
5548,doc11_page0_3.png,"(59.21600341796875, 523.2169189453125, 258.5419921875, 660.77294921875)",0,11
5549,doc11_page0_4.png,"(291.32598876953125, 557.5369873046875, 358.2019958496094, 626.4530029296875)",0,11
5550,doc11_page0_5.png,"(357.68597412109375, 557.5369262695312, 371.69598388671875, 577.512939453125)",0,11
5551,doc11_page0_6.png,"(291.32598876953125, 625.9369506835938, 324.9019775390625, 660.77294921875)",0,11
5552,doc11_page0_7.png,"(253.2559814453125, 261.6769714355469, 335.85198974609375, 284.7529602050781)",0,11
5553,doc11_page0_8.png,"(179.84600830078125, 283.9369812011719, 319.5920104980469, 387.1729736328125)",0,11
5554,doc11_page0_9.png,"(237.7459716796875, 530.0269775390625, 352.8919677734375, 660.532958984375)",0,11
5555,doc11_page0_10.png,"(299.5159912109375, 530.0269775390625, 457.35198974609375, 660.532958984375)",0,11
5556,doc11_page0_11.png,"(342.80596923828125, 660.616943359375, 421.4039611816406, 682.4629516601562)",0,11
5557,doc11_page0_12.png,"(420.876953125, 681.9922485351562, 421.8316345214844, 682.9209594726562)",0,11
5558,doc11_page0_13.png,"(378.59600830078125, 669.64697265625, 387.99200439453125, 678.7429809570312)",0,11
5559,doc11_page0_14.png,"(365.7259521484375, 646.7569580078125, 374.6419677734375, 678.7429809570312)",0,11
5560,doc11_page0_15.png,"(345.68597412109375, 646.7569580078125, 364.83197021484375, 678.9829711914062)",0,11
5561,doc11_page0_16.png,"(378.59600830078125, 669.64697265625, 387.99200439453125, 678.7429809570312)",0,11
5562,doc11_page0_17.png,"(375.5059814453125, 669.64697265625, 377.49188232421875, 678.7429809570312)",0,11
5563,doc11_page0_18.png,"(406.5260009765625, 669.64697265625, 415.6520080566406, 678.7429809570312)",0,11
5564,doc11_page0_19.png,"(397.46600341796875, 669.406982421875, 406.35198974609375, 682.9129638671875)",0,11
5565,doc11_page0_20.png,"(388.135986328125, 669.406982421875, 397.2619934082031, 678.7429809570312)",0,11
5566,doc11_page0_21.png,"(375.5059814453125, 662.927001953125, 379.3819885253906, 668.1229858398438)",0,11
5567,doc11_page0_22.png,"(379.55596923828125, 664.3070068359375, 382.9819641113281, 668.1229858398438)",0,11
5568,doc11_page0_23.png,"(383.1259765625, 664.3069458007812, 387.031982421875, 669.02294921875)",0,11
5569,doc11_page0_24.png,"(386.96600341796875, 664.3069458007812, 390.60198974609375, 668.3329467773438)",0,11
5570,doc11_page0_25.png,"(390.9859619140625, 664.3070068359375, 394.20196533203125, 668.1229858398438)",0,11
5571,doc11_page0_26.png,"(394.34600830078125, 664.3070068359375, 397.74200439453125, 668.1229858398438)",0,11
5572,doc11_page0_27.png,"(398.156005859375, 664.3070068359375, 401.5820007324219, 668.1229858398438)",0,11
5573,doc11_page0_28.png,"(401.9959716796875, 664.3069458007812, 405.6319580078125, 669.02294921875)",0,11
5574,doc11_page0_29.png,"(405.32598876953125, 664.3070068359375, 408.2720031738281, 668.1229858398438)",0,11
5575,doc11_page0_30.png,"(408.41595458984375, 664.3070068359375, 411.6019592285156, 668.1229858398438)",0,11
5576,doc11_page0_31.png,"(411.7459716796875, 664.3069458007812, 415.4119567871094, 668.3329467773438)",0,11
5577,doc11_page0_32.png,"(392.45599365234375, 261.6769714355469, 449.1319885253906, 284.7529602050781)",0,11
5578,doc11_page0_33.png,"(319.07598876953125, 283.9369812011719, 433.23199462890625, 387.1729736328125)",0,11
5579,doc11_page0_34.png,"(388.135986328125, 286.156982421875, 431.85198974609375, 290.5129699707031)",0,11
5580,doc11_page0_35.png,"(350.69598388671875, 385.0369567871094, 360.33197021484375, 387.47296142578125)",0,11
5581,doc11_page0_36.png,"(347.81597900390625, 341.3569641113281, 352.1719665527344, 387.47296142578125)",0,11
5582,doc11_page1_0.png,"(332.4204406738281, 100.55191802978516, 449.11370849609375, 184.93011474609375)",1,11
5583,doc11_page1_10.png,"(190.8856658935547, 162.3177490234375, 304.8411865234375, 311.2752990722656)",1,11
5584,doc11_page1_12.png,"(236.7880096435547, 323.8038330078125, 323.29449462890625, 505.2506103515625)",1,11
5585,doc11_page1_13.png,"(34.627288818359375, 343.03619384765625, 140.24305725097656, 425.9610900878906)",1,11
5586,doc11_page1_16.png,"(233.8975830078125, 516.802734375, 293.1641845703125, 573.990966796875)",1,11
5587,doc11_page1_17.png,"(341.3139953613281, 370.34405517578125, 519.33251953125, 470.4794921875)",1,11
5588,doc11_page1_19.png,"(346.3795471191406, 206.1473388671875, 435.2953796386719, 332.8945617675781)",1,11
5589,doc11_page1_21.png,"(347.47576904296875, 514.193359375, 478.53668212890625, 602.2498779296875)",1,11
5590,doc11_page1_23.png,"(536.34521484375, 461.1131591796875, 615.4473266601562, 571.7061157226562)",1,11
5591,doc11_page1_26.png,"(537.0429077148438, 269.2672424316406, 616.4612426757812, 381.20599365234375)",1,11
5592,doc11_page1_27.png,"(635.0931396484375, 466.33673095703125, 925.0011596679688, 572.0323486328125)",1,11
5593,doc11_page1_29.png,"(728.6629638671875, 332.1155090332031, 927.8544921875, 444.1607666015625)",1,11
5594,doc11_page1_31.png,"(839.0929565429688, 183.29791259765625, 899.1998291015625, 276.4279479980469)",1,11
5595,doc11_page1_34.png,"(56.801239013671875, 261.9754638671875, 146.04656982421875, 328.9094543457031)",1,11
5596,doc11_page1_35.png,"(41.946044921875, 136.22921752929688, 178.0716552734375, 212.79986572265625)",1,11
5597,doc11_page1_36.png,"(51.3448486328125, 472.04302978515625, 138.07156372070312, 529.71630859375)",1,11
5598,doc11_page1_38.png,"(139.26795959472656, 546.25537109375, 198.48162841796875, 603.443603515625)",1,11
5599,doc11_page1_40.png,"(470.2828063964844, 95.27943420410156, 559.1986083984375, 211.57199096679688)",1,11
5600,doc11_page1_42.png,"(629.3128662109375, 190.0498504638672, 791.1434936523438, 285.3782043457031)",1,11
5601,doc11_page1_45.png,"(831.7565307617188, 79.55038452148438, 893.9449462890625, 170.36517333984375)",1,11
5602,doc11_page5_4.png,"(237.76199340820312, 177.46299743652344, 266.3079833984375, 205.8489990234375)",5,11
5603,doc11_page5_6.png,"(404.8320007324219, 177.46299743652344, 433.37799072265625, 205.8489990234375)",5,11
5604,doc11_page5_9.png,"(163.78199768066406, 200.44300842285156, 192.3280029296875, 228.82901000976562)",5,11
5605,doc11_page6_5.png,"(36.821998596191406, 409.4830017089844, 70.87799835205078, 443.53900146484375)",6,11
5606,doc11_page6_7.png,"(44.832000732421875, 473.14300537109375, 186.98300170898438, 630.4089965820312)",6,11
5607,doc11_page6_9.png,"(199.302001953125, 473.14300537109375, 414.4849853515625, 630.7990112304688)",6,11
5608,doc11_page7_1.png,"(62.35200119018555, 57.493011474609375, 96.40800476074219, 91.54901123046875)",7,11
5609,doc11_page8_1.png,"(36.821998596191406, 57.493011474609375, 70.87799835205078, 91.54901123046875)",8,11
5610,doc11_page9_4.png,"(45.34199905395508, 390.04302978515625, 113.92100524902344, 509.20904541015625)",9,11
5611,doc11_page9_5.png,"(114.76200103759766, 390.04302978515625, 183.1669921875, 509.20904541015625)",9,11
5612,doc11_page9_6.png,"(183.94200134277344, 390.01300048828125, 252.54901123046875, 509.208984375)",9,11
5613,doc11_page9_7.png,"(254.5919952392578, 390.01300048828125, 320.3559875488281, 509.239013671875)",9,11
5614,doc11_page9_8.png,"(321.8819885253906, 389.9830322265625, 390.3349914550781, 509.20904541015625)",9,11
5615,doc11_page9_9.png,"(391.00201416015625, 389.9530029296875, 455.364013671875, 509.65899658203125)",9,11
5616,doc11_page9_10.png,"(103.21199798583984, 321.4330139160156, 115.24800109863281, 390.5890197753906)",9,11
5617,doc11_page9_11.png,"(109.03199768066406, 370.06298828125, 113.82659912109375, 390.25897216796875)",9,11
5618,doc11_page9_12.png,"(114.6719970703125, 377.6830139160156, 172.26800537109375, 390.16900634765625)",9,11
5619,doc11_page9_14.png,"(179.26199340820312, 321.4330139160156, 184.57798767089844, 390.5890197753906)",9,11
5620,doc11_page9_15.png,"(172.03199768066406, 370.1230163574219, 183.31900024414062, 390.16900634765625)",9,11
5621,doc11_page9_16.png,"(183.76199340820312, 377.6830139160156, 242.27499389648438, 390.2590026855469)",9,11
5622,doc11_page9_17.png,"(172.03199768066406, 377.6830139160156, 179.7135009765625, 390.16900634765625)",9,11
5623,doc11_page9_18.png,"(171.61199951171875, 321.4330139160156, 180.25799560546875, 378.1090087890625)",9,11
5624,doc11_page9_19.png,"(171.61199951171875, 360.79302978515625, 178.8179931640625, 369.4690246582031)",9,11
5625,doc11_page9_22.png,"(250.6020050048828, 321.4330139160156, 255.43800354003906, 390.5890197753906)",9,11
5626,doc11_page9_23.png,"(241.7519989013672, 370.0329895019531, 252.55499267578125, 390.2590026855469)",9,11
5627,doc11_page9_24.png,"(254.5919952392578, 377.6830139160156, 310.29901123046875, 390.22900390625)",9,11
5628,doc11_page9_25.png,"(241.7519989013672, 377.6830139160156, 251.11209106445312, 390.2590026855469)",9,11
5629,doc11_page9_26.png,"(241.48199462890625, 321.4330139160156, 251.59799194335938, 378.1090087890625)",9,11
5630,doc11_page9_27.png,"(241.48199462890625, 326.2330017089844, 251.1179962158203, 334.90899658203125)",9,11
5631,doc11_page9_29.png,"(241.48199462890625, 336.3130187988281, 250.63800048828125, 344.989013671875)",9,11
5632,doc11_page9_31.png,"(241.48199462890625, 365.593017578125, 245.83799743652344, 374.2690124511719)",9,11
5633,doc11_page9_34.png,"(317.6520080566406, 321.4330139160156, 322.4880065917969, 390.5890197753906)",9,11
5634,doc11_page9_35.png,"(309.85198974609375, 371.14300537109375, 320.4179992675781, 390.22900390625)",9,11
5635,doc11_page9_36.png,"(321.7619934082031, 377.6230163574219, 383.16400146484375, 390.2590026855469)",9,11
5636,doc11_page9_37.png,"(309.85198974609375, 377.6830139160156, 318.0149841308594, 390.22900390625)",9,11
5637,doc11_page9_38.png,"(309.49200439453125, 321.4330139160156, 318.64801025390625, 378.1090087890625)",9,11
5638,doc11_page9_39.png,"(309.49200439453125, 365.593017578125, 317.6880187988281, 374.2690124511719)",9,11
5639,doc11_page9_42.png,"(388.6619873046875, 321.4330139160156, 458.7779846191406, 390.5890197753906)",9,11
5640,doc11_page9_43.png,"(382.8420104980469, 370.093017578125, 390.51971435546875, 390.259033203125)",9,11
5641,doc11_page9_44.png,"(391.00201416015625, 370.093017578125, 455.58001708984375, 390.28900146484375)",9,11
5642,doc11_page9_45.png,"(382.8420104980469, 377.6230163574219, 389.5670166015625, 390.2590026855469)",9,11
5643,doc11_page9_46.png,"(382.4219970703125, 321.4330139160156, 389.6579895019531, 378.1090087890625)",9,11
5644,doc11_page9_47.png,"(382.4219970703125, 365.593017578125, 384.8580017089844, 374.2690124511719)",9,11
5645,doc11_page9_50.png,"(38.20199966430664, 321.4330139160156, 103.99800109863281, 390.5890197753906)",9,11
5646,doc11_page9_51.png,"(53.5620002746582, 321.4329833984375, 55.038002014160156, 370.90899658203125)",9,11
5647,doc11_page9_52.png,"(45.1619987487793, 370.06298828125, 109.45599365234375, 390.25897216796875)",9,11
5648,doc11_page9_53.png,"(103.06199645996094, 321.2230224609375, 109.93799591064453, 370.93902587890625)",9,11
5649,doc11_page9_54.png,"(103.48200225830078, 370.06298828125, 109.48250579833984, 390.25897216796875)",9,11
5650,doc11_page13_2.png,"(226.54200744628906, 397.9930114746094, 260.5980224609375, 432.04901123046875)",13,11
5651,doc11_page13_6.png,"(62.35200119018555, 56.68299865722656, 212.6280059814453, 247.03900146484375)",13,11
5652,doc11_page14_2.png,"(36.821998596191406, 398.9530029296875, 70.87799835205078, 433.0090026855469)",14,11
5653,doc11_page15_2.png,"(62.35200119018555, 134.95303344726562, 96.40800476074219, 169.009033203125)",15,11
5654,doc11_page15_5.png,"(79.1520004272461, 222.07301330566406, 179.03799438476562, 273.6190185546875)",15,11
5655,doc11_page15_6.png,"(175.6320037841797, 239.83302307128906, 178.99490356445312, 244.18902587890625)",15,11
5656,doc11_page15_9.png,"(62.35200119018555, 374.1130065917969, 96.40800476074219, 408.16900634765625)",15,11
5657,doc11_page15_13.png,"(62.35200119018555, 589.8729858398438, 96.40800476074219, 623.8989868164062)",15,11
5658,doc11_page16_3.png,"(348.49200439453125, 214.3930206298828, 428.89801025390625, 258.6490173339844)",16,11
5659,doc11_page16_4.png,"(277.7820129394531, 181.3930206298828, 347.08203125, 258.4990234375)",16,11
5660,doc11_page16_7.png,"(36.821998596191406, 45.34300231933594, 263.62799072265625, 205.0989990234375)",16,11
5661,doc11_page17_1.png,"(62.35200119018555, 56.863037109375, 96.40800476074219, 90.8890380859375)",17,11
5662,doc11_page17_4.png,"(62.35200119018555, 420.1930236816406, 96.40800476074219, 454.2490234375)",17,11
5663,doc11_page18_2.png,"(36.821998596191406, 473.77301025390625, 70.87799835205078, 507.8290100097656)",18,11
5664,doc11_page18_5.png,"(260.7720031738281, 56.68303680419922, 428.9580078125, 170.509033203125)",18,11
5665,doc11_page20_5.png,"(36.821998596191406, 570.072998046875, 70.87799835205078, 604.1290283203125)",20,11
5666,doc11_page22_2.png,"(36.821998596191406, 350.9530029296875, 70.87799835205078, 385.0090026855469)",22,11
5667,doc11_page23_9.png,"(62.35200119018555, 515.532958984375, 96.40800476074219, 549.5889892578125)",23,11
5668,doc11_page24_2.png,"(36.821998596191406, 106.39303588867188, 70.87799835205078, 140.44903564453125)",24,11
5669,doc11_page24_4.png,"(36.821998596191406, 444.9129943847656, 70.87799835205078, 478.968994140625)",24,11
5670,doc11_page24_6.png,"(36.821998596191406, 142.90301513671875, 336.84698486328125, 330.8290100097656)",24,11
5671,doc11_page24_7.png,"(218.26199340820312, 289.12298583984375, 419.2309875488281, 433.72900390625)",24,11
5672,doc11_page25_2.png,"(62.35200119018555, 161.77304077148438, 96.40800476074219, 195.82904052734375)",25,11
5673,doc11_page25_5.png,"(62.35200119018555, 525.133056640625, 96.40800476074219, 559.1890869140625)",25,11
5674,doc11_page26_3.png,"(36.821998596191406, 152.89303588867188, 70.87799835205078, 186.94903564453125)",26,11
5675,doc11_page26_7.png,"(85.03199768066406, 209.74301147460938, 220.74200439453125, 395.17901611328125)",26,11
5676,doc11_page26_8.png,"(229.6020050048828, 209.74301147460938, 372.0579833984375, 396.8590087890625)",26,11
5677,doc11_page26_9.png,"(308.9519958496094, 408.16302490234375, 429.14398193359375, 589.0690307617188)",26,11
5678,doc11_page27_2.png,"(62.35200119018555, 578.9530029296875, 96.40800476074219, 613.009033203125)",27,11
5679,doc11_page28_2.png,"(35.62200164794922, 56.68302917480469, 284.3760070800781, 245.7490234375)",28,11
5680,doc11_page28_3.png,"(297.61199951171875, 45.34303283691406, 416.47198486328125, 198.43902587890625)",28,11
5681,doc11_page28_5.png,"(201.2519989013672, 252.2530059814453, 428.0880126953125, 400.6090087890625)",28,11
5682,doc11_page29_6.png,"(62.77199935913086, 452.14306640625, 176.08799743652344, 572.8990478515625)",29,11
5683,doc11_page30_2.png,"(36.821998596191406, 231.13302612304688, 70.87799835205078, 265.18902587890625)",30,11
5684,doc11_page30_5.png,"(36.821998596191406, 396.3130187988281, 70.87799835205078, 430.3690185546875)",30,11
5685,doc11_page31_5.png,"(53.832000732421875, 56.68302917480469, 224.5070037841797, 176.6290283203125)",31,11
5686,doc11_page32_3.png,"(36.821998596191406, 371.7130126953125, 70.87799835205078, 405.7690124511719)",32,11
5687,doc11_page32_6.png,"(36.821998596191406, 513.072998046875, 70.87799835205078, 547.1290283203125)",32,11
5688,doc11_page32_9.png,"(272.11199951171875, 56.683013916015625, 428.07501220703125, 308.239013671875)",32,11
5689,doc11_page36_2.png,"(36.821998596191406, 88.30303955078125, 70.87799835205078, 122.32904052734375)",36,11
5690,doc11_page36_7.png,"(269.2619934082031, 430.843017578125, 419.281005859375, 630.4990234375)",36,11
5691,doc11_page37_2.png,"(62.35200119018555, 305.77301025390625, 96.40800476074219, 339.8290100097656)",37,11
5692,doc11_page37_4.png,"(82.18199920654297, 423.822998046875, 415.697998046875, 632.1489868164062)",37,11
5693,doc11_page37_5.png,"(268.60198974609375, 217.60302734375, 444.42401123046875, 425.7490234375)",37,11
5694,doc11_page38_1.png,"(36.821998596191406, 57.493011474609375, 70.87799835205078, 91.54901123046875)",38,11
5695,doc11_page38_4.png,"(36.821998596191406, 244.843017578125, 70.87799835205078, 278.8990173339844)",38,11
5696,doc11_page39_4.png,"(62.35200119018555, 588.133056640625, 96.40800476074219, 622.1890869140625)",39,11
5697,doc11_page39_7.png,"(252.2519989013672, 42.49302673339844, 445.00799560546875, 181.009033203125)",39,11
5698,doc11_page39_8.png,"(62.35200119018555, 323.14300537109375, 175.78599548339844, 477.1990051269531)",39,11
5699,doc11_page40_1.png,"(36.821998596191406, 57.493011474609375, 70.87799835205078, 91.54901123046875)",40,11
5700,doc11_page42_2.png,"(36.821998596191406, 170.9530029296875, 70.87799835205078, 205.00900268554688)",42,11
5701,doc11_page42_5.png,"(36.821998596191406, 486.9729919433594, 70.87799835205078, 521.0289916992188)",42,11
5702,doc11_page42_8.png,"(257.9219970703125, 239.83302307128906, 419.802978515625, 374.17901611328125)",42,11
5703,doc11_page42_9.png,"(36.821998596191406, 240.9130096435547, 240.85800170898438, 371.2690124511719)",42,11
5704,doc11_page43_5.png,"(62.35200119018555, 298.3030090332031, 96.40800476074219, 332.3590087890625)",43,11
5705,doc11_page44_2.png,"(36.821998596191406, 321.1029968261719, 70.87799835205078, 355.15899658203125)",44,11
5706,doc11_page44_4.png,"(243.76199340820312, 238.09300231933594, 428.1669921875, 465.91900634765625)",44,11
5707,doc11_page44_7.png,"(198.52200317382812, 473.62298583984375, 427.4630126953125, 632.8389892578125)",44,11
5708,doc11_page45_2.png,"(62.35200119018555, 437.77301025390625, 96.40800476074219, 471.8290100097656)",45,11
5709,doc11_page45_4.png,"(226.7519989013672, 439.3630065917969, 445.2449951171875, 605.4190063476562)",45,11
5710,doc11_page47_1.png,"(62.35200119018555, 57.493011474609375, 96.40800476074219, 91.54901123046875)",47,11
5711,doc11_page47_5.png,"(62.35200119018555, 119.53300476074219, 181.47500610351562, 288.8290100097656)",47,11
5712,doc11_page47_6.png,"(195.58200073242188, 119.53302001953125, 425.2980041503906, 248.68902587890625)",47,11
5713,doc11_page48_3.png,"(52.21200180053711, 180.43301391601562, 143.447998046875, 220.6090087890625)",48,11
5714,doc11_page48_4.png,"(140.052001953125, 196.09300231933594, 143.65020751953125, 200.44900512695312)",48,11
5715,doc11_page48_6.png,"(36.821998596191406, 260.2929992675781, 70.87799835205078, 294.3489990234375)",48,11
5716,doc11_page48_8.png,"(36.821998596191406, 497.3230285644531, 70.87799835205078, 531.3790283203125)",48,11
5717,doc11_page48_10.png,"(36.821998596191406, 571.81298828125, 70.87799835205078, 605.8690185546875)",48,11
5718,doc11_page48_13.png,"(36.821998596191406, 299.14300537109375, 204.18600463867188, 410.5090026855469)",48,11
5719,doc11_page48_14.png,"(221.08200073242188, 299.14300537109375, 420.0780029296875, 435.2590026855469)",48,11
5720,doc11_page50_4.png,"(308.9519958496094, 56.68299865722656, 420.74200439453125, 212.62899780273438)",50,11
5721,doc11_page51_1.png,"(62.35200119018555, 57.493011474609375, 96.40800476074219, 91.54901123046875)",51,11
5722,doc11_page51_5.png,"(62.35200119018555, 431.1730041503906, 96.40800476074219, 465.22900390625)",51,11
5723,doc11_page51_9.png,"(274.9320068359375, 56.68299865722656, 445.16400146484375, 284.53900146484375)",51,11
5724,doc11_page53_5.png,"(62.35200119018555, 378.9430236816406, 96.40800476074219, 412.9990234375)",53,11
5725,doc11_page53_8.png,"(62.35200119018555, 446.8030090332031, 204.22801208496094, 633.0490112304688)",53,11
5726,doc11_page53_9.png,"(218.26199340820312, 517.6630249023438, 445.0979919433594, 633.1390380859375)",53,11
5727,doc11_page54_7.png,"(342.1319885253906, 433.6929931640625, 419.4679870605469, 536.6589965820312)",54,11
5728,doc11_page55_7.png,"(53.832000732421875, 334.4830322265625, 260.89898681640625, 485.1190185546875)",55,11
5729,doc11_page55_8.png,"(352.48199462890625, 191.2630157470703, 445.1090087890625, 318.739013671875)",55,11
5730,doc11_page55_9.png,"(62.35200119018555, 56.68302917480469, 140.593994140625, 163.8790283203125)",55,11
5731,doc11_page56_2.png,"(36.821998596191406, 329.77301025390625, 70.87799835205078, 363.8290100097656)",56,11
5732,doc11_page57_4.png,"(62.35200119018555, 570.4930419921875, 96.40800476074219, 604.549072265625)",57,11
5733,doc11_page57_7.png,"(62.35200119018555, 144.55300903320312, 159.8280029296875, 230.989013671875)",57,11
5734,doc11_page58_4.png,"(36.071998596191406, 473.35296630859375, 203.74798583984375, 596.3289794921875)",58,11
5735,doc11_page58_5.png,"(223.9320068359375, 185.1430206298828, 429.15802001953125, 328.3990173339844)",58,11
5736,doc11_page59_2.png,"(62.35200119018555, 263.3529968261719, 96.40800476074219, 297.40899658203125)",59,11
5737,doc11_page59_6.png,"(53.832000732421875, 56.68303680419922, 445.0459899902344, 180.07904052734375)",59,11
5738,doc11_page60_5.png,"(36.821998596191406, 498.8830261230469, 428.093994140625, 610.4290161132812)",60,11
5739,doc11_page60_8.png,"(243.76199340820312, 56.683013916015625, 428.9580078125, 185.05902099609375)",60,11
5740,doc11_page61_2.png,"(269.2619934082031, 399.67303466796875, 444.37799072265625, 615.1390380859375)",61,11
5741,doc11_page61_3.png,"(62.35200119018555, 56.68302917480469, 208.63800048828125, 249.46902465820312)",61,11
5742,doc11_page61_5.png,"(62.35200119018555, 399.6730041503906, 246.61801147460938, 571.72900390625)",61,11
5743,doc11_page62_2.png,"(36.821998596191406, 185.77301025390625, 70.87799835205078, 219.82901000976562)",62,11
5744,doc11_page62_9.png,"(41.082000732421875, 223.93301391601562, 415.27801513671875, 424.3690185546875)",62,11
5745,doc11_page64_3.png,"(36.821998596191406, 146.65298461914062, 70.87799835205078, 180.708984375)",64,11
5746,doc11_page64_5.png,"(36.821998596191406, 221.17300415039062, 70.87799835205078, 255.22900390625)",64,11
5747,doc11_page65_2.png,"(62.35200119018555, 307.4830017089844, 96.40800476074219, 341.5090026855469)",65,11
5748,doc11_page66_2.png,"(36.821998596191406, 422.4729919433594, 70.87799835205078, 456.52899169921875)",66,11
5749,doc11_page67_2.png,"(62.35200119018555, 78.04299926757812, 96.40800476074219, 112.0989990234375)",67,11
5750,doc11_page68_1.png,"(36.821998596191406, 57.493011474609375, 70.87799835205078, 91.54901123046875)",68,11
5751,doc11_page69_2.png,"(62.35200119018555, 180.9730224609375, 96.40800476074219, 215.02902221679688)",69,11
5752,doc11_page69_4.png,"(62.35200119018555, 222.4630126953125, 96.40800476074219, 256.5190124511719)",69,11
5753,doc11_page69_7.png,"(62.35200119018555, 513.883056640625, 96.40800476074219, 547.9390869140625)",69,11
5754,doc11_page69_10.png,"(306.1319885253906, 390.40301513671875, 445.08697509765625, 576.739013671875)",69,11
5755,doc11_page69_12.png,"(305.0820007324219, 284.322998046875, 446.11102294921875, 384.739013671875)",69,11
5756,doc11_page69_13.png,"(306.1319885253906, 175.72299194335938, 445.2139892578125, 277.7590026855469)",69,11
5757,doc11_page70_2.png,"(36.821998596191406, 456.9729919433594, 70.87799835205078, 491.02899169921875)",70,11
5758,doc11_page71_2.png,"(62.35200119018555, 445.4830322265625, 96.40800476074219, 479.509033203125)",71,11
5759,doc11_page74_5.png,"(36.821998596191406, 116.20303344726562, 143.79998779296875, 247.18902587890625)",74,11
5760,doc11_page75_2.png,"(62.35200119018555, 266.9530029296875, 96.40800476074219, 301.0090026855469)",75,11
5761,doc11_page77_2.png,"(62.35200119018555, 101.77304077148438, 96.40800476074219, 135.82904052734375)",77,11
5762,doc11_page77_5.png,"(62.35200119018555, 261.7929992675781, 96.40800476074219, 295.8489990234375)",77,11
5763,doc11_page77_9.png,"(62.35200119018555, 493.3630065917969, 96.40800476074219, 527.4190063476562)",77,11
5764,doc11_page77_13.png,"(334.48199462890625, 263.593017578125, 444.01800537109375, 422.3890380859375)",77,11
5765,doc11_page77_14.png,"(232.4219970703125, 263.593017578125, 329.77398681640625, 422.3890380859375)",77,11
5766,doc11_page78_2.png,"(36.821998596191406, 428.7130126953125, 70.87799835205078, 462.7690124511719)",78,11
5767,doc11_page78_8.png,"(201.2519989013672, 56.68299102783203, 420.05999755859375, 146.718994140625)",78,11
5768,doc11_page79_5.png,"(215.41200256347656, 447.85302734375, 445.8480224609375, 603.8890380859375)",79,11
5769,doc11_page79_6.png,"(62.35200119018555, 439.3630065917969, 193.30599975585938, 578.2990112304688)",79,11
5770,doc11_page80_1.png,"(36.821998596191406, 57.493011474609375, 70.87799835205078, 91.54901123046875)",80,11
5771,doc11_page80_5.png,"(36.821998596191406, 414.3130187988281, 70.87799835205078, 448.3690185546875)",80,11
5772,doc11_page80_9.png,"(260.7720031738281, 413.8330078125, 428.16400146484375, 623.4190063476562)",80,11
5773,doc11_page85_2.png,"(62.35200119018555, 358.15301513671875, 96.40800476074219, 392.2090148925781)",85,11
5774,doc11_page85_5.png,"(328.81201171875, 294.79302978515625, 462.30999755859375, 630.3790283203125)",85,11
5775,doc11_page85_6.png,"(70.78199768066406, 524.3829956054688, 304.6730041503906, 632.1489868164062)",85,11
5776,doc11_page87_2.png,"(61.96200180053711, 56.683013916015625, 201.24301147460938, 162.67901611328125)",87,11
5777,doc11_page87_3.png,"(61.6619987487793, 166.84300231933594, 200.97900390625, 268.0989990234375)",87,11
5778,doc11_page87_7.png,"(61.21200180053711, 422.3230285644531, 202.2150115966797, 522.3790283203125)",87,11
5779,doc11_page87_8.png,"(61.18199920654297, 527.2330322265625, 201.47198486328125, 632.989013671875)",87,11
5780,doc11_page88_2.png,"(36.821998596191406, 492.8830261230469, 70.87799835205078, 526.9390258789062)",88,11
5781,doc11_page88_8.png,"(36.821998596191406, 56.68299865722656, 244.84799194335938, 187.0989990234375)",88,11
5782,doc11_page88_9.png,"(263.5920104980469, 56.68299865722656, 420.3480224609375, 187.0989990234375)",88,11
5783,doc11_page89_2.png,"(62.35200119018555, 209.77301025390625, 96.40800476074219, 243.82901000976562)",89,11
5784,doc11_page89_6.png,"(53.832000732421875, 271.0030212402344, 250.46499633789062, 404.7190246582031)",89,11
5785,doc11_page90_2.png,"(36.821998596191406, 65.65298461914062, 70.87799835205078, 99.708984375)",90,11
5786,doc11_page90_5.png,"(36.821998596191406, 206.92300415039062, 216.2760009765625, 389.3290100097656)",90,11
5787,doc11_page90_6.png,"(240.91200256347656, 206.92300415039062, 420.3659973144531, 389.3290100097656)",90,11
5788,doc11_page91_2.png,"(62.35200119018555, 110.95303344726562, 96.40800476074219, 145.009033203125)",91,11
5789,doc11_page91_5.png,"(62.35200119018555, 342.7929992675781, 96.40800476074219, 376.8489990234375)",91,11
5790,doc11_page91_8.png,"(62.35200119018555, 545.802978515625, 96.40800476074219, 579.8590087890625)",91,11
5791,doc11_page92_2.png,"(36.821998596191406, 170.9530029296875, 70.87799835205078, 205.00900268554688)",92,11
5792,doc11_page92_6.png,"(229.6020050048828, 161.56300354003906, 428.1710205078125, 305.41900634765625)",92,11
5793,doc11_page92_7.png,"(36.821998596191406, 289.12298583984375, 330.9759826660156, 430.87896728515625)",92,11
5794,doc11_page94_2.png,"(36.821998596191406, 400.9630126953125, 70.87799835205078, 434.989013671875)",94,11
5795,doc11_page94_7.png,"(36.821998596191406, 56.6829833984375, 218.0579833984375, 175.51898193359375)",94,11
5796,doc11_page96_3.png,"(36.821998596191406, 133.27304077148438, 70.87799835205078, 167.32904052734375)",96,11
5797,doc11_page97_2.png,"(62.35200119018555, 453.5530090332031, 96.40800476074219, 487.6090087890625)",97,11
5798,doc11_page97_6.png,"(215.65199279785156, 92.35299682617188, 446.02801513671875, 254.50900268554688)",97,11
5799,doc11_page97_7.png,"(53.832000732421875, 42.493011474609375, 204.22799682617188, 254.44900512695312)",97,11
5800,doc11_page98_3.png,"(36.821998596191406, 205.78302001953125, 70.87799835205078, 239.83901977539062)",98,11
5801,doc11_page98_7.png,"(215.41200256347656, 175.06301879882812, 428.3710021972656, 373.5190124511719)",98,11
5802,doc11_page99_2.png,"(53.832000732421875, 55.63299560546875, 267.58099365234375, 184.218994140625)",99,11
5803,doc11_page99_4.png,"(53.832000732421875, 348.64300537109375, 224.26800537109375, 632.1190185546875)",99,11
5804,doc11_page100_1.png,"(36.821998596191406, 56.623016357421875, 70.87799835205078, 90.67901611328125)",100,11
5805,doc11_page100_3.png,"(36.821998596191406, 518.9830322265625, 70.87799835205078, 553.009033203125)",100,11
5806,doc11_page101_4.png,"(62.35200119018555, 462.5830078125, 96.40800476074219, 496.6390075683594)",101,11
5807,doc11_page104_2.png,"(36.821998596191406, 381.7929992675781, 70.87799835205078, 415.8489990234375)",104,11
5808,doc11_page104_14.png,"(229.6020050048828, 56.68304443359375, 428.29498291015625, 196.57904052734375)",104,11
5809,doc11_page105_1.png,"(62.35200119018555, 57.493011474609375, 96.40800476074219, 91.54901123046875)",105,11
5810,doc11_page105_3.png,"(62.35200119018555, 98.98300170898438, 96.40800476074219, 133.03900146484375)",105,11
5811,doc11_page106_2.png,"(36.821998596191406, 305.77301025390625, 70.87799835205078, 339.8290100097656)",106,11
5812,doc11_page107_5.png,"(62.35200119018555, 223.93301391601562, 167.32699584960938, 353.8390197753906)",107,11
5813,doc11_page108_5.png,"(300.4620056152344, 56.68299865722656, 429.14599609375, 266.47900390625)",108,11
5814,doc11_page108_6.png,"(320.2919921875, 493.2130126953125, 419.5379943847656, 623.2990112304688)",108,11
5815,doc11_page109_1.png,"(62.35200119018555, 57.493011474609375, 96.40800476074219, 91.54901123046875)",109,11
5816,doc11_page109_4.png,"(62.35200119018555, 267.16302490234375, 96.40800476074219, 301.2190246582031)",109,11
5817,doc11_page109_7.png,"(62.35200119018555, 410.8330078125, 96.40800476074219, 444.8890075683594)",109,11
5818,doc11_page110_2.png,"(36.821998596191406, 142.63299560546875, 70.87799835205078, 176.65899658203125)",110,11
5819,doc11_page111_4.png,"(53.832000732421875, 133.2130126953125, 238.375, 257.9590148925781)",111,11
5820,doc11_page113_3.png,"(62.35200119018555, 146.65298461914062, 96.40800476074219, 180.708984375)",113,11
5821,doc11_page113_9.png,"(351.49200439453125, 192.73300170898438, 445.2879943847656, 323.5690002441406)",113,11
5822,doc11_page114_2.png,"(36.821998596191406, 164.68301391601562, 70.87799835205078, 198.739013671875)",114,11
5823,doc11_page115_4.png,"(62.35200119018555, 343.1830139160156, 96.40800476074219, 377.239013671875)",115,11
5824,doc11_page115_6.png,"(62.35200119018555, 428.6830139160156, 96.40800476074219, 462.739013671875)",115,11
5825,doc11_page115_8.png,"(62.35200119018555, 514.1829833984375, 96.40800476074219, 548.239013671875)",115,11
5826,doc11_page115_12.png,"(62.35200119018555, 56.68303680419922, 156.1840057373047, 182.32904052734375)",115,11
5827,doc11_page116_2.png,"(36.821998596191406, 377.77301025390625, 70.87799835205078, 411.8290100097656)",116,11
5828,doc11_page116_5.png,"(306.1319885253906, 99.1929931640625, 419.447998046875, 313.0690002441406)",116,11
5829,doc11_page117_2.png,"(62.35200119018555, 101.77304077148438, 96.40800476074219, 135.82904052734375)",117,11
5830,doc11_page118_2.png,"(36.821998596191406, 231.4630126953125, 70.87799835205078, 265.5190124511719)",118,11
5831,doc11_page118_4.png,"(36.821998596191406, 270.4630126953125, 70.87799835205078, 304.5190124511719)",118,11
5832,doc11_page118_8.png,"(36.821998596191406, 453.5530090332031, 70.87799835205078, 487.6090087890625)",118,11
5833,doc11_page119_11.png,"(62.35200119018555, 464.8630065917969, 167.33999633789062, 585.739013671875)",119,11
5834,doc11_page120_5.png,"(328.81201171875, 141.70301818847656, 418.8860168457031, 261.5890197753906)",120,11
5835,doc11_page121_6.png,"(357.1319885253906, 56.683021545410156, 445.0679931640625, 173.8690185546875)",121,11
5836,doc11_page121_7.png,"(62.35200119018555, 184.24301147460938, 150.25799560546875, 315.0790100097656)",121,11
5837,doc11_page122_1.png,"(36.821998596191406, 58.003021240234375, 70.87799835205078, 92.05902099609375)",122,11
5838,doc11_page123_2.png,"(62.35200119018555, 221.77301025390625, 96.40800476074219, 255.82901000976562)",123,11
5839,doc11_page124_1.png,"(36.821998596191406, 57.493011474609375, 70.87799835205078, 91.54901123046875)",124,11
5840,doc11_page124_7.png,"(243.2519989013672, 518.7130126953125, 427.7229919433594, 632.3890380859375)",124,11
5841,doc11_page124_9.png,"(300.4620056152344, 28.3330078125, 429.2130126953125, 193.66900634765625)",124,11
5842,doc11_page124_10.png,"(300.4620056152344, 196.36302185058594, 429.1199951171875, 338.2090148925781)",124,11
5843,doc11_page125_5.png,"(62.35200119018555, 594.133056640625, 96.40800476074219, 628.1890869140625)",125,11
5844,doc11_page125_7.png,"(62.35200119018555, 394.00299072265625, 178.68600463867188, 520.0390014648438)",125,11
5845,doc11_page125_8.png,"(204.07200622558594, 48.16302490234375, 445.19000244140625, 196.06903076171875)",125,11
5846,doc11_page126_4.png,"(36.821998596191406, 586.5130615234375, 70.87799835205078, 620.569091796875)",126,11
5847,doc11_page126_6.png,"(280.60198974609375, 274.9330139160156, 419.68096923828125, 367.5790100097656)",126,11
5848,doc11_page126_8.png,"(280.60198974609375, 56.68299102783203, 419.27301025390625, 149.0889892578125)",126,11
5849,doc11_page127_3.png,"(53.832000732421875, 415.1829833984375, 445.14599609375, 596.47900390625)",127,11
5850,doc11_page128_2.png,"(150.2220001220703, 401.77301025390625, 184.2779998779297, 435.8290100097656)",128,11
5851,doc11_page128_5.png,"(172.90199279785156, 56.683013916015625, 428.0579833984375, 264.55902099609375)",128,11
5852,doc11_page128_8.png,"(36.821998596191406, 351.64300537109375, 138.67800903320312, 582.1090087890625)",128,11
5853,doc11_page131_2.png,"(62.35200119018555, 119.113037109375, 96.40800476074219, 153.1390380859375)",131,11
5854,doc11_page131_5.png,"(53.832000732421875, 447.85296630859375, 177.22799682617188, 632.208984375)",131,11
5855,doc11_page133_3.png,"(53.832000732421875, 476.2030029296875, 167.14801025390625, 630.7990112304688)",133,11
5856,doc11_page134_3.png,"(36.821998596191406, 534.9429931640625, 70.87799835205078, 568.9990234375)",134,11
5857,doc11_page136_3.png,"(36.821998596191406, 156.19302368164062, 70.87799835205078, 190.2490234375)",136,11
5858,doc11_page136_8.png,"(143.14199829101562, 192.73301696777344, 240.47299194335938, 323.17901611328125)",136,11
5859,doc11_page136_9.png,"(253.8419952392578, 192.73300170898438, 419.6259765625, 321.2590026855469)",136,11
5860,doc11_page136_10.png,"(331.6319885253906, 450.7030334472656, 418.0679931640625, 556.8190307617188)",136,11
5861,doc11_page137_4.png,"(53.832000732421875, 55.66304016113281, 219.4759979248047, 145.57904052734375)",137,11
5862,doc11_page137_6.png,"(62.35200119018555, 506.02301025390625, 141.8590087890625, 609.0490112304688)",137,11
5863,doc11_page138_2.png,"(36.821998596191406, 365.77301025390625, 70.87799835205078, 399.8290100097656)",138,11
5864,doc11_page138_5.png,"(340.1520080566406, 56.683006286621094, 419.5760192871094, 165.22900390625)",138,11
5865,doc11_page139_2.png,"(62.35200119018555, 249.79299926757812, 96.40800476074219, 283.8489990234375)",139,11
5866,doc11_page140_2.png,"(36.821998596191406, 410.9530029296875, 70.87799835205078, 445.0090026855469)",140,11
5867,doc11_page141_2.png,"(62.35200119018555, 302.9530029296875, 96.40800476074219, 337.0090026855469)",141,11
5868,doc11_page141_7.png,"(53.832000732421875, 459.1930236816406, 239.16000366210938, 596.1190185546875)",141,11
5869,doc11_page142_3.png,"(308.9519958496094, 447.85302734375, 428.9880065917969, 632.9290161132812)",142,11
5870,doc11_page145_2.png,"(62.35200119018555, 461.77301025390625, 96.40800476074219, 495.8290100097656)",145,11
5871,doc11_page145_6.png,"(62.35200119018555, 181.39300537109375, 215.49900817871094, 296.17901611328125)",145,11
5872,doc11_page146_6.png,"(272.11199951171875, 56.89299011230469, 429.05401611328125, 298.15899658203125)",146,11
5873,doc11_page146_7.png,"(36.821998596191406, 428.0229797363281, 140.23800659179688, 564.948974609375)",146,11
5874,doc11_page147_3.png,"(62.35200119018555, 270.6730041503906, 96.40800476074219, 304.72900390625)",147,11
5875,doc11_page147_7.png,"(62.35200119018555, 447.85296630859375, 334.3079833984375, 632.208984375)",147,11
5876,doc11_page148_1.png,"(36.821998596191406, 57.493011474609375, 70.87799835205078, 91.54901123046875)",148,11
5877,doc11_page148_7.png,"(36.821998596191406, 320.29302978515625, 139.43299865722656, 460.489013671875)",148,11
5878,doc11_page149_1.png,"(62.35200119018555, 57.493011474609375, 96.40800476074219, 91.54901123046875)",149,11
5879,doc11_page149_4.png,"(62.35200119018555, 273.4930114746094, 96.40800476074219, 307.54901123046875)",149,11
5880,doc11_page150_2.png,"(36.821998596191406, 113.77304077148438, 70.87799835205078, 147.82904052734375)",150,11
5881,doc11_page150_5.png,"(36.821998596191406, 350.8030090332031, 70.87799835205078, 384.8590087890625)",150,11
5882,doc11_page151_7.png,"(62.35200119018555, 223.93301391601562, 156.02200317382812, 366.8290100097656)",151,11
5883,doc11_page152_2.png,"(36.821998596191406, 318.7929992675781, 70.87799835205078, 352.8489990234375)",152,11
5884,doc11_page152_6.png,"(172.90199279785156, 56.68302917480469, 428.0579833984375, 236.71902465820312)",152,11
5885,doc11_page153_6.png,"(62.35200119018555, 153.0430145263672, 166.54800415039062, 296.8390197753906)",153,11
5886,doc11_page154_2.png,"(36.821998596191406, 184.843017578125, 70.87799835205078, 218.89901733398438)",154,11
5887,doc11_page154_6.png,"(36.821998596191406, 470.5030212402344, 70.87799835205078, 504.55902099609375)",154,11
5888,doc11_page157_3.png,"(62.35200119018555, 145.1829833984375, 96.40800476074219, 179.208984375)",157,11
5889,doc11_page158_1.png,"(36.821998596191406, 56.863037109375, 70.87799835205078, 90.8890380859375)",158,11
5890,doc11_page158_4.png,"(36.821998596191406, 468.0130310058594, 70.87799835205078, 502.06903076171875)",158,11
5891,doc11_page159_2.png,"(62.35200119018555, 333.4630126953125, 96.40800476074219, 367.5190124511719)",159,11
5892,doc11_page159_7.png,"(62.35200119018555, 413.8330078125, 156.1479949951172, 536.5390014648438)",159,11
5893,doc11_page160_3.png,"(36.821998596191406, 296.8030090332031, 70.87799835205078, 330.8590087890625)",160,11
5894,doc11_page162_1.png,"(36.821998596191406, 57.493011474609375, 70.87799835205078, 91.54901123046875)",162,11
5895,doc11_page162_5.png,"(36.821998596191406, 280.0030212402344, 70.87799835205078, 314.05902099609375)",162,11
5896,doc11_page162_9.png,"(334.12200927734375, 113.38300323486328, 419.1180114746094, 213.97900390625)",162,11
5897,doc11_page164_2.png,"(36.821998596191406, 183.9730224609375, 70.87799835205078, 218.02902221679688)",164,11
5898,doc11_page164_9.png,"(36.821998596191406, 374.8030090332031, 70.87799835205078, 408.8590087890625)",164,11
5899,doc11_page164_11.png,"(36.821998596191406, 427.3030090332031, 70.87799835205078, 461.3590087890625)",164,11
5900,doc11_page166_2.png,"(36.821998596191406, 56.68299865722656, 235.3380126953125, 202.15899658203125)",166,11
5901,doc11_page167_10.png,"(53.832000732421875, 463.7530517578125, 287.26898193359375, 601.8190307617188)",167,11
5902,doc11_page168_2.png,"(36.821998596191406, 170.9530029296875, 70.87799835205078, 205.00900268554688)",168,11
5903,doc11_page168_4.png,"(36.821998596191406, 561.9730224609375, 70.87799835205078, 595.9990234375)",168,11
5904,doc11_page168_7.png,"(277.7820129394531, 167.23301696777344, 428.91900634765625, 314.1190185546875)",168,11
5905,doc11_page168_9.png,"(277.7820129394531, 351.49298095703125, 427.31402587890625, 490.27899169921875)",168,11
5906,doc11_page168_11.png,"(42.492000579833984, 263.593017578125, 261.32098388671875, 377.7190246582031)",168,11
5907,doc11_page168_13.png,"(65.1719970703125, 399.6729736328125, 238.33999633789062, 518.8389892578125)",168,11
5908,doc11_page169_4.png,"(62.35200119018555, 415.4230041503906, 96.40800476074219, 449.47900390625)",169,11
5909,doc11_page169_7.png,"(62.051998138427734, 466.6929931640625, 227.02000427246094, 601.8489990234375)",169,11
5910,doc11_page169_8.png,"(242.74200439453125, 466.54302978515625, 445.5350036621094, 601.759033203125)",169,11
5911,doc11_page170_1.png,"(36.821998596191406, 57.493011474609375, 70.87799835205078, 91.54901123046875)",170,11
5912,doc11_page171_1.png,"(62.35200119018555, 56.623016357421875, 96.40800476074219, 90.67901611328125)",171,11
5913,doc11_page171_5.png,"(248.1719970703125, 56.68303680419922, 445.89801025390625, 153.19903564453125)",171,11
5914,doc11_page171_6.png,"(248.14199829101562, 157.00302124023438, 445.6940002441406, 270.43902587890625)",171,11
5915,doc11_page172_2.png,"(36.821998596191406, 546.9429931640625, 70.87799835205078, 580.9990234375)",172,11
5916,doc11_page172_6.png,"(36.821998596191406, 42.49298095703125, 256.4580078125, 195.64898681640625)",172,11
5917,doc11_page174_2.png,"(36.821998596191406, 546.04296875, 70.87799835205078, 580.0989990234375)",174,11
5918,doc11_page177_3.png,"(62.35200119018555, 289.1230163574219, 204.197998046875, 412.42901611328125)",177,11
5919,doc11_page177_4.png,"(252.2519989013672, 487.54302978515625, 445.9750061035156, 633.0490112304688)",177,11
5920,doc11_page178_4.png,"(36.821998596191406, 331.9630126953125, 70.87799835205078, 366.0190124511719)",178,11
5921,doc11_page178_9.png,"(336.0419921875, 198.40301513671875, 419.62298583984375, 318.91900634765625)",178,11
5922,doc11_page179_2.png,"(62.35200119018555, 569.77294921875, 96.40800476074219, 603.8289794921875)",179,11
5923,doc11_page180_6.png,"(329.9219970703125, 351.4930419921875, 419.5379943847656, 470.68902587890625)",180,11
5924,doc11_page181_2.png,"(62.35200119018555, 98.62301635742188, 96.40800476074219, 132.67901611328125)",181,11
5925,doc11_page181_9.png,"(62.35200119018555, 347.14300537109375, 156.1479949951172, 484.93902587890625)",181,11
5926,doc11_page182_4.png,"(36.821998596191406, 578.8330078125, 70.87799835205078, 612.8890380859375)",182,11
5927,doc11_page182_6.png,"(36.821998596191406, 56.6829833984375, 221.2449951171875, 160.39898681640625)",182,11
5928,doc11_page182_8.png,"(320.2919921875, 145.24301147460938, 419.656005859375, 284.17901611328125)",182,11
5929,doc11_page183_6.png,"(62.35200119018555, 297.613037109375, 175.8780059814453, 388.2490234375)",183,11
5930,doc11_page184_7.png,"(229.6020050048828, 212.593017578125, 428.1180114746094, 361.42901611328125)",184,11
5931,doc11_page186_2.png,"(36.821998596191406, 138.10299682617188, 70.87799835205078, 172.15899658203125)",186,11
5932,doc11_page186_7.png,"(43.96200180053711, 313.1830139160156, 412.39801025390625, 348.2590026855469)",186,11
5933,doc11_page189_6.png,"(62.35200119018555, 141.7030029296875, 158.86599731445312, 284.3590087890625)",189,11
5934,doc11_page189_7.png,"(62.35200119018555, 484.6930236816406, 161.59800720214844, 632.0590209960938)",189,11
5935,doc11_page190_2.png,"(36.821998596191406, 209.77301025390625, 70.87799835205078, 243.82901000976562)",190,11
5936,doc11_page190_7.png,"(241.99200439453125, 436.51300048828125, 420.7550048828125, 543.739013671875)",190,11
5937,doc11_page190_9.png,"(34.69200134277344, 436.5130310058594, 236.95399475097656, 538.0690307617188)",190,11
5938,doc11_page190_11.png,"(192.52200317382812, 255.10301208496094, 420.35101318359375, 399.67901611328125)",190,11
5939,doc11_page191_2.png,"(62.35200119018555, 521.77294921875, 96.40800476074219, 555.8289794921875)",191,11
5940,doc11_page192_2.png,"(36.821998596191406, 197.62301635742188, 70.87799835205078, 231.67901611328125)",192,11
5941,doc11_page192_6.png,"(44.652000427246094, 280.6029968261719, 219.48199462890625, 427.03900146484375)",192,11
5942,doc11_page192_8.png,"(237.3419952392578, 280.60302734375, 411.7080078125, 401.8390197753906)",192,11
5943,doc11_page194_2.png,"(36.821998596191406, 386.77301025390625, 70.87799835205078, 420.8290100097656)",194,11
5944,doc11_page194_6.png,"(36.821998596191406, 56.68299865722656, 138.91799926757812, 197.65899658203125)",194,11
5945,doc11_page195_3.png,"(62.35200119018555, 493.2130126953125, 306.947998046875, 631.2490234375)",195,11
5946,doc11_page196_2.png,"(36.821998596191406, 401.77301025390625, 70.87799835205078, 435.8290100097656)",196,11
5947,doc11_page196_4.png,"(111.64199829101562, 479.0230407714844, 362.15802001953125, 632.3890380859375)",196,11
5948,doc11_page199_2.png,"(62.35200119018555, 376.572998046875, 246.85501098632812, 545.9290161132812)",199,11
5949,doc11_page199_4.png,"(62.35200119018555, 107.71302795410156, 248.0989990234375, 287.05902099609375)",199,11
5950,doc11_page199_6.png,"(266.4419860839844, 240.9130096435547, 446.28399658203125, 417.16900634765625)",199,11
5951,doc11_page199_11.png,"(62.35200119018555, 57.493011474609375, 96.40800476074219, 91.54901123046875)",199,11
5952,doc11_page200_2.png,"(36.821998596191406, 377.77301025390625, 70.87799835205078, 411.8290100097656)",200,11
5953,doc11_page200_4.png,"(36.821998596191406, 428.0230407714844, 243.62399291992188, 535.8190307617188)",200,11
5954,doc11_page200_6.png,"(257.9219970703125, 428.0230407714844, 418.4530029296875, 583.009033203125)",200,11
5955,doc11_page201_3.png,"(62.35200119018555, 56.68299865722656, 272.2239990234375, 205.8489990234375)",201,11
5956,doc11_page201_5.png,"(283.4519958496094, 56.68302917480469, 445.6029968261719, 187.1290283203125)",201,11
5957,doc11_page202_2.png,"(36.821998596191406, 149.77304077148438, 70.87799835205078, 183.82904052734375)",202,11
5958,doc11_page202_5.png,"(36.821998596191406, 367.78302001953125, 70.87799835205078, 401.8390197753906)",202,11
5959,doc11_page202_7.png,"(323.1419982910156, 362.80303955078125, 419.1780090332031, 507.55902099609375)",202,11
5960,doc11_page202_9.png,"(33.1619987487793, 452.6529846191406, 267.1860046386719, 632.7789916992188)",202,11
5961,doc11_page204_1.png,"(36.821998596191406, 57.493011474609375, 70.87799835205078, 91.54901123046875)",204,11
5962,doc11_page204_4.png,"(36.821998596191406, 313.66302490234375, 70.87799835205078, 347.7190246582031)",204,11
5963,doc11_page204_8.png,"(35.95199966430664, 373.24298095703125, 216.2659912109375, 484.15899658203125)",204,11
5964,doc11_page204_9.png,"(228.58200073242188, 373.4530029296875, 420.52801513671875, 495.0790100097656)",204,11
5965,doc11_page205_2.png,"(53.832000732421875, 379.81298828125, 237.8000030517578, 594.4089965820312)",205,11
5966,doc11_page206_2.png,"(36.821998596191406, 245.77301025390625, 70.87799835205078, 279.8290100097656)",206,11
5967,doc11_page206_6.png,"(36.821998596191406, 529.633056640625, 70.87799835205078, 563.6890869140625)",206,11
5968,doc11_page206_9.png,"(246.58200073242188, 320.29302978515625, 419.68798828125, 443.1190185546875)",206,11
5969,doc11_page210_2.png,"(36.821998596191406, 387.822998046875, 70.87799835205078, 421.8789978027344)",210,11
5970,doc11_page210_6.png,"(36.821998596191406, 566.1729736328125, 70.87799835205078, 600.22900390625)",210,11
5971,doc11_page210_8.png,"(36.821998596191406, 245.47300720214844, 329.02899169921875, 377.989013671875)",210,11
5972,doc11_page211_2.png,"(62.35200119018555, 566.9530029296875, 96.40800476074219, 601.009033203125)",211,11
5973,doc11_page211_6.png,"(274.9320068359375, 246.5830078125, 445.08599853515625, 354.2590026855469)",211,11
5974,doc11_page212_2.png,"(36.821998596191406, 376.51300048828125, 70.87799835205078, 410.53900146484375)",212,11
5975,doc11_page212_5.png,"(36.821998596191406, 27.313018798828125, 197.76498413085938, 248.05902099609375)",212,11
5976,doc11_page212_6.png,"(217.90199279785156, 56.683013916015625, 419.5379943847656, 198.55902099609375)",212,11
5977,doc11_page213_2.png,"(62.35200119018555, 106.78298950195312, 96.40800476074219, 140.8389892578125)",213,11
5978,doc11_page213_6.png,"(62.35200119018555, 255.7030029296875, 96.40800476074219, 289.7590026855469)",213,11
5979,doc11_page214_4.png,"(243.76199340820312, 187.06300354003906, 428.27099609375, 315.1990051269531)",214,11
5980,doc11_page215_2.png,"(62.35200119018555, 494.9530334472656, 96.40800476074219, 529.009033203125)",215,11
5981,doc11_page216_2.png,"(36.821998596191406, 186.61300659179688, 70.87799835205078, 220.66900634765625)",216,11
5982,doc11_page217_5.png,"(53.832000732421875, 510.2230224609375, 299.55999755859375, 633.1090087890625)",217,11
5983,doc11_page218_2.png,"(36.821998596191406, 110.95303344726562, 70.87799835205078, 145.009033203125)",218,11
5984,doc11_page220_2.png,"(36.821998596191406, 389.77301025390625, 70.87799835205078, 423.8290100097656)",220,11
5985,doc11_page220_4.png,"(147.3719940185547, 445.03302001953125, 428.2239990234375, 631.1290283203125)",220,11
5986,doc11_page221_7.png,"(62.35200119018555, 232.42300415039062, 275.0279846191406, 357.97900390625)",221,11
5987,doc11_page222_2.png,"(36.821998596191406, 245.77301025390625, 70.87799835205078, 279.8290100097656)",222,11
5988,doc11_page223_2.png,"(62.35200119018555, 375.28302001953125, 96.40800476074219, 409.3390197753906)",223,11
5989,doc11_page223_7.png,"(53.832000732421875, 56.683013916015625, 294.90399169921875, 209.32901000976562)",223,11
5990,doc11_page224_4.png,"(36.821998596191406, 481.87298583984375, 267.25799560546875, 632.1489868164062)",224,11
5991,doc11_page225_2.png,"(62.35200119018555, 197.77301025390625, 96.40800476074219, 231.82901000976562)",225,11
5992,doc11_page225_5.png,"(62.35200119018555, 485.8030090332031, 96.40800476074219, 519.8590087890625)",225,11
5993,doc11_page226_2.png,"(36.821998596191406, 275.1130065917969, 70.87799835205078, 309.16900634765625)",226,11
5994,doc11_page226_5.png,"(39.46200180053711, 370.6029968261719, 130.697998046875, 439.0989990234375)",226,11
5995,doc11_page226_6.png,"(127.302001953125, 399.5530090332031, 130.9001007080078, 403.90899658203125)",226,11
5996,doc11_page226_8.png,"(36.821998596191406, 568.2130126953125, 70.87799835205078, 602.26904296875)",226,11
5997,doc11_page226_12.png,"(218.26199340820312, 133.69300842285156, 428.1090087890625, 272.53900146484375)",226,11
5998,doc11_page229_2.png,"(62.35200119018555, 185.77301025390625, 96.40800476074219, 219.82901000976562)",229,11
5999,doc11_page229_6.png,"(62.35200119018555, 226.7530059814453, 289.20599365234375, 378.28900146484375)",229,11
6000,doc11_page229_7.png,"(62.35200119018555, 419.5030517578125, 289.2909851074219, 572.8990478515625)",229,11
6001,doc11_page229_8.png,"(308.9519958496094, 212.1430206298828, 444.41998291015625, 419.17901611328125)",229,11
6002,doc11_page229_9.png,"(308.9519958496094, 427.60302734375, 445.3079833984375, 631.6390380859375)",229,11
6003,doc11_page230_1.png,"(36.821998596191406, 57.493011474609375, 70.87799835205078, 91.54901123046875)",230,11
6004,doc11_page231_2.png,"(62.35200119018555, 533.77294921875, 96.40800476074219, 567.8289794921875)",231,11
6005,doc11_page232_5.png,"(246.58200073242188, 371.322998046875, 419.2340087890625, 587.3590087890625)",232,11
6006,doc11_page233_2.png,"(62.35200119018555, 540.9429931640625, 96.40800476074219, 574.9990234375)",233,11
6007,doc11_page233_4.png,"(62.35200119018555, 56.683013916015625, 229.66799926757812, 296.9590148925781)",233,11
6008,doc11_page234_1.png,"(36.821998596191406, 56.863037109375, 70.87799835205078, 90.8890380859375)",234,11
6009,doc11_page235_4.png,"(62.35200119018555, 506.2929992675781, 96.40800476074219, 540.3489990234375)",235,11
6010,doc11_page235_6.png,"(62.35200119018555, 558.79296875, 96.40800476074219, 592.8489990234375)",235,11
6011,doc11_page235_8.png,"(61.332000732421875, 208.69302368164062, 171.14700317382812, 352.3690185546875)",235,11
6012,doc11_page236_2.png,"(242.53199768066406, 56.683013916015625, 429.0480041503906, 201.64901733398438)",236,11
6013,doc11_page237_2.png,"(62.35200119018555, 164.62301635742188, 96.40800476074219, 198.67901611328125)",237,11
6014,doc11_page237_6.png,"(62.35200119018555, 453.52301025390625, 249.46800231933594, 597.5289916992188)",237,11
6015,doc11_page237_7.png,"(260.7720031738281, 453.52301025390625, 445.0679931640625, 594.3790283203125)",237,11
6016,doc11_page239_6.png,"(53.832000732421875, 56.68299865722656, 252.38099670410156, 243.31900024414062)",239,11
6017,doc11_page242_2.png,"(229.6020050048828, 56.683013916015625, 428.156982421875, 240.739013671875)",242,11
6018,doc11_page245_1.png,"(244.90199279785156, 56.683013916015625, 446.41497802734375, 353.2690124511719)",245,11
6019,doc11_page245_4.png,"(62.35200119018555, 212.59298706054688, 227.6580047607422, 457.3389892578125)",245,11
6020,doc11_page245_5.png,"(62.35200119018555, 521.7130126953125, 249.58799743652344, 632.1489868164062)",245,11
6021,doc11_page246_2.png,"(36.821998596191406, 143.35299682617188, 70.87799835205078, 177.40899658203125)",246,11
6022,doc11_page247_2.png,"(62.35200119018555, 137.77304077148438, 96.40800476074219, 171.82904052734375)",247,11
6023,doc11_page247_6.png,"(62.35200119018555, 518.29296875, 96.40800476074219, 552.3489990234375)",247,11
6024,doc11_page248_2.png,"(36.821998596191406, 161.77304077148438, 70.87799835205078, 195.82904052734375)",248,11
6025,doc11_page248_5.png,"(36.821998596191406, 426.7929992675781, 70.87799835205078, 460.8489990234375)",248,11
6026,doc11_page249_2.png,"(62.35200119018555, 137.77304077148438, 96.40800476074219, 171.82904052734375)",249,11
6027,doc11_page249_5.png,"(62.35200119018555, 378.64300537109375, 96.40800476074219, 412.66900634765625)",249,11
6028,doc11_page251_2.png,"(53.832000732421875, 40.123023986816406, 244.66799926757812, 163.9990234375)",251,11
6029,doc11_page253_5.png,"(62.35200119018555, 453.7929992675781, 96.40800476074219, 487.8489990234375)",253,11
6030,doc11_page253_9.png,"(61.27199935913086, 141.7030029296875, 162.58799743652344, 266.53900146484375)",253,11
6031,doc11_page254_3.png,"(198.40199279785156, 56.683013916015625, 419.62799072265625, 215.05902099609375)",254,11
6032,doc11_page254_5.png,"(263.5920104980469, 405.3429870605469, 419.55499267578125, 632.958984375)",254,11
6033,doc11_page255_2.png,"(62.35200119018555, 89.77304077148438, 96.40800476074219, 123.82904052734375)",255,11
6034,doc11_page255_9.png,"(62.35200119018555, 274.27301025390625, 96.40800476074219, 308.3290100097656)",255,11
6035,doc11_page257_2.png,"(62.35200119018555, 375.7929992675781, 96.40800476074219, 409.8489990234375)",257,11
6036,doc11_page257_7.png,"(53.832000732421875, 56.683021545410156, 260.9169921875, 148.9990234375)",257,11
6037,doc11_page258_4.png,"(164.3820037841797, 453.52301025390625, 428.0579833984375, 600.0490112304688)",258,11
6038,doc11_page258_6.png,"(36.821998596191406, 454.3330078125, 70.87799835205078, 488.3890075683594)",258,11
6039,doc11_page259_3.png,"(62.35200119018555, 174.52301025390625, 96.40800476074219, 208.57901000976562)",259,11
6040,doc11_page259_7.png,"(62.35200119018555, 521.5630493164062, 182.38800048828125, 631.51904296875)",259,11
6041,doc11_page260_2.png,"(36.821998596191406, 86.95303344726562, 70.87799835205078, 121.009033203125)",260,11
6042,doc11_page260_4.png,"(36.821998596191406, 598.9630126953125, 70.87799835205078, 633.01904296875)",260,11
6043,doc11_page263_2.png,"(53.832000732421875, 476.2030029296875, 243.79800415039062, 594.8590087890625)",263,11
6044,doc11_page264_2.png,"(36.821998596191406, 317.77301025390625, 70.87799835205078, 351.8290100097656)",264,11
6045,doc11_page265_2.png,"(62.35200119018555, 389.77301025390625, 96.40800476074219, 423.8290100097656)",265,11
6046,doc11_page265_7.png,"(62.35200119018555, 56.683006286621094, 201.91000366210938, 142.6090087890625)",265,11
6047,doc11_page268_1.png,"(36.821998596191406, 57.493011474609375, 70.87799835205078, 91.54901123046875)",268,11
6048,doc11_page268_4.png,"(36.821998596191406, 151.39303588867188, 70.87799835205078, 185.44903564453125)",268,11
6049,doc11_page268_7.png,"(58.93199920654297, 368.4730224609375, 399.0480041503906, 595.0690307617188)",268,11
6050,doc11_page269_2.png,"(62.35200119018555, 197.77301025390625, 96.40800476074219, 231.82901000976562)",269,11
6051,doc11_page270_5.png,"(36.821998596191406, 453.0429992675781, 246.37799072265625, 594.9190063476562)",270,11
6052,doc11_page270_6.png,"(259.9320068359375, 440.5630187988281, 414.28802490234375, 582.4390258789062)",270,11
6053,doc11_page270_9.png,"(75.6719970703125, 266.4429931640625, 387.4679870605469, 408.3190002441406)",270,11
6054,doc11_page271_4.png,"(62.35200119018555, 425.77301025390625, 96.40800476074219, 459.8290100097656)",271,11
6055,doc11_page272_1.png,"(36.821998596191406, 56.623016357421875, 70.87799835205078, 90.67901611328125)",272,11
6056,doc11_page275_2.png,"(53.832000732421875, 127.54301452636719, 224.0279998779297, 250.45901489257812)",275,11
6057,doc11_page276_3.png,"(206.9219970703125, 48.162994384765625, 419.5979919433594, 202.03900146484375)",276,11
6058,doc11_page277_1.png,"(62.35200119018555, 56.623016357421875, 96.40800476074219, 90.67901611328125)",277,11
6059,doc11_page277_5.png,"(62.35200119018555, 316.9630126953125, 96.40800476074219, 351.0190124511719)",277,11
6060,doc11_page277_9.png,"(62.35200119018555, 513.31298828125, 96.40800476074219, 547.3690185546875)",277,11
6061,doc11_page277_12.png,"(62.35200119018555, 99.19300842285156, 161.50799560546875, 233.38900756835938)",277,11
6062,doc11_page278_5.png,"(35.801998138427734, 55.48301696777344, 284.4779968261719, 239.1190185546875)",278,11
6063,doc11_page279_3.png,"(306.1319885253906, 308.9530029296875, 443.4419860839844, 411.7690124511719)",279,11
6064,doc11_page280_2.png,"(36.821998596191406, 89.77304077148438, 70.87799835205078, 123.82904052734375)",280,11
6065,doc11_page280_8.png,"(206.9219970703125, 90.7030029296875, 419.5780029296875, 226.12899780273438)",280,11
6066,doc11_page281_4.png,"(62.35200119018555, 367.42303466796875, 275.0279846191406, 509.05902099609375)",281,11
6067,doc11_page282_2.png,"(36.821998596191406, 137.77304077148438, 70.87799835205078, 171.82904052734375)",282,11
6068,doc11_page284_7.png,"(36.821998596191406, 429.7929992675781, 70.87799835205078, 463.8489990234375)",284,11
6069,doc11_page284_10.png,"(306.1319885253906, 119.02299499511719, 419.447998046875, 256.0989990234375)",284,11
6070,doc11_page285_4.png,"(62.35200119018555, 573.1929931640625, 96.40800476074219, 607.2490234375)",285,11
6071,doc11_page285_7.png,"(62.35200119018555, 56.68299865722656, 246.7880096435547, 190.27899169921875)",285,11
6072,doc11_page286_1.png,"(36.821998596191406, 56.683013916015625, 339.25799560546875, 246.55902099609375)",286,11
6073,doc11_page287_4.png,"(53.832000732421875, 56.68299865722656, 229.6719970703125, 276.22900390625)",287,11
6074,doc11_page288_2.png,"(36.821998596191406, 329.77301025390625, 70.87799835205078, 363.8290100097656)",288,11
6075,doc11_page289_2.png,"(62.35200119018555, 146.95303344726562, 96.40800476074219, 181.009033203125)",289,11
6076,doc11_page290_2.png,"(36.821998596191406, 101.47299194335938, 70.87799835205078, 135.52899169921875)",290,11
6077,doc11_page290_5.png,"(36.821998596191406, 293.4730224609375, 70.87799835205078, 327.5290222167969)",290,11
6078,doc11_page292_1.png,"(36.821998596191406, 56.623016357421875, 70.87799835205078, 90.67901611328125)",292,11
6079,doc11_page292_9.png,"(149.14199829101562, 439.363037109375, 429.01800537109375, 631.6390380859375)",292,11
6080,doc11_page293_2.png,"(62.35200119018555, 116.20301818847656, 204.22801208496094, 284.9590148925781)",293,11
6081,doc11_page293_4.png,"(232.4219970703125, 55.60302734375, 445.27099609375, 337.3390197753906)",293,11
6082,doc11_page293_6.png,"(268.12200927734375, 357.1330261230469, 445.95703125, 632.7490234375)",293,11
6083,doc11_page294_3.png,"(36.821998596191406, 56.6829833984375, 204.10800170898438, 166.458984375)",294,11
6084,doc11_page294_5.png,"(192.73199462890625, 388.3330078125, 419.56597900390625, 515.9290161132812)",294,11
6085,doc11_page296_5.png,"(274.9320068359375, 229.60299682617188, 418.72802734375, 429.3190002441406)",296,11
6086,doc11_page298_6.png,"(229.6020050048828, 433.6929931640625, 428.1710205078125, 596.6589965820312)",298,11
6087,doc11_page299_2.png,"(62.35200119018555, 101.77304077148438, 96.40800476074219, 135.82904052734375)",299,11
6088,doc11_page300_4.png,"(36.821998596191406, 272.02301025390625, 70.87799835205078, 306.0790100097656)",300,11
6089,doc11_page301_3.png,"(53.832000732421875, 306.1330261230469, 252.4739990234375, 454.93902587890625)",301,11
6090,doc11_page302_2.png,"(36.821998596191406, 421.7829895019531, 70.87799835205078, 455.8389892578125)",302,11
6091,doc11_page302_6.png,"(36.821998596191406, 56.68299865722656, 235.49398803710938, 190.72900390625)",302,11
6092,doc11_page302_9.png,"(249.4320068359375, 56.6829833984375, 428.9280090332031, 179.14898681640625)",302,11
6093,doc11_page303_2.png,"(62.35200119018555, 233.77301025390625, 96.40800476074219, 267.8290100097656)",303,11
6094,doc11_page303_7.png,"(53.832000732421875, 498.88299560546875, 252.3350067138672, 630.97900390625)",303,11
6095,doc11_page304_2.png,"(36.821998596191406, 281.77301025390625, 70.87799835205078, 315.8290100097656)",304,11
6096,doc11_page305_1.png,"(62.35200119018555, 57.493011474609375, 96.40800476074219, 91.54901123046875)",305,11
6097,doc11_page305_4.png,"(70.84200286865234, 263.593017578125, 445.0680236816406, 499.81903076171875)",305,11
6098,doc11_page305_5.png,"(158.71200561523438, 99.19300842285156, 445.2950134277344, 260.2690124511719)",305,11
6099,doc11_page306_2.png,"(36.821998596191406, 365.77301025390625, 70.87799835205078, 399.8290100097656)",306,11
6100,doc11_page306_7.png,"(229.6020050048828, 56.683013916015625, 428.156982421875, 205.51901245117188)",306,11
6101,doc11_page307_5.png,"(62.35200119018555, 138.43301391601562, 152.0120086669922, 263.17901611328125)",307,11
6102,doc11_page307_6.png,"(218.26199340820312, 467.7130126953125, 445.0979919433594, 633.1090087890625)",307,11
6103,doc11_page308_2.png,"(36.821998596191406, 263.77301025390625, 70.87799835205078, 297.8290100097656)",308,11
6104,doc11_page308_6.png,"(39.46200180053711, 499.4530029296875, 105.26800537109375, 556.6090087890625)",308,11
6105,doc11_page308_7.png,"(101.86199951171875, 522.6430053710938, 105.22489929199219, 526.9990234375)",308,11
6106,doc11_page308_9.png,"(36.821998596191406, 56.683013916015625, 182.0579833984375, 192.55902099609375)",308,11
6107,doc11_page312_8.png,"(238.0919952392578, 423.9730224609375, 428.927978515625, 586.489013671875)",312,11
6108,doc11_page313_2.png,"(62.35200119018555, 149.77304077148438, 96.40800476074219, 183.82904052734375)",313,11
6109,doc11_page313_7.png,"(62.35200119018555, 487.54302978515625, 317.677001953125, 631.1890258789062)",313,11
6110,doc11_page314_2.png,"(200.02200317382812, 470.53302001953125, 429.01800537109375, 633.0490112304688)",314,11
6111,doc11_page315_2.png,"(62.35200119018555, 197.77301025390625, 96.40800476074219, 231.82901000976562)",315,11
6112,doc11_page316_2.png,"(232.4219970703125, 56.68299865722656, 429.0589904785156, 205.06900024414062)",316,11
6113,doc11_page316_4.png,"(231.40199279785156, 467.7130126953125, 428.9989929199219, 587.6290283203125)",316,11
6114,doc11_page317_2.png,"(119.02200317382812, 280.60302734375, 445.1990051269531, 474.3790283203125)",317,11
6115,doc11_page317_3.png,"(62.35200119018555, 476.20306396484375, 374.1479797363281, 607.51904296875)",317,11
6116,doc11_page318_2.png,"(36.821998596191406, 269.77301025390625, 70.87799835205078, 303.8290100097656)",318,11
6117,doc11_page318_5.png,"(36.821998596191406, 437.9530334472656, 70.87799835205078, 472.009033203125)",318,11
6118,doc11_page319_3.png,"(53.832000732421875, 252.25302124023438, 252.31300354003906, 363.8290100097656)",319,11
6119,doc11_page320_2.png,"(36.821998596191406, 398.9530029296875, 70.87799835205078, 433.0090026855469)",320,11
6120,doc11_page321_6.png,"(91.33200073242188, 453.9729919433594, 179.68800354003906, 586.968994140625)",321,11
6121,doc11_page322_2.png,"(36.821998596191406, 545.77294921875, 70.87799835205078, 579.8289794921875)",322,11
6122,doc11_page326_2.png,"(36.821998596191406, 198.4029998779297, 192.76800537109375, 287.53900146484375)",326,11
6123,doc11_page326_4.png,"(36.821998596191406, 476.2030334472656, 285.49798583984375, 631.759033203125)",326,11
6124,doc11_page328_1.png,"(36.821998596191406, 57.493011474609375, 70.87799835205078, 91.54901123046875)",328,11
6125,doc11_page328_5.png,"(36.821998596191406, 335.9230041503906, 70.87799835205078, 369.9490051269531)",328,11
6126,doc11_page329_2.png,"(62.35200119018555, 278.9530029296875, 96.40800476074219, 313.0090026855469)",329,11
6127,doc11_page329_5.png,"(62.35200119018555, 317.4730224609375, 350.38800048828125, 479.509033203125)",329,11
6128,doc11_page329_8.png,"(300.9419860839844, 411.01300048828125, 446.177978515625, 554.8090209960938)",329,11
6129,doc11_page331_1.png,"(62.35200119018555, 264.4330139160156, 96.40800476074219, 298.489013671875)",331,11
6130,doc11_page331_7.png,"(62.35200119018555, 56.683013916015625, 253.06800842285156, 182.29901123046875)",331,11
6131,doc11_page331_8.png,"(265.2720031738281, 56.683021545410156, 446.0039978027344, 182.8690185546875)",331,11
6132,doc11_page332_6.png,"(36.821998596191406, 498.2829895019531, 70.87799835205078, 532.3389892578125)",332,11
6133,doc11_page332_10.png,"(293.62200927734375, 294.79302978515625, 420.37799072265625, 428.26904296875)",332,11
6134,doc11_page333_2.png,"(62.35200119018555, 575.4429931640625, 96.40800476074219, 609.4990234375)",333,11
6135,doc11_page333_4.png,"(53.832000732421875, 447.85302734375, 238.34100341796875, 538.1290283203125)",333,11
6136,doc11_page335_4.png,"(62.35200119018555, 587.1729736328125, 96.40800476074219, 621.22900390625)",335,11
6137,doc11_page335_14.png,"(53.832000732421875, 399.67303466796875, 238.1280059814453, 503.05902099609375)",335,11
6138,doc11_page336_2.png,"(225.76199340820312, 445.03302001953125, 428.6259765625, 586.8489990234375)",336,11
6139,doc11_page337_2.png,"(300.4620056152344, 56.68299865722656, 444.49798583984375, 163.03900146484375)",337,11
6140,doc11_page337_4.png,"(53.832000732421875, 442.18304443359375, 195.76699829101562, 631.1890258789062)",337,11
6141,doc11_page338_1.png,"(36.821998596191406, 57.493011474609375, 70.87799835205078, 91.54901123046875)",338,11
6142,doc11_page338_5.png,"(35.68199920654297, 347.23297119140625, 418.9980163574219, 597.5889892578125)",338,11
6143,doc11_page339_2.png,"(53.832000732421875, 56.68299102783203, 238.1280059814453, 160.3389892578125)",339,11
6144,doc11_page339_4.png,"(53.832000732421875, 470.53302001953125, 280.7539978027344, 598.1290283203125)",339,11
6145,doc11_page340_2.png,"(36.821998596191406, 101.77304077148438, 70.87799835205078, 135.82904052734375)",340,11
6146,doc11_page341_2.png,"(62.35200119018555, 221.77301025390625, 96.40800476074219, 255.82901000976562)",341,11
6147,doc11_page341_6.png,"(62.35200119018555, 463.9330139160156, 96.40800476074219, 497.989013671875)",341,11
6148,doc11_page342_2.png,"(36.821998596191406, 493.2129821777344, 218.77798461914062, 595.2789916992188)",342,11
6149,doc11_page342_3.png,"(238.0919952392578, 493.2129821777344, 419.5820007324219, 595.2789916992188)",342,11
6150,doc11_page342_5.png,"(36.821998596191406, 56.68302917480469, 277.8179931640625, 217.2490234375)",342,11
6151,doc11_page343_2.png,"(62.35200119018555, 206.9530029296875, 96.40800476074219, 241.00900268554688)",343,11
6152,doc11_page344_2.png,"(36.821998596191406, 101.77304077148438, 70.87799835205078, 135.82904052734375)",344,11
6153,doc11_page344_6.png,"(36.821998596191406, 348.1930236816406, 70.87799835205078, 382.2490234375)",344,11
6154,doc11_page344_11.png,"(36.821998596191406, 464.8630065917969, 207.01800537109375, 578.1790161132812)",344,11
6155,doc11_page345_2.png,"(52.75199890136719, 413.8329772949219, 199.6280059814453, 583.458984375)",345,11
6156,doc11_page346_2.png,"(289.12200927734375, 56.68302917480469, 429.1520080566406, 249.46902465820312)",346,11
6157,doc11_page346_4.png,"(36.821998596191406, 328.8130187988281, 419.4179992675781, 611.8090209960938)",346,11
6158,doc11_page347_1.png,"(62.35200119018555, 56.623016357421875, 96.40800476074219, 90.67901611328125)",347,11
6159,doc11_page348_3.png,"(36.821998596191406, 162.64300537109375, 70.87799835205078, 196.69900512695312)",348,11
6160,doc11_page349_3.png,"(62.35200119018555, 271.9630126953125, 96.40800476074219, 306.0190124511719)",349,11
6161,doc11_page350_3.png,"(36.821998596191406, 487.9630432128906, 70.87799835205078, 522.01904296875)",350,11
6162,doc11_page351_6.png,"(82.18199920654297, 419.26300048828125, 370.218017578125, 581.2990112304688)",351,11
6163,doc11_page352_6.png,"(36.821998596191406, 457.0329895019531, 70.87799835205078, 491.0889892578125)",352,11
6164,doc11_page354_4.png,"(36.821998596191406, 170.35299682617188, 70.87799835205078, 204.40899658203125)",354,11
6165,doc11_page355_4.png,"(62.35200119018555, 464.02301025390625, 96.40800476074219, 498.0790100097656)",355,11
6166,doc11_page357_6.png,"(62.35200119018555, 263.53302001953125, 96.40800476074219, 297.5890197753906)",357,11
6167,doc11_page358_4.png,"(36.821998596191406, 525.7630615234375, 70.87799835205078, 559.819091796875)",358,11
6168,doc11_page358_7.png,"(232.4219970703125, 289.1230163574219, 429.01800537109375, 440.3590087890625)",358,11
6169,doc11_page359_4.png,"(62.35200119018555, 56.68303680419922, 229.9080047607422, 162.07904052734375)",359,11
6170,doc11_page359_5.png,"(255.1020050048828, 56.683021545410156, 445.8500061035156, 162.55902099609375)",359,11
6171,doc11_page359_7.png,"(53.832000732421875, 498.88299560546875, 265.3489990234375, 631.0989990234375)",359,11
6172,doc11_page360_1.png,"(36.821998596191406, 57.493011474609375, 70.87799835205078, 91.54901123046875)",360,11
6173,doc11_page360_5.png,"(235.27200317382812, 524.3829956054688, 427.3079833984375, 632.4190063476562)",360,11
6174,doc11_page361_2.png,"(62.35200119018555, 257.77301025390625, 96.40800476074219, 291.8290100097656)",361,11
6175,doc11_page362_2.png,"(36.821998596191406, 274.9630126953125, 70.87799835205078, 308.989013671875)",362,11
6176,doc11_page362_4.png,"(36.821998596191406, 42.493011474609375, 321.25799560546875, 224.92901611328125)",362,11
6177,doc11_page362_6.png,"(73.69200134277344, 325.9630432128906, 361.72802734375, 607.51904296875)",362,11
6178,doc11_page363_2.png,"(62.35200119018555, 518.7130126953125, 232.54800415039062, 632.989013671875)",363,11
6179,doc11_page364_2.png,"(36.821998596191406, 101.77304077148438, 70.87799835205078, 135.82904052734375)",364,11
6180,doc11_page364_6.png,"(36.821998596191406, 462.0429992675781, 246.61801147460938, 587.5989990234375)",364,11
6181,doc11_page364_7.png,"(262.60198974609375, 411.0130310058594, 420.3179931640625, 588.8890380859375)",364,11
6182,doc11_page365_2.png,"(62.35200119018555, 158.95303344726562, 96.40800476074219, 193.009033203125)",365,11
6183,doc11_page365_6.png,"(53.832000732421875, 481.0630187988281, 247.7449951171875, 607.6090087890625)",365,11
6184,doc11_page370_6.png,"(217.58250427246094, 185.20640563964844, 324.80767822265625, 335.4061584472656)",370,11
6185,doc11_page370_7.png,"(350.6904602050781, 236.8916015625, 482.3349914550781, 324.9481506347656)",370,11
6186,doc11_page370_8.png,"(338.5733947753906, 511.72393798828125, 499.9020690917969, 600.4547119140625)",370,11
6187,doc11_page370_9.png,"(730.6641235351562, 495.88818359375, 937.6574096679688, 612.3218994140625)",370,11
6188,doc11_page370_10.png,"(193.10992431640625, 390.4235534667969, 329.23553466796875, 469.07391357421875)",370,11
6189,doc11_page370_12.png,"(36.49898910522461, 392.7398376464844, 168.5162353515625, 529.5804443359375)",370,11
6190,doc11_page370_14.png,"(48.529579162597656, 238.40550231933594, 177.9185791015625, 348.12030029296875)",370,11
6191,doc11_page370_15.png,"(60.3380126953125, 110.4703369140625, 191.06011962890625, 209.480224609375)",370,11
6192,doc11_page370_17.png,"(127.107177734375, 547.1058959960938, 191.5616455078125, 609.4411010742188)",370,11
6193,doc11_page370_21.png,"(377.9448547363281, 83.30292510986328, 520.750732421875, 177.87884521484375)",370,11
6194,doc11_page370_23.png,"(539.4803466796875, 127.40541076660156, 627.0086059570312, 196.1734619140625)",370,11
6195,doc11_page370_26.png,"(661.9107055664062, 343.8880615234375, 777.82275390625, 460.0148010253906)",370,11
6196,doc11_page370_28.png,"(555.0194702148438, 213.7684326171875, 619.3968505859375, 276.1036376953125)",370,11
6197,doc11_page370_30.png,"(521.1356811523438, 538.5606689453125, 652.7559814453125, 619.2877807617188)",370,11
6198,doc11_page370_33.png,"(346.8499450683594, 454.67279052734375, 474.07208251953125, 492.309326171875)",370,11
6199,doc11_page370_35.png,"(494.4121398925781, 306.7783203125, 634.8505859375, 402.0686950683594)",370,11
6200,doc11_page370_36.png,"(744.094482421875, 243.66116333007812, 926.8656616210938, 334.1329040527344)",370,11
6201,doc11_page370_38.png,"(648.0454711914062, 93.42066955566406, 837.6151123046875, 200.474609375)",370,11
6202,doc12_page0_0.png,"(0.0, 356.0, 191.0, 549.0)",0,12
6203,doc12_page0_1.png,"(0.0, 359.0, 188.0, 547.0)",0,12
6204,doc12_page2_7.png,"(145.36361694335938, 527.7052001953125, 201.37042236328125, 583.7120361328125)",2,12
6205,doc12_page3_3.png,"(430.36627197265625, 43.06884765625, 532.8463134765625, 504.5909423828125)",3,12
6206,doc12_page3_6.png,"(474.9940490722656, 574.53125, 541.4740600585938, 641.01123046875)",3,12
6207,doc12_page4_13.png,"(25.455116271972656, 35.18424987792969, 91.93511199951172, 101.66424560546875)",4,12
6208,doc12_page5_13.png,"(351.9751281738281, 41.93586730957031, 534.1351318359375, 174.65582275390625)",5,12
6209,doc12_page6_6.png,"(68.79401397705078, 455.8773193359375, 178.95401000976562, 620.997314453125)",6,12
6210,doc12_page7_4.png,"(353.216552734375, 43.08807373046875, 532.8936767578125, 253.35369873046875)",7,12
6211,doc12_page7_6.png,"(377.05511474609375, 428.2871398925781, 509.05511474609375, 621.0071411132812)",7,12
6212,doc12_page8_9.png,"(33.99401092529297, 335.0785217285156, 213.75399780273438, 525.3984985351562)",8,12
6213,doc12_page8_14.png,"(25.455116271972656, 121.18424987792969, 91.93511199951172, 187.66424560546875)",8,12
6214,doc12_page9_4.png,"(45.33261489868164, 43.03419494628906, 225.09259033203125, 175.99420166015625)",9,12
6215,doc12_page9_6.png,"(353.1907958984375, 43.0714111328125, 532.91943359375, 175.642333984375)",9,12
6216,doc12_page9_9.png,"(353.1907958984375, 404.409912109375, 532.9193725585938, 549.9732666015625)",9,12
6217,doc12_page10_1.png,"(71.43824005126953, 40.4642333984375, 471.7582092285156, 257.1842346191406)",10,12
6218,doc12_page10_11.png,"(34.030975341796875, 520.229248046875, 213.71705627441406, 620.88232421875)",10,12
6219,doc12_page10_13.png,"(33.999046325683594, 309.68890380859375, 213.74899291992188, 419.935546875)",10,12
6220,doc12_page11_1.png,"(33.00957107543945, 467.5147705078125, 547.569580078125, 674.634765625)",11,12
6221,doc12_page11_17.png,"(474.9940490722656, 35.18424987792969, 541.4740600585938, 101.66424560546875)",11,12
6222,doc12_page12_6.png,"(48.514007568359375, 192.4794464111328, 199.2340087890625, 393.35943603515625)",12,12
6223,doc12_page12_8.png,"(57.63401794433594, 43.139137268066406, 190.114013671875, 136.7391357421875)",12,12
6224,doc12_page13_3.png,"(392.05511474609375, 247.97560119628906, 494.05511474609375, 383.3356018066406)",13,12
6225,doc12_page13_9.png,"(353.16802978515625, 43.04447937011719, 532.9421997070312, 178.4151611328125)",13,12
6226,doc12_page13_11.png,"(364.69512939453125, 491.004150390625, 521.4151611328125, 647.004150390625)",13,12
6227,doc12_page14_10.png,"(34.022735595703125, 240.9515380859375, 213.7252655029297, 355.1549987792969)",14,12
6228,doc12_page14_11.png,"(33.970062255859375, 474.9492492675781, 213.77801513671875, 588.82763671875)",14,12
6229,doc12_page14_13.png,"(25.455116271972656, 35.18424987792969, 91.93511199951172, 101.66424560546875)",14,12
6230,doc12_page15_8.png,"(392.26641845703125, 43.14056396484375, 495.2264099121094, 233.9405517578125)",15,12
6231,doc12_page16_10.png,"(64.4740219116211, 43.13093566894531, 183.27401733398438, 198.89093017578125)",16,12
6232,doc12_page16_11.png,"(64.4740219116211, 202.41046142578125, 183.27401733398438, 383.8504638671875)",16,12
6233,doc12_page17_1.png,"(323.2441101074219, 349.8973388671875, 545.484130859375, 516.9373168945312)",17,12
6234,doc12_page17_16.png,"(474.9940490722656, 35.18424987792969, 541.4740600585938, 101.66424560546875)",17,12
6235,doc12_page18_5.png,"(54.394020080566406, 43.126708984375, 193.35400390625, 334.9667053222656)",18,12
6236,doc12_page18_7.png,"(33.96453857421875, 387.60955810546875, 213.7835235595703, 497.56561279296875)",18,12
6237,doc12_page19_9.png,"(377.41510009765625, 474.60186767578125, 508.6950988769531, 646.681884765625)",19,12
6238,doc12_page19_12.png,"(474.9940490722656, 35.18424987792969, 541.4740600585938, 101.66424560546875)",19,12
6239,doc12_page20_4.png,"(34.029502868652344, 181.19622802734375, 213.71856689453125, 324.5625915527344)",20,12
6240,doc12_page21_60.png,"(474.9940490722656, 35.18424987792969, 541.4740600585938, 101.66424560546875)",21,12
6241,doc12_page22_6.png,"(63.034027099609375, 181.4085235595703, 184.71401977539062, 272.6085205078125)",22,12
6242,doc12_page22_8.png,"(63.03402328491211, 360.2578125, 184.71401977539062, 439.2178039550781)",22,12
6243,doc12_page22_9.png,"(63.03401184082031, 443.10455322265625, 184.71401977539062, 524.4645385742188)",22,12
6244,doc12_page22_12.png,"(63.034027099609375, 43.040618896484375, 184.71401977539062, 118.880615234375)",22,12
6245,doc12_page23_7.png,"(353.2375183105469, 528.742431640625, 532.8726806640625, 626.615966796875)",23,12
6246,doc12_page23_11.png,"(353.2276916503906, 270.82244873046875, 532.882568359375, 390.27252197265625)",23,12
6247,doc12_page24_8.png,"(56.07402038574219, 239.83309936523438, 191.67401123046875, 419.11309814453125)",24,12
6248,doc12_page24_14.png,"(25.455116271972656, 35.18424987792969, 91.93511199951172, 101.66424560546875)",24,12
6249,doc12_page25_7.png,"(381.7351379394531, 43.13714599609375, 504.3751220703125, 250.25714111328125)",25,12
6250,doc12_page25_8.png,"(353.1845397949219, 415.319580078125, 532.9256591796875, 550.0652465820312)",25,12
6251,doc12_page26_10.png,"(25.455116271972656, 35.18424987792969, 91.93511199951172, 101.66424560546875)",26,12
6252,doc12_page27_6.png,"(367.3350830078125, 539.6812744140625, 518.7750854492188, 647.9212646484375)",27,12
6253,doc12_page27_8.png,"(353.16046142578125, 342.1949462890625, 532.9497680664062, 387.14227294921875)",27,12
6254,doc12_page27_12.png,"(353.16046142578125, 43.059417724609375, 532.9497680664062, 177.9014892578125)",27,12
6255,doc12_page28_6.png,"(33.962432861328125, 322.2522888183594, 213.78561401367188, 395.0950927734375)",28,12
6256,doc12_page28_13.png,"(25.455116271972656, 35.18424987792969, 91.93511199951172, 101.66424560546875)",28,12
6257,doc12_page29_6.png,"(368.29510498046875, 121.89718627929688, 517.8150634765625, 206.6171875)",29,12
6258,doc12_page29_10.png,"(383.1246337890625, 369.9853210449219, 516.8046264648438, 480.8653259277344)",29,12
6259,doc12_page30_4.png,"(34.0484733581543, 43.125221252441406, 213.69955444335938, 145.47332763671875)",30,12
6260,doc12_page30_9.png,"(25.643146514892578, 621.1371459960938, 92.12313842773438, 687.6171264648438)",30,12
6261,doc12_page30_11.png,"(25.643146514892578, 537.5925903320312, 92.12313842773438, 604.0725708007812)",30,12
6262,doc12_page31_9.png,"(375.1351318359375, 350.8829345703125, 510.9751281738281, 545.52294921875)",31,12
6263,doc12_page31_14.png,"(474.9940490722656, 147.1842498779297, 541.4740600585938, 213.66424560546875)",31,12
6264,doc12_page32_13.png,"(33.988990783691406, 176.11175537109375, 213.75906372070312, 297.96124267578125)",32,12
6265,doc12_page33_8.png,"(353.1647644042969, 254.0418243408203, 532.9454345703125, 485.32598876953125)",33,12
6266,doc12_page34_4.png,"(33.97021484375, 226.26031494140625, 213.77789306640625, 326.9814453125)",34,12
6267,doc12_page34_6.png,"(34.01385498046875, 43.00157165527344, 213.7341766357422, 153.76507568359375)",34,12
6268,doc12_page34_8.png,"(33.916473388671875, 442.4643249511719, 213.83148193359375, 549.7862548828125)",34,12
6269,doc12_page35_11.png,"(353.1774597167969, 323.1513671875, 532.9327392578125, 442.8280334472656)",35,12
6270,doc12_page35_13.png,"(353.22100830078125, 512.8087768554688, 532.8892211914062, 647.3197021484375)",35,12
6271,doc12_page35_16.png,"(474.9940490722656, 35.18424987792969, 541.4740600585938, 101.66424560546875)",35,12
6272,doc12_page36_4.png,"(34.029632568359375, 356.5164794921875, 213.71841430664062, 524.8995361328125)",36,12
6273,doc12_page36_7.png,"(34.075157165527344, 43.04283142089844, 213.67291259765625, 144.26190185546875)",36,12
6274,doc12_page37_10.png,"(353.2364501953125, 271.06781005859375, 532.8738403320312, 408.8619689941406)",37,12
6275,doc12_page37_14.png,"(474.9940490722656, 35.18424987792969, 541.4740600585938, 101.66424560546875)",37,12
6276,doc12_page38_3.png,"(34.036956787109375, 458.41033935546875, 213.7111053466797, 576.5093994140625)",38,12
6277,doc12_page39_9.png,"(353.1606750488281, 315.0323181152344, 532.9495849609375, 431.93109130859375)",39,12
6278,doc12_page39_11.png,"(353.1700439453125, 493.6658020019531, 532.9401245117188, 594.3659057617188)",39,12
6279,doc12_page39_14.png,"(474.9940490722656, 35.18424987792969, 541.4740600585938, 101.66424560546875)",39,12
6280,doc12_page40_6.png,"(49.95402526855469, 412.69378662109375, 197.7940216064453, 647.1737670898438)",40,12
6281,doc12_page41_3.png,"(403.81512451171875, 238.171630859375, 482.29510498046875, 356.0116271972656)",41,12
6282,doc12_page41_5.png,"(353.1551208496094, 418.020263671875, 537.955078125, 561.0602416992188)",41,12
6283,doc12_page41_8.png,"(353.2372131347656, 43.10973358154297, 532.873046875, 148.1978759765625)",41,12
6284,doc12_page42_17.png,"(69.7540283203125, 468.8459167480469, 177.9940185546875, 646.6859130859375)",42,12
6285,doc12_page42_20.png,"(25.455116271972656, 35.18424987792969, 91.93511199951172, 101.66424560546875)",42,12
6286,doc12_page43_4.png,"(353.1939697265625, 496.53643798828125, 532.916259765625, 648.8311767578125)",43,12
6287,doc12_page44_12.png,"(59.43402099609375, 366.59088134765625, 188.3140106201172, 558.5908813476562)",44,12
6288,doc12_page44_15.png,"(25.455116271972656, 35.18424987792969, 91.93511199951172, 101.66424560546875)",44,12
6289,doc12_page45_19.png,"(353.26739501953125, 497.23419189453125, 532.8428344726562, 620.7974853515625)",45,12
6290,doc12_page46_7.png,"(33.9940185546875, 43.06501770019531, 213.7540283203125, 222.8250732421875)",46,12
6291,doc12_page46_9.png,"(33.99401092529297, 535.8033447265625, 213.7540283203125, 659.163330078125)",46,12
6292,doc12_page47_8.png,"(353.1751403808594, 272.78363037109375, 532.9351196289062, 392.5435791015625)",47,12
6293,doc12_page47_10.png,"(379.81512451171875, 463.0389404296875, 506.29510498046875, 647.1189575195312)",47,12
6294,doc12_page47_13.png,"(474.9940490722656, 35.18424987792969, 541.4740600585938, 101.66424560546875)",47,12
6295,doc12_page48_6.png,"(64.35401153564453, 420.57080078125, 183.39401245117188, 594.810791015625)",48,12
6296,doc12_page48_8.png,"(63.034027099609375, 43.115203857421875, 184.71401977539062, 213.51519775390625)",48,12
6297,doc12_page49_5.png,"(45.4217529296875, 341.91253662109375, 327.61761474609375, 398.44793701171875)",49,12
6298,doc12_page49_9.png,"(353.2039794921875, 538.742919921875, 532.90625, 646.9481811523438)",49,12
6299,doc12_page49_16.png,"(474.9940490722656, 35.18424987792969, 541.4740600585938, 101.66424560546875)",49,12
6300,doc12_page50_4.png,"(33.9739990234375, 528.319091796875, 213.7740478515625, 647.2268676757812)",50,12
6301,doc12_page50_8.png,"(33.97401428222656, 43.08514404296875, 213.7740478515625, 309.18914794921875)",50,12
6302,doc12_page51_14.png,"(474.9940490722656, 35.18424987792969, 541.4740600585938, 101.66424560546875)",51,12
6303,doc12_page52_5.png,"(56.794010162353516, 432.37579345703125, 190.95401000976562, 620.2957763671875)",52,12
6304,doc12_page52_7.png,"(34.075225830078125, 43.14167785644531, 521.5152587890625, 228.90167236328125)",52,12
6305,doc12_page53_4.png,"(373.5751037597656, 43.03318786621094, 512.5350952148438, 218.95318603515625)",53,12
6306,doc12_page53_7.png,"(373.69512939453125, 435.1033935546875, 512.4151611328125, 659.9833984375)",53,12
6307,doc12_page54_9.png,"(34.04113006591797, 505.05364990234375, 213.70687866210938, 618.993896484375)",54,12
6308,doc12_page54_10.png,"(34.04114532470703, 329.5616455078125, 213.7069091796875, 415.19671630859375)",54,12
6309,doc12_page54_14.png,"(25.455116271972656, 35.18424987792969, 91.93511199951172, 101.66424560546875)",54,12
6310,doc12_page55_4.png,"(353.17510986328125, 43.02223205566406, 532.9351196289062, 148.3822021484375)",55,12
6311,doc12_page55_5.png,"(353.17510986328125, 259.82232666015625, 532.93505859375, 373.82232666015625)",55,12
6312,doc12_page55_6.png,"(353.1700744628906, 513.9555053710938, 532.9401245117188, 647.8217163085938)",55,12
6313,doc12_page56_9.png,"(34.05220031738281, 535.660888671875, 213.69583129882812, 659.0306396484375)",56,12
6314,doc12_page57_14.png,"(474.9940490722656, 35.18424987792969, 541.4740600585938, 101.66424560546875)",57,12
6315,doc12_page58_9.png,"(33.989532470703125, 507.7339782714844, 213.75851440429688, 621.3229370117188)",58,12
6316,doc12_page60_1.png,"(33.99164581298828, 43.087310791015625, 213.75637817382812, 188.5311279296875)",60,12
6317,doc12_page60_6.png,"(74.90330505371094, 314.78057861328125, 170.1833038330078, 403.1005859375)",60,12
6318,doc12_page60_8.png,"(74.90330505371094, 500.4305419921875, 170.1833038330078, 607.2305297851562)",60,12
6319,doc12_page60_9.png,"(74.90330505371094, 403.0663757324219, 170.1833038330078, 500.5063781738281)",60,12
6320,doc12_page61_21.png,"(474.9940490722656, 35.18424987792969, 541.4740600585938, 101.66424560546875)",61,12
6321,doc12_page62_2.png,"(33.976806640625, 43.12461853027344, 213.77122497558594, 219.7900390625)",62,12
6322,doc12_page62_4.png,"(67.71401977539062, 338.2471008300781, 180.03402709960938, 489.9270935058594)",62,12
6323,doc12_page62_6.png,"(239.16944885253906, 458.3172912597656, 521.6494140625, 609.0372924804688)",62,12
6324,doc12_page63_3.png,"(353.1778564453125, 43.05828857421875, 532.932373046875, 312.69000244140625)",63,12
6325,doc12_page63_5.png,"(353.2113952636719, 492.55047607421875, 532.8988037109375, 646.293701171875)",63,12
6326,doc12_page64_7.png,"(33.991302490234375, 438.1136474609375, 213.75674438476562, 550.3468627929688)",64,12
6327,doc12_page64_9.png,"(25.455116271972656, 35.18424987792969, 91.93511199951172, 101.66424560546875)",64,12
6328,doc12_page65_4.png,"(385.3351135253906, 276.67071533203125, 500.7751159667969, 424.750732421875)",65,12
6329,doc12_page65_11.png,"(44.84718322753906, 463.417724609375, 324.68719482421875, 682.5377197265625)",65,12
6330,doc12_page66_5.png,"(34.017921447753906, 228.2327117919922, 213.73013305664062, 352.35394287109375)",66,12
6331,doc12_page66_7.png,"(33.99421691894531, 474.1360168457031, 213.7538299560547, 587.895751953125)",66,12
6332,doc12_page67_8.png,"(353.1827697753906, 382.5036315917969, 532.9274291992188, 622.0831298828125)",67,12
6333,doc12_page67_11.png,"(474.9940490722656, 35.18424987792969, 541.4740600585938, 101.66424560546875)",67,12
6334,doc12_page68_6.png,"(33.99402618408203, 518.6304321289062, 213.75399780273438, 633.5903930664062)",68,12
6335,doc12_page68_7.png,"(34.114051818847656, 267.04412841796875, 213.63400268554688, 397.36407470703125)",68,12
6336,doc12_page68_12.png,"(34.034400939941406, 43.03199005126953, 213.71365356445312, 138.876953125)",68,12
6337,doc12_page69_3.png,"(353.27642822265625, 355.543212890625, 532.833740234375, 543.2841186523438)",69,12
6338,doc12_page69_5.png,"(353.1898193359375, 43.13047790527344, 532.92041015625, 176.006103515625)",69,12
6339,doc12_page70_8.png,"(33.99402618408203, 368.79327392578125, 213.75399780273438, 503.43328857421875)",70,12
6340,doc12_page70_10.png,"(33.99401092529297, 221.5355682373047, 213.75399780273438, 274.3355712890625)",70,12
6341,doc12_page70_19.png,"(25.455116271972656, 35.18424987792969, 91.93511199951172, 101.66424560546875)",70,12
6342,doc12_page71_3.png,"(353.2903137207031, 530.0143432617188, 532.8198852539062, 635.3799438476562)",71,12
6343,doc12_page71_4.png,"(375.0151062011719, 43.076904296875, 511.0950927734375, 208.1968994140625)",71,12
6344,doc12_page71_10.png,"(375.0151062011719, 269.43243408203125, 511.0950927734375, 460.232421875)",71,12
6345,doc12_page72_5.png,"(71.43402099609375, 284.277099609375, 176.31402587890625, 507.2370910644531)",72,12
6346,doc12_page72_8.png,"(25.835956573486328, 621.2028198242188, 92.31594848632812, 687.6828002929688)",72,12
6347,doc12_page73_18.png,"(474.9940490722656, 35.18424987792969, 541.4740600585938, 101.66424560546875)",73,12
6348,doc12_page74_4.png,"(54.154022216796875, 43.11077880859375, 193.59402465820312, 182.55078125)",74,12
6349,doc12_page74_7.png,"(33.98461151123047, 378.6260986328125, 213.763427734375, 620.015869140625)",74,12
6350,doc12_page75_6.png,"(353.28533935546875, 43.08351135253906, 532.8248291015625, 175.93316650390625)",75,12
6351,doc12_page75_10.png,"(353.1410217285156, 362.5257568359375, 532.96923828125, 602.1366577148438)",75,12
6352,doc12_page76_8.png,"(33.99200439453125, 559.0263061523438, 213.7559051513672, 660.20361328125)",76,12
6353,doc12_page76_13.png,"(25.455116271972656, 35.18424987792969, 91.93511199951172, 101.66424560546875)",76,12
6354,doc12_page77_6.png,"(353.17510986328125, 352.71575927734375, 532.93505859375, 555.7557373046875)",77,12
6355,doc12_page77_10.png,"(353.3006286621094, 43.03466033935547, 532.8095703125, 162.38641357421875)",77,12
6356,doc12_page78_5.png,"(33.98393249511719, 206.7064971923828, 213.76409912109375, 336.9087219238281)",78,12
6357,doc12_page78_10.png,"(33.999053955078125, 486.251953125, 213.74899291992188, 620.944580078125)",78,12
6358,doc12_page79_24.png,"(474.9940490722656, 35.18424987792969, 541.4740600585938, 101.66424560546875)",79,12
6359,doc12_page80_1.png,"(77.07402038574219, 290.7097473144531, 170.67401123046875, 388.3897399902344)",80,12
6360,doc12_page80_6.png,"(77.19401550292969, 463.1346435546875, 170.55401611328125, 633.774658203125)",80,12
6361,doc12_page80_8.png,"(77.07402038574219, 43.07078552246094, 170.67401123046875, 200.99078369140625)",80,12
6362,doc12_page81_4.png,"(353.25079345703125, 43.11102294921875, 532.8594360351562, 346.6375427246094)",81,12
6363,doc12_page81_7.png,"(390.3751220703125, 489.0563659667969, 495.735107421875, 621.7763671875)",81,12
6364,doc12_page82_14.png,"(25.455116271972656, 35.18424987792969, 91.93511199951172, 101.66424560546875)",82,12
6365,doc12_page83_4.png,"(391.69512939453125, 43.10694885253906, 494.4151306152344, 203.18695068359375)",83,12
6366,doc12_page83_6.png,"(353.17529296875, 288.49969482421875, 532.9351806640625, 403.9395751953125)",83,12
6367,doc12_page83_8.png,"(353.17510986328125, 476.283935546875, 532.93505859375, 596.0438842773438)",83,12
6368,doc12_page84_7.png,"(33.97203826904297, 235.04949951171875, 213.77603149414062, 392.01739501953125)",84,12
6369,doc12_page85_12.png,"(353.1650085449219, 548.5118408203125, 532.9451904296875, 649.1117553710938)",85,12
6370,doc12_page85_15.png,"(474.9940490722656, 35.18424987792969, 541.4740600585938, 101.66424560546875)",85,12
6371,doc12_page86_5.png,"(34.061988830566406, 330.00286865234375, 213.68603515625, 500.9703369140625)",86,12
6372,doc12_page87_3.png,"(353.15264892578125, 219.01287841796875, 532.9575805664062, 311.2020263671875)",87,12
6373,doc12_page87_5.png,"(353.181396484375, 524.2293701171875, 532.9288330078125, 658.91943359375)",87,12
6374,doc12_page87_7.png,"(353.17510986328125, 40.19300079345703, 532.9351196289062, 127.072998046875)",87,12
6375,doc12_page88_4.png,"(33.97422790527344, 43.03333282470703, 213.77381896972656, 148.375244140625)",88,12
6376,doc12_page88_5.png,"(34.02019500732422, 156.02574157714844, 213.72784423828125, 239.52142333984375)",88,12
6377,doc12_page89_4.png,"(353.17510986328125, 301.939453125, 532.93505859375, 421.6994323730469)",89,12
6378,doc12_page89_6.png,"(353.15234375, 519.0166625976562, 532.9578857421875, 633.9861450195312)",89,12
6379,doc12_page89_8.png,"(353.2769775390625, 42.98689270019531, 532.833251953125, 206.19805908203125)",89,12
6380,doc12_page90_13.png,"(25.455116271972656, 35.18424987792969, 91.93511199951172, 101.66424560546875)",90,12
6381,doc12_page91_5.png,"(353.1979675292969, 478.9498291015625, 532.9122924804688, 569.408447265625)",91,12
6382,doc12_page92_4.png,"(34.03968048095703, 536.6382446289062, 213.7083740234375, 633.5679321289062)",92,12
6383,doc12_page92_6.png,"(34.02179718017578, 334.580810546875, 213.72622680664062, 436.58172607421875)",92,12
6384,doc12_page92_7.png,"(33.9940185546875, 43.065460205078125, 213.75399780273438, 191.14544677734375)",92,12
6385,doc12_page93_8.png,"(353.1751403808594, 265.40826416015625, 532.9351196289062, 405.3282470703125)",93,12
6386,doc12_page93_11.png,"(353.1700744628906, 513.89697265625, 532.940185546875, 646.8018798828125)",93,12
6387,doc12_page93_13.png,"(474.9940490722656, 35.18424987792969, 541.4740600585938, 101.66424560546875)",93,12
6388,doc12_page94_11.png,"(34.03705596923828, 149.3267822265625, 213.71099853515625, 258.95428466796875)",94,12
6389,doc12_page95_5.png,"(385.8220520019531, 144.38751220703125, 505.8220520019531, 286.947509765625)",95,12
6390,doc12_page95_6.png,"(370.1239013671875, 52.71507263183594, 402.763916015625, 128.0750732421875)",95,12
6391,doc12_page95_7.png,"(412.1385192871094, 40.255523681640625, 517.49853515625, 128.09552001953125)",95,12
6392,doc12_page95_8.png,"(370.5282287597656, 321.1238098144531, 478.2882080078125, 377.2838134765625)",95,12
6393,doc12_page95_9.png,"(488.99224853515625, 306.0259094238281, 516.5922241210938, 377.7859191894531)",95,12
6394,doc12_page95_13.png,"(353.2376708984375, 527.4258422851562, 532.87255859375, 647.0223388671875)",95,12
6395,doc12_page96_8.png,"(33.98335266113281, 250.92037963867188, 213.76470947265625, 454.04681396484375)",96,12
6396,doc12_page96_14.png,"(25.455116271972656, 35.18424987792969, 91.93511199951172, 101.66424560546875)",96,12
6397,doc12_page97_6.png,"(353.17510986328125, 585.8136596679688, 532.9351196289062, 659.49365234375)",97,12
6398,doc12_page97_8.png,"(372.0151062011719, 219.2658233642578, 514.0950927734375, 458.3058166503906)",97,12
6399,doc12_page98_6.png,"(34.075279235839844, 229.3231201171875, 213.67276000976562, 338.9569091796875)",98,12
6400,doc12_page98_8.png,"(33.99402618408203, 474.25390625, 213.75399780273438, 645.8538818359375)",98,12
6401,doc12_page99_60.png,"(474.9940490722656, 35.18424987792969, 541.4740600585938, 101.66424560546875)",99,12
6402,doc12_page100_4.png,"(33.99402618408203, 43.13670349121094, 213.75399780273438, 178.7366943359375)",100,12
6403,doc12_page101_12.png,"(390.3751220703125, 207.65631103515625, 495.735107421875, 383.3363037109375)",101,12
6404,doc12_page102_6.png,"(51.034027099609375, 304.25787353515625, 196.71401977539062, 524.577880859375)",102,12
6405,doc12_page102_11.png,"(25.455116271972656, 35.18424987792969, 91.93511199951172, 101.66424560546875)",102,12
6406,doc12_page103_6.png,"(373.5751037597656, 347.9842834472656, 512.5350952148438, 594.9442749023438)",103,12
6407,doc12_page104_7.png,"(34.00707244873047, 368.46221923828125, 213.740966796875, 468.60650634765625)",104,12
6408,doc12_page104_8.png,"(33.94542694091797, 504.16741943359375, 213.80264282226562, 633.703125)",104,12
6409,doc12_page105_4.png,"(381.3751220703125, 433.2814636230469, 504.735107421875, 618.8014526367188)",105,12
6410,doc12_page105_6.png,"(353.25634765625, 43.084312438964844, 532.8538818359375, 153.92022705078125)",105,12
6411,doc12_page105_8.png,"(353.19476318359375, 221.420654296875, 532.9154663085938, 333.5953369140625)",105,12
6412,doc12_page106_8.png,"(33.999977111816406, 274.414794921875, 213.748046875, 403.8719177246094)",106,12
6413,doc12_page106_13.png,"(25.455116271972656, 35.18424987792969, 91.93511199951172, 101.66424560546875)",106,12
6414,doc12_page107_3.png,"(353.1801452636719, 43.01496887207031, 532.9301147460938, 168.360595703125)",107,12
6415,doc12_page107_5.png,"(353.17510986328125, 234.2808074951172, 532.9351196289062, 448.3608093261719)",107,12
6416,doc12_page108_4.png,"(59.914024353027344, 43.08673095703125, 187.83401489257812, 228.36672973632812)",108,12
6417,doc12_page108_11.png,"(26.89617919921875, 315.28558349609375, 228.01617431640625, 458.0855712890625)",108,12
6418,doc12_page108_14.png,"(25.823139190673828, 621.1934814453125, 92.30313110351562, 687.6734619140625)",108,12
6419,doc12_page108_16.png,"(25.823139190673828, 537.5925903320312, 92.30313110351562, 604.0725708007812)",108,12
6420,doc12_page109_92.png,"(474.9940490722656, 162.18421936035156, 541.4740600585938, 228.66421508789062)",109,12
6421,doc12_page110_1.png,"(33.99401092529297, 211.76588439941406, 213.7540283203125, 391.7658996582031)",110,12
6422,doc12_page111_3.png,"(353.0907287597656, 43.00184631347656, 533.01953125, 260.40576171875)",111,12
6423,doc12_page111_6.png,"(353.24664306640625, 428.16900634765625, 532.8635864257812, 607.7859497070312)",111,12
6424,doc12_page112_8.png,"(33.99402618408203, 261.7703857421875, 213.7540283203125, 351.0503845214844)",112,12
6425,doc12_page112_10.png,"(33.93657684326172, 501.154541015625, 213.81143188476562, 634.0220947265625)",112,12
6426,doc12_page112_13.png,"(25.455116271972656, 35.18424987792969, 91.93511199951172, 101.66424560546875)",112,12
6427,doc12_page113_4.png,"(353.1751403808594, 43.11773681640625, 532.9351196289062, 199.59771728515625)",113,12
6428,doc12_page114_5.png,"(33.99402618408203, 43.12287521362305, 213.7540283203125, 92.3228759765625)",114,12
6429,doc12_page114_7.png,"(33.99402618408203, 596.0838623046875, 213.7540283203125, 647.203857421875)",114,12
6430,doc12_page115_9.png,"(353.2563781738281, 509.5699768066406, 532.8538818359375, 647.5739135742188)",115,12
6431,doc12_page115_12.png,"(474.9940490722656, 35.18424987792969, 541.4740600585938, 101.66424560546875)",115,12
6432,doc12_page116_6.png,"(33.996315002441406, 214.721923828125, 213.751708984375, 444.15606689453125)",116,12
6433,doc12_page117_1.png,"(353.190185546875, 43.0977783203125, 532.9200439453125, 263.9706115722656)",117,12
6434,doc12_page117_8.png,"(353.17510986328125, 485.10821533203125, 532.9351196289062, 627.42822265625)",117,12
6435,doc12_page118_11.png,"(25.455116271972656, 35.18424987792969, 91.93511199951172, 101.66424560546875)",118,12
6436,doc12_page120_5.png,"(34.11399841308594, 273.69073486328125, 213.63401794433594, 425.6107177734375)",120,12
6437,doc12_page120_7.png,"(33.9940185546875, 43.096221923828125, 213.7540283203125, 207.4962158203125)",120,12
6438,doc12_page120_9.png,"(47.07402038574219, 492.97515869140625, 200.67401123046875, 646.5751342773438)",120,12
6439,doc12_page121_8.png,"(353.1685485839844, 380.20709228515625, 532.9417114257812, 460.4801025390625)",121,12
6440,doc12_page121_15.png,"(474.9940490722656, 35.18424987792969, 541.4740600585938, 101.66424560546875)",121,12
6441,doc12_page122_8.png,"(53.626914978027344, 435.0063171386719, 183.7069091796875, 654.8463134765625)",122,12
6442,doc12_page122_17.png,"(80.08914947509766, 43.1353759765625, 179.92913818359375, 276.6553649902344)",122,12
6443,doc12_page123_5.png,"(376.5751037597656, 259.2899169921875, 509.53509521484375, 436.169921875)",123,12
6444,doc12_page124_7.png,"(34.01575469970703, 309.97747802734375, 213.73226928710938, 489.6940002441406)",124,12
6445,doc12_page125_13.png,"(353.2330322265625, 220.21600341796875, 532.877197265625, 356.9960021972656)",125,12
6446,doc12_page125_16.png,"(474.9940490722656, 35.18424987792969, 541.4740600585938, 101.66424560546875)",125,12
6447,doc12_page126_8.png,"(33.98309326171875, 499.9538879394531, 213.764892578125, 633.94677734375)",126,12
6448,doc12_page127_4.png,"(388.2151184082031, 43.07020568847656, 497.8951110839844, 207.710205078125)",127,12
6449,doc12_page128_3.png,"(34.065834045410156, 528.0588989257812, 213.68218994140625, 647.1602172851562)",128,12
6450,doc12_page128_5.png,"(33.99403381347656, 43.057960510253906, 213.75401306152344, 155.617919921875)",128,12
6451,doc12_page128_7.png,"(34.024864196777344, 260.1701354980469, 213.72320556640625, 392.6554870605469)",128,12
6452,doc12_page129_9.png,"(353.1744384765625, 532.6047973632812, 532.9358520507812, 646.4536743164062)",129,12
6453,doc12_page129_12.png,"(474.9940490722656, 35.18424987792969, 541.4740600585938, 101.66424560546875)",129,12
6454,doc12_page130_20.png,"(34.0533447265625, 47.805145263671875, 213.69468688964844, 213.479736328125)",130,12
6455,doc12_page130_22.png,"(34.05073547363281, 450.2276611328125, 213.69732666015625, 620.228759765625)",130,12
6456,doc12_page131_3.png,"(45.334686279296875, 417.7308044433594, 327.5746765136719, 586.4508056640625)",131,12
6457,doc12_page132_9.png,"(50.67402648925781, 362.41595458984375, 197.0740203857422, 607.2159423828125)",132,12
6458,doc12_page132_12.png,"(25.455116271972656, 35.18424987792969, 91.93511199951172, 101.66424560546875)",132,12
6459,doc12_page133_7.png,"(353.2474365234375, 355.63177490234375, 532.86279296875, 573.9593505859375)",133,12
6460,doc12_page133_9.png,"(353.17510986328125, 43.12834167480469, 532.9351196289062, 141.04833984375)",133,12
6461,doc12_page134_6.png,"(68.79403686523438, 43.140296936035156, 178.95404052734375, 135.30029296875)",134,12
6462,doc12_page134_7.png,"(68.79402160644531, 210.43524169921875, 178.95401000976562, 316.9952392578125)",134,12
6463,doc12_page134_8.png,"(34.038551330566406, 398.907470703125, 213.70950317382812, 545.2349243164062)",134,12
6464,doc12_page134_11.png,"(25.523120880126953, 621.77587890625, 92.00311279296875, 688.255859375)",134,12
6465,doc12_page135_10.png,"(353.242919921875, 259.22235107421875, 532.8673095703125, 441.01092529296875)",135,12
6466,doc12_page135_13.png,"(474.9940490722656, 35.18424987792969, 541.4740600585938, 101.66424560546875)",135,12
6467,doc12_page136_7.png,"(63.06330490112305, 364.75634765625, 190.02330017089844, 533.9563598632812)",136,12
6468,doc12_page137_8.png,"(380.29510498046875, 421.45587158203125, 505.8150939941406, 550.5758666992188)",137,12
6469,doc12_page137_12.png,"(474.9940490722656, 35.18424987792969, 541.4740600585938, 101.66424560546875)",137,12
6470,doc12_page138_6.png,"(33.99402618408203, 493.31256103515625, 213.75399780273438, 621.2325439453125)",138,12
6471,doc12_page138_8.png,"(34.03082275390625, 288.1590270996094, 213.7172088623047, 406.5124816894531)",138,12
6472,doc12_page138_9.png,"(52.954036712646484, 43.384674072265625, 194.79403686523438, 209.22467041015625)",138,12
6473,doc12_page139_13.png,"(382.3351135253906, 43.07685852050781, 503.7751159667969, 204.83685302734375)",139,12
6474,doc12_page140_3.png,"(34.03141784667969, 484.7326354980469, 213.7166290283203, 593.9389038085938)",140,12
6475,doc12_page141_10.png,"(402.255126953125, 476.96270751953125, 483.8551330566406, 614.002685546875)",141,12
6476,doc12_page141_17.png,"(474.9940490722656, 35.18424987792969, 541.4740600585938, 101.66424560546875)",141,12
6477,doc12_page142_2.png,"(63.994022369384766, 43.13739013671875, 183.75401306152344, 224.577392578125)",142,12
6478,doc12_page142_4.png,"(60.51402282714844, 399.924072265625, 187.2340087890625, 626.4840698242188)",142,12
6479,doc12_page143_4.png,"(370.3351135253906, 43.0267333984375, 515.775146484375, 178.146728515625)",143,12
6480,doc12_page143_5.png,"(353.17510986328125, 276.2047119140625, 532.9351196289062, 362.12469482421875)",143,12
6481,doc12_page143_8.png,"(374.5351257324219, 439.6027526855469, 511.57513427734375, 647.4427490234375)",143,12
6482,doc12_page144_7.png,"(33.97761535644531, 432.83856201171875, 213.7704315185547, 647.049560546875)",144,12
6483,doc12_page144_9.png,"(25.455116271972656, 35.18424987792969, 91.93511199951172, 101.66424560546875)",144,12
6484,doc12_page145_1.png,"(353.17510986328125, 485.8435363769531, 532.9351196289062, 620.7235717773438)",145,12
6485,doc12_page146_3.png,"(33.99402618408203, 455.34765625, 213.75399780273438, 609.9075927734375)",146,12
6486,doc12_page146_5.png,"(33.9940185546875, 43.143798828125, 213.7540283203125, 284.1037902832031)",146,12
6487,doc12_page146_7.png,"(239.23292541503906, 43.0465087890625, 521.5859375, 220.14788818359375)",146,12
6488,doc12_page147_7.png,"(383.6551208496094, 258.55694580078125, 502.4551086425781, 377.8369445800781)",147,12
6489,doc12_page147_12.png,"(474.9940490722656, 35.18424987792969, 541.4740600585938, 101.66424560546875)",147,12
6490,doc12_page148_3.png,"(61.834022521972656, 43.08624267578125, 185.9140167236328, 223.32623291015625)",148,12
6491,doc12_page149_6.png,"(353.20916748046875, 43.09400177001953, 532.9010620117188, 157.59649658203125)",149,12
6492,doc12_page149_10.png,"(353.1366882324219, 508.04486083984375, 532.9735107421875, 615.1765747070312)",149,12
6493,doc12_page150_6.png,"(33.99401092529297, 409.191650390625, 213.7540283203125, 621.1116943359375)",150,12
6494,doc12_page150_24.png,"(25.455116271972656, 35.18424987792969, 91.93511199951172, 101.66424560546875)",150,12
6495,doc12_page151_4.png,"(353.1650390625, 300.38079833984375, 532.9451904296875, 619.5086059570312)",151,12
6496,doc12_page152_7.png,"(30.96961212158203, 529.03955078125, 216.7296142578125, 633.4395751953125)",152,12
6497,doc12_page152_9.png,"(33.99553680419922, 319.02935791015625, 213.75250244140625, 397.7181396484375)",152,12
6498,doc12_page153_12.png,"(474.9940490722656, 35.18424987792969, 541.4740600585938, 101.66424560546875)",153,12
6499,doc12_page154_7.png,"(33.9940185546875, 43.05192565917969, 213.75401306152344, 243.69192504882812)",154,12
6500,doc12_page154_9.png,"(34.02717590332031, 484.41705322265625, 213.7208709716797, 600.37939453125)",154,12
6501,doc12_page155_8.png,"(353.17510986328125, 290.93548583984375, 532.9351196289062, 594.5355224609375)",155,12
6502,doc12_page156_11.png,"(239.2100830078125, 581.9508056640625, 521.6088256835938, 679.130615234375)",156,12
6503,doc12_page156_14.png,"(25.455116271972656, 35.18424987792969, 91.93511199951172, 101.66424560546875)",156,12
6504,doc12_page157_6.png,"(401.6551208496094, 409.03466796875, 484.4551086425781, 649.274658203125)",157,12
6505,doc12_page158_4.png,"(65.79402923583984, 43.1766357421875, 181.9540252685547, 357.8166198730469)",158,12
6506,doc12_page159_3.png,"(353.2378845214844, 297.3666687011719, 532.872314453125, 569.583740234375)",159,12
6507,doc12_page159_5.png,"(353.29510498046875, 43.07688903808594, 532.8150634765625, 184.67681884765625)",159,12
6508,doc12_page160_6.png,"(47.074012756347656, 207.76052856445312, 200.67401123046875, 588.4005126953125)",160,12
6509,doc12_page161_7.png,"(353.2401123046875, 431.49761962890625, 532.8701171875, 627.7645263671875)",161,12
6510,doc12_page161_11.png,"(474.9940490722656, 35.18424987792969, 541.4740600585938, 101.66424560546875)",161,12
6511,doc12_page162_4.png,"(239.18179321289062, 42.65403747558594, 521.6371459960938, 183.8817138671875)",162,12
6512,doc12_page162_11.png,"(72.15402221679688, 346.2558898925781, 175.59402465820312, 501.77587890625)",162,12
6513,doc12_page163_4.png,"(353.17510986328125, 43.04920959472656, 532.9351196289062, 135.689208984375)",163,12
6514,doc12_page164_9.png,"(33.938026428222656, 353.7279052734375, 213.80996704101562, 647.2789306640625)",164,12
6515,doc12_page165_5.png,"(353.21112060546875, 294.2378234863281, 532.899169921875, 595.7279052734375)",165,12
6516,doc12_page165_8.png,"(474.9940490722656, 35.18424987792969, 541.4740600585938, 101.66424560546875)",165,12
6517,doc12_page166_9.png,"(33.98393249511719, 426.0076904296875, 213.76409912109375, 621.6720581054688)",166,12
6518,doc12_page167_5.png,"(353.17510986328125, 43.05982208251953, 532.9351196289062, 129.9398193359375)",167,12
6519,doc12_page167_7.png,"(374.7751159667969, 409.18572998046875, 511.3351135253906, 648.2257080078125)",167,12
6520,doc12_page168_15.png,"(25.455116271972656, 35.18424987792969, 91.93511199951172, 101.66424560546875)",168,12
6521,doc12_page169_4.png,"(45.41645812988281, 493.53564453125, 327.6229248046875, 679.1091918945312)",169,12
6522,doc12_page169_5.png,"(366.6151123046875, 43.06956481933594, 519.4951171875, 250.4295654296875)",169,12
6523,doc12_page169_8.png,"(383.05511474609375, 355.9092102050781, 503.05511474609375, 589.42919921875)",169,12
6524,doc12_page170_4.png,"(55.714019775390625, 40.98040771484375, 192.0340118408203, 130.98040771484375)",170,12
6525,doc12_page170_6.png,"(62.07402420043945, 225.1036834716797, 185.6740264892578, 428.1436767578125)",170,12
6526,doc12_page170_8.png,"(61.1140251159668, 489.12432861328125, 186.63401794433594, 660.0043334960938)",170,12
6527,doc12_page171_7.png,"(353.16064453125, 288.16839599609375, 532.9495849609375, 379.99090576171875)",171,12
6528,doc12_page171_9.png,"(376.81512451171875, 459.12353515625, 509.29510498046875, 635.7635498046875)",171,12
6529,doc12_page171_12.png,"(474.9940490722656, 35.18424987792969, 541.4740600585938, 101.66424560546875)",171,12
6530,doc12_page172_7.png,"(50.914024353027344, 431.34136962890625, 196.83401489257812, 594.5413818359375)",172,12
6531,doc12_page173_4.png,"(380.6551208496094, 475.1910400390625, 505.4551086425781, 600.9510498046875)",173,12
6532,doc12_page173_9.png,"(376.4551086425781, 43.06927490234375, 509.65509033203125, 272.749267578125)",173,12
6533,doc12_page174_8.png,"(33.99402618408203, 250.255859375, 213.75399780273438, 367.3758544921875)",174,12
6534,doc12_page174_10.png,"(33.959922790527344, 483.24212646484375, 213.78811645507812, 660.4293212890625)",174,12
6535,doc12_page174_13.png,"(25.455116271972656, 35.18424987792969, 91.93511199951172, 101.66424560546875)",174,12
6536,doc12_page175_6.png,"(353.17510986328125, 43.141326904296875, 532.9351196289062, 196.74127197265625)",175,12
6537,doc12_page175_8.png,"(353.093994140625, 442.84722900390625, 533.0162963867188, 557.8242797851562)",175,12
6538,doc12_page175_14.png,"(474.8725891113281, 621.0880126953125, 541.3526000976562, 687.5679931640625)",175,12
6539,doc12_page176_9.png,"(34.06340026855469, 416.92169189453125, 213.68463134765625, 634.1044921875)",176,12
6540,doc12_page176_12.png,"(25.455116271972656, 35.18424987792969, 91.93511199951172, 101.66424560546875)",176,12
6541,doc12_page177_4.png,"(389.3060607910156, 154.16929626464844, 496.80419921875, 335.46856689453125)",177,12
6542,doc12_page177_5.png,"(353.19683837890625, 407.2356262207031, 532.9133911132812, 526.0313110351562)",177,12
6543,doc12_page178_3.png,"(66.61219024658203, 262.00567626953125, 181.1358642578125, 447.015869140625)",178,12
6544,doc12_page179_4.png,"(353.17510986328125, 326.19073486328125, 532.93505859375, 577.2307739257812)",179,12
6545,doc12_page180_8.png,"(33.99402618408203, 308.54266357421875, 213.75399780273438, 464.78265380859375)",180,12
6546,doc12_page180_11.png,"(25.455116271972656, 35.18424987792969, 91.93511199951172, 101.66424560546875)",180,12
6547,doc12_page181_4.png,"(372.4951171875, 460.1168212890625, 513.6151123046875, 633.8768310546875)",181,12
6548,doc12_page181_6.png,"(353.1620788574219, 43.128273010253906, 532.9481201171875, 147.92340087890625)",181,12
6549,doc12_page182_7.png,"(33.99402618408203, 166.9570770263672, 213.7540283203125, 421.59710693359375)",182,12
6550,doc12_page183_3.png,"(364.93511962890625, 43.0743408203125, 521.1751098632812, 244.1943359375)",183,12
6551,doc12_page183_5.png,"(353.256103515625, 524.3002319335938, 532.8541259765625, 633.4535522460938)",183,12
6552,doc12_page184_8.png,"(66.03402709960938, 306.3809814453125, 181.71401977539062, 455.42095947265625)",184,12
6553,doc12_page184_10.png,"(66.03402709960938, 535.3809814453125, 181.71401977539062, 634.02099609375)",184,12
6554,doc12_page184_13.png,"(25.455116271972656, 35.18424987792969, 91.93511199951172, 101.66424560546875)",184,12
6555,doc12_page186_6.png,"(53.19402313232422, 276.7694091796875, 194.55401611328125, 404.44940185546875)",186,12
6556,doc12_page187_7.png,"(379.3351135253906, 209.59967041015625, 506.7751159667969, 343.9996643066406)",187,12
6557,doc12_page187_14.png,"(474.9940490722656, 35.18424987792969, 541.4740600585938, 101.66424560546875)",187,12
6558,doc12_page188_5.png,"(34.030914306640625, 43.09808349609375, 213.71713256835938, 177.86273193359375)",188,12
6559,doc12_page188_7.png,"(34.01576232910156, 279.8433837890625, 213.73226928710938, 414.7505798339844)",188,12
6560,doc12_page188_9.png,"(34.033241271972656, 533.0374145507812, 213.71481323242188, 632.9943237304688)",188,12
6561,doc12_page189_6.png,"(353.17510986328125, 43.04042053222656, 532.9351196289062, 177.92041015625)",189,12
6562,doc12_page189_11.png,"(353.22869873046875, 454.86541748046875, 532.8814697265625, 569.4301147460938)",189,12
6563,doc12_page189_14.png,"(474.9940490722656, 594.53125, 541.4740600585938, 661.01123046875)",189,12
6564,doc12_page190_5.png,"(34.02997589111328, 545.9959106445312, 213.71807861328125, 634.0358276367188)",190,12
6565,doc12_page190_8.png,"(34.042694091796875, 277.875732421875, 122.12268829345703, 363.79571533203125)",190,12
6566,doc12_page190_9.png,"(125.35844421386719, 278.875732421875, 213.67843627929688, 364.79571533203125)",190,12
6567,doc12_page190_11.png,"(33.91190719604492, 424.9188537597656, 218.47190856933594, 502.1988525390625)",190,12
6568,doc12_page190_13.png,"(25.455116271972656, 35.25505065917969, 91.93511199951172, 101.73504638671875)",190,12
6569,doc12_page190_15.png,"(128.06927490234375, 35.25505065917969, 194.5492706298828, 101.73504638671875)",190,12
6570,doc12_page190_17.png,"(25.455116271972656, 142.1920623779297, 91.93511199951172, 208.67205810546875)",190,12
6571,doc12_page190_19.png,"(128.06927490234375, 142.1920623779297, 194.5492706298828, 208.67205810546875)",190,12
6572,doc12_page191_4.png,"(391.81512451171875, 319.72381591796875, 494.29510498046875, 446.6838073730469)",191,12
6573,doc12_page191_6.png,"(391.69512939453125, 529.9010620117188, 494.4151306152344, 634.06103515625)",191,12
6574,doc12_page191_8.png,"(391.69512939453125, 43.06562805175781, 494.4151306152344, 238.66561889648438)",191,12
6575,doc12_page193_0.png,"(0.0, 0.0, 0.0, 0.0)",193,12
6576,doc12_page193_1.png,"(0.0, 0.0, 0.0, 0.0)",193,12
6577,doc12_page193_2.png,"(0.0, 0.0, 0.0, 0.0)",193,12
6578,doc12_page193_3.png,"(0.0, 0.0, 0.0, 0.0)",193,12
6579,doc12_page193_9.png,"(271.6067199707031, 641.007568359375, 334.26953125, 703.6703491210938)",193,12
